-- phpMyAdmin SQL Dump
-- version 5.2.1
-- https://www.phpmyadmin.net/
--
-- Máy chủ: localhost:3307
-- Thời gian đã tạo: Th10 14, 2024 lúc 11:19 AM
-- Phiên bản máy phục vụ: 8.0.30
-- Phiên bản PHP: 8.1.10

SET SQL_MODE = "NO_AUTO_VALUE_ON_ZERO";
START TRANSACTION;
SET time_zone = "+00:00";


/*!40101 SET @OLD_CHARACTER_SET_CLIENT=@@CHARACTER_SET_CLIENT */;
/*!40101 SET @OLD_CHARACTER_SET_RESULTS=@@CHARACTER_SET_RESULTS */;
/*!40101 SET @OLD_COLLATION_CONNECTION=@@COLLATION_CONNECTION */;
/*!40101 SET NAMES utf8mb4 */;

--
-- Cơ sở dữ liệu: `project_sell`
--

-- --------------------------------------------------------

--
-- Cấu trúc bảng cho bảng `authority`
--

CREATE TABLE `authority` (
  `name` varchar(255) NOT NULL
) ENGINE=InnoDB DEFAULT CHARSET=utf8mb4 COLLATE=utf8mb4_0900_ai_ci;

--
-- Đang đổ dữ liệu cho bảng `authority`
--

INSERT INTO `authority` (`name`) VALUES
('ROLE_ADMIN'),
('ROLE_USER');

-- --------------------------------------------------------

--
-- Cấu trúc bảng cho bảng `banner`
--

CREATE TABLE `banner` (
  `id` bigint NOT NULL,
  `banner_type` int DEFAULT NULL,
  `id_product` bigint DEFAULT NULL,
  `image` varchar(255) DEFAULT NULL,
  `link_web` varchar(255) DEFAULT NULL,
  `page_name` varchar(255) DEFAULT NULL
) ENGINE=InnoDB DEFAULT CHARSET=utf8mb4 COLLATE=utf8mb4_0900_ai_ci;

--
-- Đang đổ dữ liệu cho bảng `banner`
--

INSERT INTO `banner` (`id`, `banner_type`, `id_product`, `image`, `link_web`, `page_name`) VALUES
(1, 0, 12, 'http://res.cloudinary.com/dxqh3xpza/image/upload/v1728089849/ceg8bdb0k7573w6coyjq.webp', 'detail?id=12', 'index'),
(2, 0, 14, 'http://res.cloudinary.com/dxqh3xpza/image/upload/v1728089865/rsdorl6ebsn5biakhjkx.webp', 'detail?id=14', 'index'),
(3, 0, 11, 'http://res.cloudinary.com/dxqh3xpza/image/upload/v1728089873/fpp7psdepmwzcotjxdc1.webp', 'detail?id=12', 'index'),
(4, 1, 11, 'http://res.cloudinary.com/dxqh3xpza/image/upload/v1711763043/z57i5aoa4ojmjldcdaqa.jpg', 'detail?id=11', 'index'),
(5, 1, NULL, 'http://res.cloudinary.com/dxqh3xpza/image/upload/v1711763435/ryhe1nj19pfujvv5ekhp.webp', 'blogdetail?id=1', 'ALL');

-- --------------------------------------------------------

--
-- Cấu trúc bảng cho bảng `blog`
--

CREATE TABLE `blog` (
  `id` bigint NOT NULL,
  `content` longtext CHARACTER SET utf8mb4 COLLATE utf8mb4_0900_ai_ci,
  `created_date` date DEFAULT NULL,
  `description` longtext CHARACTER SET utf8mb4 COLLATE utf8mb4_0900_ai_ci,
  `image_banner` varchar(255) DEFAULT NULL,
  `primary_blog` bit(1) DEFAULT NULL,
  `title` varchar(255) DEFAULT NULL,
  `user_id` bigint DEFAULT NULL
) ENGINE=InnoDB DEFAULT CHARSET=utf8mb4 COLLATE=utf8mb4_0900_ai_ci;

--
-- Đang đổ dữ liệu cho bảng `blog`
--

INSERT INTO `blog` (`id`, `content`, `created_date`, `description`, `image_banner`, `primary_blog`, `title`, `user_id`) VALUES
(1, '<p>Nhờ thiết kế s&agrave;nh điệu c&ugrave;ng khả năng hack d&aacute;ng si&ecirc;u đỉnh, quần short cạp cao đ&atilde; trở th&agrave;nh must-have-item của bất cứ c&ocirc; g&aacute;i n&agrave;o, nhất l&agrave; &ldquo;nấm l&ugrave;n&rdquo;. Dưới đ&acirc;y,&nbsp;<strong>YODY</strong>&nbsp;sẽ chia sẻ c&aacute;c&nbsp;<a href=\"https://yody.vn/mix-do-voi-quan-short-cap-cao\"><strong>c&aacute;ch mix đồ với quần short cạp cao</strong></a>&nbsp;chuẩn thời trang, hợp mốt nhất.</p>\n<p>Quần short cạp cao hiện nay l&agrave; một m&oacute;n đồ thời trang được ph&aacute;i nữ ưa chuộng kh&ocirc;ng chỉ bởi vẻ đẹp thời trang m&agrave; n&oacute; mang lại m&agrave; c&ograve;n v&igrave; những lợi &iacute;ch v&agrave; phong c&aacute;ch ri&ecirc;ng.</p>\n<p>Điểm đặc biệt của quần short cạp cao ch&iacute;nh l&agrave; thiết kế &ocirc;m s&aacute;t ở v&ugrave;ng eo. Cạp quần được thiết kế cao gi&uacute;p che điểm khuyết điểm v&agrave; t&ocirc;n vẻ đẹp của d&aacute;ng người, đặc biệt ph&ugrave; hợp cho những người kh&ocirc;ng c&oacute; chiều cao l&yacute; tưởng. Điều n&agrave;y gi&uacute;p họ tr&ocirc;ng cao r&aacute;o v&agrave; thanh mảnh hơn.</p>\n<p>Ngo&agrave;i ra, quần short cạp cao cũng mang lại cảm gi&aacute;c thoải m&aacute;i v&agrave; linh hoạt khi di chuyển. Bạn kh&ocirc;ng cần phải lo lắng về việc quần sẽ tụt xuống hoặc k&iacute;n ch&acirc;n, c&oacute; thể tự do vận động m&agrave; vẫn duy tr&igrave; được phong c&aacute;ch thời trang trẻ trung v&agrave; thời thượng.</p>\n<p>&nbsp;</p>\n<p dir=\"ltr\"><img src=\"https://bizweb.dktcdn.net/100/438/408/files/mix-do-voi-quan-short-cap-cao-yodyvn.jpg?v=1690875621634\" alt=\"mix đồ với quần short cạp cao\" data-thumb=\"original\"></p>\n<p dir=\"ltr\"><em>Quần short cạp cao hack d&aacute;ng cực đỉnh</em></p>\n<p dir=\"ltr\">Với sự đa dạng về kiểu d&aacute;ng, m&agrave;u sắc v&agrave; chất liệu, quần short cạp cao ph&ugrave; hợp với nhiều t&igrave;nh huống kh&aacute;c nhau. Ph&aacute;i nữ c&oacute; thể kết hợp với &aacute;o croptop, &aacute;o ph&ocirc;ng hoặc &aacute;o sơ mi để tạo n&ecirc;n vẻ ngoại h&igrave;nh c&aacute; t&iacute;nh, thanh lịch hoặc năng động, t&ugrave;y thuộc v&agrave;o sở th&iacute;ch v&agrave; t&iacute;nh c&aacute;ch c&aacute; nh&acirc;n. Dưới đ&acirc;y l&agrave; tổng hợp 20 c&aacute;ch&nbsp;<strong>mix đồ với quần short cạp cao đẹp</strong>&nbsp;v&agrave; được mix &amp; match nhiều nhất hiện nay.</p>\n<h2 id=\"1-mix-quan-short-cap-cao-voi-ao-thun-basic\" dir=\"ltr\">1. Mix quần short cạp cao với &aacute;o thun basic</h2>\n<p dir=\"ltr\"><img src=\"https://bizweb.dktcdn.net/100/438/408/files/mix-do-voi-quan-short-cap-cao-yodyvn1.jpg?v=1690875654687\" alt=\"mix đồ với quần short cạp cao\" data-thumb=\"original\"></p>\n<p dir=\"ltr\"><em>Bản phối basic &aacute;o thun, quần short cạp cao</em></p>\n<p dir=\"ltr\">Quần short cạp cao mặc với &aacute;o g&igrave;? Bộ trang phục quần short cạp cao kết hợp c&ugrave;ng &aacute;o thun l&agrave; một sự lựa chọn ho&agrave;n hảo v&agrave; phổ biến trong m&ugrave;a h&egrave;, đặc biệt được ưa chuộng bởi giới trẻ. Outfit n&agrave;y vừa tiện dụng, thoải m&aacute;i m&agrave; vẫn mang đến phong c&aacute;ch thời trang. Điều th&uacute; vị l&agrave; bạn c&oacute; thể thể hiện c&aacute; t&iacute;nh trẻ trung v&agrave; nổi bật th&ocirc;ng qua việc chọn &aacute;o thun in h&igrave;nh độc đ&aacute;o. T&ugrave;y v&agrave;o sở th&iacute;ch v&agrave; phong c&aacute;ch c&aacute; nh&acirc;n, bạn cũng c&oacute; thể lựa chọn những chiếc &aacute;o thun trơn với m&agrave;u sắc trung t&iacute;nh, tạo n&ecirc;n vẻ ngo&agrave;i cơ bản nhưng kh&ocirc;ng k&eacute;m phần ấn tượng.</p>\n<h2 id=\"2-phoi-ao-croptop-voi-quan-short-cap-cao\" dir=\"ltr\">2. Phối &aacute;o croptop với quần short cạp cao</h2>\n<p dir=\"ltr\"><img src=\"https://bizweb.dktcdn.net/100/438/408/files/mix-do-voi-quan-short-cap-cao-yodyvn2.jpg?v=1690875673167\" alt=\"Quần short cạp cao mặc với &aacute;o g&igrave;\" data-thumb=\"original\"></p>\n<p dir=\"ltr\"><em>Lộ eo tinh tế với quần short cạp cao, &aacute;o crop top</em></p>\n<p dir=\"ltr\">Nếu bạn muốn khoe vẻ nữ t&iacute;nh v&agrave; tự tin với chiếc croptop, nhưng lại lo lắng về việc hở bụng dưới, th&igrave; kh&ocirc;ng g&igrave; tuyệt vời hơn bộ quần short cạp cao. Đ&acirc;y l&agrave; sự kết hợp ho&agrave;n hảo để t&ocirc;n vinh đường cong quyến rũ của v&ograve;ng eo v&agrave; v&ograve;ng 3, gi&uacute;p bạn tỏa s&aacute;ng với set đồ thời trang v&agrave; phong c&aacute;ch.</p>\n<p dir=\"ltr\">Bộ trang phục n&agrave;y kh&ocirc;ng chỉ đem lại cảm gi&aacute;c thoải m&aacute;i m&agrave; c&ograve;n ph&ugrave; hợp cho nhiều hoạt động như dạo chơi, du lịch, d&atilde; ngoại hay tham gia c&aacute;c buổi hội h&egrave; s&ocirc;i động. Bạn sẽ tự tin \"thả d&aacute;ng\" v&agrave; tỏa s&aacute;ng mỗi khi diện bộ đ&ocirc;i n&agrave;y.</p>\n<h2 id=\"3-ket-hop-quan-short-cap-cao-voi-ao-quay\" dir=\"ltr\">3. Kết hợp quần short cạp cao với &aacute;o qu&acirc;y</h2>\n<p dir=\"ltr\"><img src=\"https://bizweb.dktcdn.net/100/438/408/files/mix-do-voi-quan-short-cap-cao-yodyvn3.jpg?v=1690875695464\" alt=\"Quần short cạp cao mặc với &aacute;o g&igrave;\" data-thumb=\"original\"></p>\n<p dir=\"ltr\"><em>Phong c&aacute;ch sexy với &aacute;o ống quần short</em></p>\n<p dir=\"ltr\">C&aacute;ch mix&nbsp;đồ với quần short lưng cao mang đến vẻ ngo&agrave;i gợi cảm v&agrave; tự tin cho những c&ocirc; n&agrave;ng th&iacute;ch tạo dấu ấn mạnh mẽ. Set đồ n&agrave;y kh&ocirc;ng chỉ th&iacute;ch hợp cho chuyến du lịch m&agrave; c&ograve;n l&agrave; lựa chọn ho&agrave;n hảo để tham gia c&aacute;c buổi hội h&egrave; s&ocirc;i động hay dạo chơi c&ugrave;ng bạn b&egrave;.</p>\n<p dir=\"ltr\">Để l&agrave;m nổi bật phong c&aacute;ch t&aacute;o bạo, bạn c&oacute; thể kết hợp quần short lưng cao với những chiếc &aacute;o ống, &aacute;o qu&acirc;y &ocirc;m s&aacute;t. Điều n&agrave;y sẽ gi&uacute;p khoe trọn vẹn v&ograve;ng eo gợi cảm v&agrave; t&ocirc;n vinh đường cong quyến rũ của bạn. Đừng qu&ecirc;n th&ecirc;m c&aacute;c trang sức d&acirc;y chuyền, khuy&ecirc;n tai để tăng th&ecirc;m sự thu h&uacute;t cho diện mạo của bạn.</p>\n<h2 id=\"4-quan-short-cap-cao-mix-voi-blazer\" dir=\"ltr\">4. Quần short cạp cao mix với blazer</h2>\n<p dir=\"ltr\"><img src=\"https://bizweb.dktcdn.net/100/438/408/files/mix-do-voi-quan-short-cap-cao-yodyvn4.jpg?v=1690875726204\" alt=\"Mix đồ thanh lịch với quần short cạp cao\" data-thumb=\"original\"></p>\n<p dir=\"ltr\"><em>Mix đồ thanh lịch với quần short cạp cao</em></p>\n<p dir=\"ltr\">Điểm qua c&aacute;c c&aacute;ch mix đồ với quần short cạp cao, ch&uacute;ng ta kh&ocirc;ng thể bỏ qua combo &aacute;o blazer, quần sooc. Bộ trang phục n&agrave;y mang đến vẻ đẹp thời thượng, phong c&aacute;ch v&agrave; s&agrave;nh điệu cho người mặc. Outfit kh&ocirc;ng qu&aacute; phức tạp, gi&uacute;p che giấu c&aacute;c khuyết điểm v&agrave; rất dễ phối đồ. Kết hợp giữa quần short cạp cao v&agrave; &aacute;o blazer l&agrave; sự lựa chọn được nhiều chị em ưa chuộng.</p>\n<p dir=\"ltr\">Th&ecirc;m một đ&ocirc;i boots, đ&ocirc;i khuy&ecirc;n tai v&agrave; chiếc t&uacute;i x&aacute;ch, bạn sẽ tự tin v&agrave; ho&agrave;n hảo cho cả những dịp đi chơi hay l&agrave;m việc.</p>\n<h2 id=\"5-mix-so-mi-cung-quan-sooc-cap-cao\" dir=\"ltr\">5. Mix sơ mi c&ugrave;ng quần sooc cạp cao</h2>\n<p dir=\"ltr\"><img src=\"https://bizweb.dktcdn.net/100/438/408/files/mix-do-voi-quan-short-cap-cao-yodyvn5.jpg?v=1690875757524\" alt=\"Sơ mi đơn giản kết hợp c&ugrave;ng quần kaki short cạp cao\" data-thumb=\"original\"></p>\n<p dir=\"ltr\"><em>Sơ mi đơn giản kết hợp c&ugrave;ng quần kaki short cạp cao</em></p>\n<p dir=\"ltr\">Ngo&agrave;i những option tr&ecirc;n, c&ocirc;ng thức phối sơ mi c&ugrave;ng quần short cạp cao cũng được nhiều chị em y&ecirc;u th&iacute;ch. Việc biến tấu &aacute;o sơ mi sẽ gi&uacute;p bạn tạo n&ecirc;n nhiều phong c&aacute;ch độc đ&aacute;o. Bạn c&oacute; thể chọn sơ mi c&agrave;i n&uacute;t gọn g&agrave;ng, để t&agrave; &aacute;o thả tự nhi&ecirc;n tạo n&eacute;t c&aacute; t&iacute;nh, hoặc thậm ch&iacute; buộc n&uacute;t cao tạo th&agrave;nh croptop quyến rũ.</p>\n<p dir=\"ltr\">Khi mix quần short cạp cao với &aacute;o sơ mi, bạn c&oacute; thể dễ d&agrave;ng kết hợp với sandal, gi&agrave;y thể thao hoặc gi&agrave;y cao g&oacute;t, t&ugrave;y thuộc v&agrave;o sự kiện v&agrave; phong c&aacute;ch bạn muốn thể hiện. Bộ trang phục n&agrave;y sẽ l&agrave; lựa chọn l&yacute; tưởng cho những dịp đi xuống phố, du lịch h&egrave; hay thư gi&atilde;n tại cafe c&ugrave;ng bạn b&egrave;.</p>\n<h2 id=\"6-phoi-ao-ba-lo-voi-quan-sooc-cap-cao\" dir=\"ltr\">6. Phối &aacute;o ba lỗ với quần sooc cạp cao</h2>\n<p dir=\"ltr\"><img src=\"https://bizweb.dktcdn.net/100/438/408/files/mix-do-voi-quan-short-cap-cao-yodyvn6.jpg?v=1690875779585\" alt=\"Thời trang m&aacute;t mẻ với &aacute;o ba lỗ, quần short cạp cao\" data-thumb=\"original\"></p>\n<p dir=\"ltr\"><em>Thời trang m&aacute;t mẻ với &aacute;o ba lỗ, quần short cạp cao</em></p>\n<p dir=\"ltr\">C&aacute;ch mix&nbsp;đồ với quần short cạp cao n&agrave;y được c&aacute;c c&ocirc; n&agrave;ng c&oacute; đ&ocirc;i vai đẹp y&ecirc;u th&iacute;ch. &Aacute;o ba lỗ với thiết kế hở vai gi&uacute;p nổi bật đường cong đ&ocirc;i vai v&agrave; c&aacute;nh tay. Set đồ n&agrave;y mang đến vẻ đẹp năng động, tự tin v&agrave; tr&agrave;n đầy sức sống cho những c&ocirc; n&agrave;ng theo phong c&aacute;ch thể thao.</p>\n<h2 id=\"7-mix-ao-luoi-cung-quan-sooc-cap-cao\" dir=\"ltr\">7. Mix &aacute;o lưới c&ugrave;ng quần sooc cạp cao</h2>\n<p dir=\"ltr\"><img src=\"https://bizweb.dktcdn.net/100/438/408/files/mix-do-voi-quan-short-cap-cao-yodyvn7.jpg?v=1690875814896\" alt=\"Phối quần short cạp cao theo phong c&aacute;ch đi biển\" data-thumb=\"original\"></p>\n<p dir=\"ltr\"><em>Phối quần short cạp cao theo phong c&aacute;ch đi biển</em></p>\n<p dir=\"ltr\">Để t&igrave;m kiếm một set đồ biển đẹp, bạn kh&ocirc;ng thể bỏ qua sự kết hợp của quần short cạp cao v&agrave; &aacute;o lưới. Bạn c&oacute; thể mix đồ bằng c&aacute;ch mặc đồ bơi b&ecirc;n trong, kho&aacute;c &aacute;o lưới ph&iacute;a tr&ecirc;n v&agrave; phối quần short c&ugrave;ng đ&ocirc;i sandal. Điều n&agrave;y sẽ đảm bảo diện mạo của bạn trở n&ecirc;n rực rỡ v&agrave; tạo ra mu&ocirc;n kiểu ảnh sống ảo tuyệt đẹp tr&ecirc;n b&atilde;i biển.</p>\n<h2 id=\"8-ket-hop-ao-hai-day-voi-quan-sooc-cap-cao\" dir=\"ltr\">8. Kết hợp &aacute;o hai d&acirc;y với quần sooc cạp cao</h2>\n<p dir=\"ltr\"><img src=\"https://bizweb.dktcdn.net/100/438/408/files/mix-do-voi-quan-short-cap-cao-yodyvn8.jpg?v=1690875836803\" alt=\"Thu h&uacute;t mọi &aacute;nh nh&igrave;n với &aacute;o hai dayua với quần short jeans cạp cao\" data-thumb=\"original\"></p>\n<p dir=\"ltr\"><em>Thu h&uacute;t mọi &aacute;nh nh&igrave;n với &aacute;o hai dayua với quần short jeans cạp cao</em></p>\n<p dir=\"ltr\">Khi bạn kh&ocirc;ng muốn mất nhiều thời gian phối đồ, h&atilde;y chọn &aacute;o hai d&acirc;y để kết hợp với quần short cạp cao. Item n&agrave;y c&oacute; đa dạng kiểu d&aacute;ng, m&agrave;u sắc v&agrave; chất liệu để bạn thoải m&aacute;i lựa chọn ph&ugrave; hợp với phong c&aacute;ch của m&igrave;nh. Bộ trang phục n&agrave;y mang lại cảm gi&aacute;c m&aacute;t mẻ, gi&uacute;p bạn thoải m&aacute;i v&agrave; tự tin diện suốt ng&agrave;y d&agrave;i m&agrave; kh&ocirc;ng phải lo lắng về n&oacute;ng bức.</p>\n<h2 id=\"9-mix-ao-tre-vai-voi-quan-short-cap-cao\" dir=\"ltr\">9. Mix &aacute;o trễ vai với quần short cạp cao</h2>\n<p dir=\"ltr\"><img src=\"https://bizweb.dktcdn.net/100/438/408/files/mix-do-voi-quan-short-cap-cao-yodyvn9.jpg?v=1690875901823\" alt=\"&Aacute;o trễ vai hoạ tiết hoa mix c&ugrave;ng quần short cạp cao\" data-thumb=\"original\"></p>\n<p dir=\"ltr\"><em>&Aacute;o trễ vai hoạ tiết hoa mix c&ugrave;ng quần short cạp cao</em></p>\n<p dir=\"ltr\">Phong c&aacute;ch nhẹ nh&agrave;ng v&agrave; nữ t&iacute;nh dễ d&agrave;ng đạt được khi bạn kết hợp &aacute;o trễ vai hoa nh&iacute; với quần short cạp cao. Để tăng th&ecirc;m sự cuốn h&uacute;t, chị em c&oacute; thể th&ecirc;m một chiếc v&ograve;ng cổ ngọc trai hoặc đ&ocirc;i khuy&ecirc;n tai d&aacute;ng d&agrave;i. Bộ trang phục n&agrave;y sẽ mang đến vẻ đẹp thanh tho&aacute;t v&agrave; quyến rũ cho bạn.</p>\n<h2 id=\"10-mix-quan-short-cap-cao-voi-ao-yem\" dir=\"ltr\">10. Mix quần short cạp cao với &aacute;o yếm</h2>\n<p dir=\"ltr\"><img src=\"https://bizweb.dktcdn.net/100/438/408/files/mix-do-voi-quan-short-cap-cao-yodyvn10.jpg?v=1690875925501\" alt=\"Kết hợp &aacute;o yếm với quần short cạp cao trắng\" data-thumb=\"original\"></p>\n<p dir=\"ltr\"><em>Kết hợp &aacute;o yếm với quần short cạp cao trắng</em></p>\n<p dir=\"ltr\">C&aacute;ch mix đồ với quần short cạp cao tiếp theo m&agrave; YODY muốn chia sẻ với chị em l&agrave; kết hợp c&ugrave;ng &aacute;o cổ yếm. Đ&acirc;y l&agrave; một c&aacute;ch phối đồ đơn giản v&agrave; được ưa chuộng bởi nhiều bạn nữ. Bạn c&oacute; thể diện set đồ n&agrave;y đi cafe c&ugrave;ng bạn b&egrave;, dạo phố, hay thậm ch&iacute; trong những buổi hẹn h&ograve;. Phong c&aacute;ch n&agrave;y thật sự linh hoạt v&agrave; ph&ugrave; hợp với nhiều dịp kh&aacute;c nhau.</p>\n<h2 id=\"11-ket-hop-ao-cardigan-voi-quan-short-cap-cao\" dir=\"ltr\">11. Kết hợp &aacute;o cardigan với quần short cạp cao</h2>\n<p dir=\"ltr\"><img src=\"https://bizweb.dktcdn.net/100/438/408/files/mix-do-voi-quan-short-cap-cao-yodyvn11.jpg?v=1690875945174\" alt=\"Mix đồ với quần short cạp cao\" data-thumb=\"original\"></p>\n<p dir=\"ltr\"><em>Mix đồ với quần short cạp cao</em></p>\n<p dir=\"ltr\">Set đồ tiếp theo m&agrave; c&aacute;c bạn kh&ocirc;ng n&ecirc;n bỏ qua ch&iacute;nh l&agrave; sự kết hợp giữa quần short cạp cao v&agrave; &aacute;o cardigan mỏng. C&aacute;ch mix đồ với quần short cạp cao<em>&nbsp;</em>n&agrave;y kh&ocirc;ng chỉ mang lại n&eacute;t c&aacute; t&iacute;nh v&agrave; năng động, m&agrave; c&ograve;n th&ecirc;m sự nữ t&iacute;nh v&agrave; quyến rũ từ chất liệu ren của &aacute;o cardigan. Bộ trang phục n&agrave;y sẽ l&agrave; sự lựa chọn ho&agrave;n hảo cho những ng&agrave;y ấm &aacute;p v&agrave; ph&ugrave; hợp với nhiều hoạt động trong cuộc sống h&agrave;ng ng&agrave;y.</p>\n<h2 id=\"12-mix-quan-short-cap-cao-cung-ao-blouse-ca-tinh\" dir=\"ltr\">12. Mix quần short cạp cao c&ugrave;ng &aacute;o blouse c&aacute; t&iacute;nh</h2>\n<p dir=\"ltr\"><img src=\"https://bizweb.dktcdn.net/100/438/408/files/mix-do-voi-quan-short-cap-cao-yodyvn12.jpg?v=1690876003687\" alt=\"Trẻ trung hơn với &aacute;o blouse, quần short jeans cạp cao\" data-thumb=\"original\"></p>\n<p dir=\"ltr\"><em>Trẻ trung hơn với &aacute;o blouse, quần short jeans cạp cao</em></p>\n<p dir=\"ltr\">Bạn đang muốn t&igrave;m outfit thoải m&aacute;i, lịch sự để mặc đi dạo phố th&igrave; kết hợp &aacute;o sơ mi blouse cổ t&agrave;u c&ugrave;ng quần short kaki ống rộng cạp cao l&agrave; lựa chọn rất ho&agrave;n hảo. Nhớ b&uacute;i t&oacute;c cao để m&ugrave;a h&egrave; c&agrave;ng th&ecirc;m thoải m&aacute;i nh&eacute;.</p>\n<h2 id=\"13-phoi-quan-short-cap-cao-theo-phong-cach-layer\" dir=\"ltr\">13. Phối quần short cạp cao theo phong c&aacute;ch layer</h2>\n<p dir=\"ltr\"><img src=\"https://bizweb.dktcdn.net/100/438/408/files/mix-do-voi-quan-short-cap-cao-yodyvn13.jpg?v=1690876035084\" alt=\"Mix quần short cạp cao theo phong c&aacute;ch layer\" data-thumb=\"original\"></p>\n<p dir=\"ltr\"><em>Mix quần short cạp cao theo phong c&aacute;ch layer</em></p>\n<p dir=\"ltr\">Phối quần short cạp cao theo phong c&aacute;ch layer l&agrave; một c&aacute;ch th&uacute; vị để tạo n&ecirc;n vẻ ngo&agrave;i độc đ&aacute;o v&agrave; s&agrave;nh điệu. Bạn c&oacute; thể thử kết hợp quần short cạp cao với &aacute;o sơ mi v&agrave; &aacute;o kho&aacute;c hoặc blazer mỏng ph&iacute;a tr&ecirc;n. Nếu muốn th&ecirc;m phần phong c&aacute;ch, bạn cũng c&oacute; thể đeo th&ecirc;m một chiếc &aacute;o kho&aacute;c denim hoặc &aacute;o vest lưới. Phong c&aacute;ch layer sẽ tạo n&ecirc;n sự tinh tế v&agrave; c&aacute; t&iacute;nh cho trang phục, gi&uacute;p bạn tỏa s&aacute;ng trong m&ugrave;a h&egrave; v&agrave; tạo điểm nhấn cho diện mạo của m&igrave;nh.</p>\n<h2 id=\"14-mix-quan-short-cap-cao-voi-ao-ke\" dir=\"ltr\">14. Mix quần short cạp cao với &aacute;o kẻ</h2>\n<p dir=\"ltr\"><img src=\"https://bizweb.dktcdn.net/100/438/408/files/mix-do-voi-quan-short-cap-cao-yodyvn14.jpg?v=1690876056815\" alt=\"Set đồ thời trang, thanh lịch\" data-thumb=\"original\"></p>\n<p dir=\"ltr\"><em>Set đồ thời trang, thanh lịch</em></p>\n<p dir=\"ltr\">Hoạ tiết kẻ ngang tr&ecirc;n &aacute;o l&agrave; điểm nhấn nổi bật của bộ trang phục n&agrave;y. Sự trẻ trung, c&aacute; t&iacute;nh v&agrave; năng động l&agrave; những điều m&agrave; nhiều c&ocirc; n&agrave;ng cảm nhận khi diện set đồ n&agrave;y. &Aacute;o với hoạ tiết kẻ ngang sẽ gi&uacute;p bạn tỏa s&aacute;ng v&agrave; tạo n&ecirc;n phong c&aacute;ch độc đ&aacute;o trong bất kỳ dịp diện đồ n&agrave;o.</p>\n<p dir=\"ltr\"><u><strong>XEM TH&Ecirc;M:</strong></u></p>\n<ul dir=\"ltr\">\n<li><strong><a href=\"https://yody.vn/dang-nguoi-tam-giac-nguoc-nen-mac-gi\" target=\"_blank\" rel=\"noopener\">D&aacute;ng người tam gi&aacute;c ngược n&ecirc;n mặc g&igrave;? 10 mẹo mix đồ si&ecirc;u đẹp</a></strong></li>\n<li><strong><a href=\"https://yody.vn/ao-hot-trend-hien-nay\" target=\"_blank\" rel=\"noopener\">Phối Đồ Với 99+ Mẫu &Aacute;o Hot Trend Hiện Nay</a></strong></li>\n</ul>\n<h2 id=\"15-ket-hop-ao-len-det-kim-cung-quan-short-cap-cao\" dir=\"ltr\">15. Kết hợp &aacute;o l&ecirc;n dệt kim c&ugrave;ng quần short cạp cao</h2>', '2023-10-07', 'Vẻ ngoài sành điệu, trẻ trung là những gì chị em nhận được khi mặc quần sooc cạp cao. Dưới đây, YODY sẽ gợi ý các cách mix đồ với quần short cạp cao chuẩn nhất.', 'http://res.cloudinary.com/dxqh3xpza/image/upload/v1696643457/q6bg1rfkuw0updgf7sbx.webp', b'0', '20 cách mix đồ với quần short cạp cao đẹp, chuẩn thời trang', 1),
(2, '<div class=\"article-content clearfix tuan\">\n<div class=\"rte\">\n<p>Tại <strong><a href=\"https://yody.vn/\">YODY</a></strong>, chúng t&ocirc;i tin rằng m&ocirc;̃i người ở mọi nơi tr&ecirc;n th&ecirc;́ giới này, dù là thu nh&acirc;̣p cao, trung bình hay th&acirc;́p, dù làm b&acirc;́t k&ecirc;̉ c&ocirc;ng vi&ecirc;̣c g&igrave;&nbsp;đ&ecirc;̀u có quy&ecirc;̀n lựa chọn vi&ecirc;̣c mình bắt đ&acirc;̀u m&ocirc;̣t ngày mới như th&ecirc;́ nào qua vi&ecirc;̣c mặc b&ocirc;̣ trang phục hàng ngày thoải mái, tự tin v&agrave; đầy cảm hứng.&nbsp;</p>\n<p dir=\"ltr\"><em><img src=\"https://bizweb.dktcdn.net/100/438/408/files/hanh-trinh-ket-noi-yody-vn-2.jpg?v=1678179233843\" alt=\"YODY - Hành trình k&ecirc;́t n&ocirc;́i\" data-thumb=\"original\"></em></p>\n<p dir=\"ltr\"><em>YODY - Hành trình k&ecirc;́t n&ocirc;́i</em></p>\n<p dir=\"ltr\">Kh&ocirc;ng chỉ là m&ocirc;̣t thương hi&ecirc;̣u thời lớn tại Vi&ecirc;̣t Nam, YODY lu&ocirc;n mu&ocirc;́n đem đ&ecirc;́n những trải nghi&ecirc;̣m tuy&ecirc;̣t vời, những khoảnh khắc đáng nhớ và chia sẻ những sản ph&acirc;̉m t&ocirc;́i ưu nh&acirc;́t cho m&ocirc;̃i người dùng Vi&ecirc;̣t.</p>\n<p><img src=\"https://bizweb.dktcdn.net/100/438/408/files/hanh-trinh-ket-noi-yody-vn-1.jpg?v=1678179233013\" alt=\"YODY - Mặc m&ocirc;̃i ngày, thoải mái m&ocirc;̃i ngày\" data-thumb=\"original\"></p>\n<p dir=\"ltr\"><em>YODY - Hành trình k&ecirc;́t n&ocirc;́i</em></p>\n<p dir=\"ltr\">Từ ni&ecirc;̀m tin đó, chúng t&ocirc;i hướng tới mục ti&ecirc;u tạo ra những sản ph&acirc;̉m có ch&acirc;́t li&ecirc;̣u t&ocirc;́t, th&acirc;n thi&ecirc;̣n với m&ocirc;i trường, có form dáng thoải mái, thi&ecirc;́t k&ecirc;́ d&ecirc;̃ mặc.&nbsp;</p>\n<p dir=\"ltr\">Góp m&ocirc;̣t ph&acirc;̀n nhỏ bé trong vi&ecirc;̣c kích hoạt m&ocirc;̣t ngày mới, giúp cho sự lựa chọn của khách hàng khởi đ&acirc;̀u m&ocirc;̣t ngày mới vui hơn, nhi&ecirc;̀u cảm hứng hơn, làm vi&ecirc;̣c hi&ecirc;̣u quả hơn hay đơn giản chỉ là m&ocirc;̣t ngày d&ecirc;̃ chịu hơn.</p>\n<p dir=\"ltr\">Chúng t&ocirc;i tin rằng, có được sự thoải mái, tự tin đ&ecirc;́n từ trang phục thường ngày sẽ lu&ocirc;n là m&ocirc;̣t bước đ&ecirc;̣m r&acirc;́t lớn đ&ecirc;̉ đ&ocirc;̣t phá, kích hoạt năng lượng tích cực cho m&ocirc;̃i cá nh&acirc;n.</p>\n<p><em><img src=\"https://bizweb.dktcdn.net/100/438/408/files/hanh-trinh-ket-noi-yody-vn-7.jpg?v=1678179237883\" alt=\"YODY - Hành trình k&ecirc;́t n&ocirc;́i\" data-thumb=\"original\"></em></p>\n<p><em>YODY - Hành trình k&ecirc;́t n&ocirc;́i</em></p>\n<p dir=\"ltr\">Kh&ocirc;ng chỉ v&acirc;̣y, hành trình k&ecirc;́t n&ocirc;́i mà YODY mu&ocirc;́n truy&ecirc;̀n tải đ&ecirc;́n với m&ocirc;̃i quý khách hàng đó là sự t&acirc;m huy&ecirc;́t của m&ocirc;̃i k&ecirc;́t quả nghi&ecirc;n cứu, của m&ocirc;̃i cá th&ecirc;̉ lu&ocirc;n khao khát đem sản ph&acirc;̉m của người Vi&ecirc;̣t Nam vươn ra th&ecirc;́ giới.&nbsp;</p>\n<p dir=\"ltr\">Chứng minh m&ocirc;̣t đi&ecirc;̀u rằng n&ecirc;̀n thời trang Vi&ecirc;̣t Nam có n&ecirc;̀n tảng vững chắc, có c&ocirc;ng ngh&ecirc;̣ hi&ecirc;̣n đại, có thi&ecirc;́t k&ecirc;́ đa dạng và đặc bi&ecirc;̣t là sự t&acirc;m huy&ecirc;́t trong từng món đ&ocirc;̀ được đưa đ&ecirc;́n tay người dùng.</p>\n<p dir=\"ltr\"><em><img src=\"https://bizweb.dktcdn.net/100/438/408/files/hanh-trinh-ket-noi-yody-vn-3.jpg?v=1678179234743\" alt=\"YODY - Mặc m&ocirc;̃i ngày, thoải mái m&ocirc;̃i ngày\" data-thumb=\"original\"></em></p>\n<p dir=\"ltr\"><em>YODY - Hành trình k&ecirc;́t n&ocirc;́i</em></p>\n<p dir=\"ltr\">Cu&ocirc;̣c hành trình của chúng t&ocirc;i bắt đ&acirc;̀u từ 2014 bằng m&ocirc;̣t của hàng nhỏ với mong ước sẽ tạo ra những trải nghi&ecirc;̣m d&ecirc;̃ mua, d&ecirc;̃ mặc cho khách hàng tự tin k&ecirc;́t n&ocirc;́i với bạn bè, với gia đình với đ&ocirc;̀ng nghi&ecirc;̣p hay với chính bản th&acirc;n mình.</p>\n<p dir=\"ltr\">Nhưng song hành với quá trình phát tri&ecirc;̉n, chúng t&ocirc;i lu&ocirc;n đặt mục ti&ecirc;u cao hơn và có khát khao vươn xa hơn nữa, khát vọng được đưa những đứa con tinh th&acirc;̀n đ&ecirc;́n những vùng đ&acirc;́t xa x&ocirc;i hơn. Khát vọng được đưa YODY trở thành m&ocirc;̣t trong những &ocirc;ng lớn tr&ecirc;n bản đ&ocirc;̀ thời trang th&ecirc;́ giới.<br><img src=\"https://bizweb.dktcdn.net/100/438/408/files/hanh-trinh-ket-noi-yody-vn-4.jpg?v=1678179235577\" alt=\"YODY - Hành trình k&ecirc;́t n&ocirc;́i\" data-thumb=\"original\"></p>\n<p dir=\"ltr\"><em>YODY - Hành trình k&ecirc;́t n&ocirc;́i</em></p>\n<p dir=\"ltr\">Và hơn h&ecirc;́t, chúng t&ocirc;i hi&ecirc;̉u rằng ch&acirc;́t lượng sản ph&acirc;̉m sẽ là kim chỉ nam mà YODY hướng đ&ecirc;́n. Đ&ecirc;̉ các món đ&ocirc;̀ thời trang với giá thành rẻ nhưng ch&acirc;́t lượng hoàn thi&ecirc;̣n cao sẽ làm hài lòng mọi khách hàng khó tính nh&acirc;́t đặc bi&ecirc;̣t là người Vi&ecirc;̣t tại mọi mi&ecirc;̀n T&ocirc;̉ Qu&ocirc;́c.</p>\n<p><img src=\"https://bizweb.dktcdn.net/100/438/408/files/hanh-trinh-ket-noi-yody-vn-6.jpg?v=1678179237060\" alt=\"YODY - Hành trình k&ecirc;́t n&ocirc;́i\" data-thumb=\"original\"></p>\n<p><em>YODY - Hành trình k&ecirc;́t n&ocirc;́i</em></p>\n<p dir=\"ltr\">Chúng t&ocirc;i lu&ocirc;n n&ocirc;̃ lực từng ngày cho vi&ecirc;̣c nghi&ecirc;n cứu ch&acirc;́t li&ecirc;̣u, form dáng, m&acirc;̃u mã. X&acirc;y dựng n&ecirc;̀n tảng văn hoá phục vụ th&acirc;n thi&ecirc;̣n đ&ecirc;̉ có th&ecirc;̉ mang sự &ldquo;thoải mái m&ocirc;̃i ngày&rdquo; tới mọi người ở mọi nơi, mọi n&ecirc;̀n văn hoá thời trang khác nhau.</p>\n<p><img src=\"https://bizweb.dktcdn.net/100/438/408/files/hanh-trinh-ket-noi-yody-vn-5.jpg?v=1678179236437\" alt=\"YODY - Hành trình k&ecirc;́t n&ocirc;́i\" data-thumb=\"original\"></p>\n<p dir=\"ltr\">YODY - Hành trình k&ecirc;́t n&ocirc;́i</p>\n<p dir=\"ltr\">Với hành trình k&ecirc;́t n&ocirc;́i mà YODY mu&ocirc;́n truy&ecirc;̀n tải, chúng t&ocirc;i tin r&acirc;́t bi&ecirc;́t ơn sự tin tưởng, tín nhi&ecirc;̣m và sự ủng h&ocirc;̣ của m&ocirc;̃i khách hàng. Chính đi&ecirc;̀u này đã ti&ecirc;́p th&ecirc;m ni&ecirc;̀m tin và đ&ocirc;̣ng lực góp ph&acirc;̀n giúp YODY ti&ecirc;́p tục phát tri&ecirc;̉n, hoàn thi&ecirc;̣n cả v&ecirc;̀ ch&acirc;́t lượng sản ph&acirc;̉m cho tới ch&acirc;́t lượng phục vụ đ&ecirc;̉ m&ocirc;̃i thành ph&acirc;̉m đưa đ&ecirc;́n tay người dùng phải là sản ph&acirc;̉m hoàn hảo nh&acirc;́t, đem lại trải nghi&ecirc;̣m xu&acirc;́t sắc nh&acirc;́t và trọn vẹn nh&acirc;́t.</p>\n</div>\n</div>', '2023-10-07', 'Tại YODY, chúng tôi tin rằng mỗi người ở mọi nơi trên thế giới này đều có quyền lựa chọn việc mình bắt đầu một ngày mới như thế nào qua việc mặc bộ trang phục hàng ngày thoải mái, tự tin và đầy cảm hứng.', 'http://res.cloudinary.com/dxqh3xpza/image/upload/v1696643588/asu7sqivxigkogxwldaw.webp', b'1', 'YODY - Mặc mỗi ngày, thoải mái mỗi ngày', 1),
(3, '<div class=\"article-content clearfix tuan\">\n<div class=\"rte\">\n<p dir=\"ltr\">C&ugrave;ng với sự thay đổi của c&aacute;c xu hướng thời trang, <em>&aacute;o polo gia đ&igrave;nh</em>&nbsp;ở H&agrave; Nội cũng trở n&ecirc;n phong ph&uacute; hơn với nhiều mẫu m&atilde;, kiểu d&aacute;ng v&agrave; m&agrave;u sắc kh&aacute;c nhau.</p>\n<p dir=\"ltr\">Mang th&ocirc;ng điệp về sự gắn kết gia đ&igrave;nh,&nbsp;<a href=\"https://yody.vn/ao-polo-nam\"><strong>&aacute;o polo YODY</strong></a>&nbsp;l&agrave; mẫu &aacute;o được lựa chọn nhiều để l&agrave;m đồng phục gia đ&igrave;nh tại H&agrave; Nội.</p>\n<div class=\"positon-product\" data-sku=\"APM5039-NAU-M,APN5394-DDO-S,APK5113-XLO-2\">\n<div class=\"list-product\">\n<div class=\"row\">&nbsp;</div>\n</div>\n</div>\n<h3 id=\"11-mau-ao-polo-gia-dinh-mau-trang-tuoi-sang\" dir=\"ltr\">1.1&nbsp;Mẫu &aacute;o polo gia đ&igrave;nh m&agrave;u trắng tươi s&aacute;ng</h3>\n<p dir=\"ltr\">&Aacute;o polo gia đ&igrave;nh kh&ocirc;ng chỉ l&agrave; trang phục thời trang m&agrave; c&ograve;n thể hiện sự ấm c&uacute;ng v&agrave; gắn kết trong gia đ&igrave;nh. Với thiết kế độc đ&aacute;o v&agrave; dễ d&agrave;ng phối hợp, &aacute;o polo đồng phục gia đ&igrave;nh đ&atilde; trở th&agrave;nh một phần kh&ocirc;ng thể thiếu trong tủ đồ của nhiều người. Nhất l&agrave; khi sử dụng tone m&agrave;u trawnsgh tươi s&aacute;ng.</p>\n<p dir=\"ltr\">D&ugrave; ở bất cử ho&agrave;n cảnh n&agrave;o th&igrave; items n&agrave;y cũng cực kỳ ph&ugrave; hợp bởi sự t&ocirc;n da v&agrave; kh&ocirc;ng k&eacute;n người mặc.</p>\n<p dir=\"ltr\"><img src=\"https://bizweb.dktcdn.net/100/438/408/files/ao-polo-gia-dinh-yody-9-jpeg.jpg?v=1693292416821\" alt=\"Mẫu &aacute;o polo gia đ&igrave;nh\" data-thumb=\"original\"></p>\n<p dir=\"ltr\"><em>Mẫu &aacute;o polo gia đ&igrave;nh m&agrave;u trắng tươi s&aacute;ng</em></p>\n<h3 id=\"12-ao-polo-gia-dinh-mau-vang-nang-dong\" dir=\"ltr\">1.2 &Aacute;o polo gia đ&igrave;nh m&agrave;u v&agrave;ng năng động</h3>\n<p dir=\"ltr\">Nếu m&agrave;u trắng l&agrave; game m&agrave;u nh&atilde; nhặn, tinh tế lịch sự th&igrave; gam m&agrave;u v&agrave;ng lại mang đến cho ch&uacute;ng ta nguồn năng lượng t&iacute;ch cực. Chỉ cần nh&igrave;n v&agrave;o th&ocirc;i đ&atilde; thấy sức trẻ sức khỏe của gia đ&igrave;nh bạn.</p>\n<p dir=\"ltr\"><img src=\"https://bizweb.dktcdn.net/100/438/408/files/ao-polo-gia-dinh-yody-5-jpeg.jpg?v=1693292420807\" alt=\"kiểu &aacute;o polo gia đ&igrave;nh đẹp\" data-thumb=\"original\"></p>\n<p dir=\"ltr\"><em>&Aacute;o polo gia đ&igrave;nh m&agrave;u v&agrave;ng năng động</em></p>\n<h3 id=\"13-mau-ao-thun-co-co-gia-dinh-mau-tim-sang-tao\" dir=\"ltr\">1.3 Mẫu &aacute;o thun c&oacute; cổ&nbsp;gia đ&igrave;nh m&agrave;u t&iacute;m s&aacute;ng tạo</h3>\n<p dir=\"ltr\">Bạn đ&atilde; qu&aacute; nh&agrave;m ch&aacute;n với những tone m&agrave;u \"đời thường\" vậy h&atilde;y thử ngay m&agrave;u t&iacute;m xem sao. Đ&acirc;y l&agrave; một gam m&agrave;u cực t&ocirc;n da, tuy nhi&ecirc;n, nếu bạn c&oacute; l&agrave;n da hơi ngăm đen một ch&uacute;t th&igrave; YODY khuy&ecirc;n bạn kh&ocirc;ng n&ecirc;n mạo hiểm thử gam m&agrave;u n&agrave;y.</p>\n<p dir=\"ltr\"><img src=\"https://bizweb.dktcdn.net/100/438/408/files/ao-polo-gia-dinh-yody-1-jpeg.jpg?v=1693292427741\" alt=\"&aacute;o polo gia đ&igrave;nh đẹp\" data-thumb=\"original\"></p>\n<p dir=\"ltr\"><em>Mẫu &aacute;o thun c&oacute; cổ&nbsp;gia đ&igrave;nh m&agrave;u t&iacute;m s&aacute;ng tạo</em></p>\n<h3 id=\"14-ao-phong-co-co-cho-gia-dinh-mau-xanh-duong\" dir=\"ltr\">1.4 &Aacute;o ph&ocirc;ng c&oacute; cổ cho gia đ&igrave;nh m&agrave;u xanh dương</h3>\n<p dir=\"ltr\">Khi cả gia đ&igrave;nh mặc c&ugrave;ng một kiểu &aacute;o polo, điều đ&oacute; thể hiện một tinh thần đo&agrave;n kết v&agrave; ấm &aacute;p. Nh&igrave;n v&agrave;o bức tranh tổng thể, ch&uacute;ng ta c&oacute; thể thấy sự đo&agrave;n kết m&agrave; &aacute;o polo gia đ&igrave;nh mang lại - một đại diện cho sự đo&agrave;n tụ v&agrave; t&igrave;nh y&ecirc;u thương giữa c&aacute;c th&agrave;nh vi&ecirc;n gia đ&igrave;nh. H&atilde;y cảm nhận &aacute;o đ&ocirc;ng phục gia đ&igrave;nh gam m&agrave;u xanh m&aacute;t mẻ n&agrave;y nh&eacute;!</p>\n<p dir=\"ltr\"><img src=\"https://bizweb.dktcdn.net/100/438/408/files/ao-polo-gia-dinh-yody-3-jpeg.jpg?v=1693292418287\" alt=\"&aacute;o polo gia đ&igrave;nh đẹp\" data-thumb=\"original\"></p>\n<p dir=\"ltr\"><em>&Aacute;o ph&ocirc;ng c&oacute; cổ cho gia đ&igrave;nh m&agrave;u xanh dương</em></p>\n<h3 id=\"15-ao-polo-dong-phuc-gia-dinh-mau-xanh-bo\" dir=\"ltr\">1.5 &Aacute;o polo đồng phục gia đ&igrave;nh m&agrave;u xanh bơ</h3>\n<p dir=\"ltr\">Bất kỳ gia đ&igrave;nh n&agrave;o cũng n&ecirc;n thử một lần trải nghiệm &aacute;o polo gia đ&igrave;nh m&agrave;u xanh bơ&nbsp;v&agrave; cảm nhận kh&ocirc;ng kh&iacute; hạnh ph&uacute;c&nbsp;trong khoảnh khắc đ&oacute;.</p>\n<p dir=\"ltr\"><img src=\"https://bizweb.dktcdn.net/100/438/408/files/ao-polo-gia-dinh-yody-1.jpg?v=1693292424895\" alt=\"Mẫu &aacute;o polo gia đ&igrave;nh\" data-thumb=\"original\"></p>\n<p dir=\"ltr\"><em>&Aacute;o polo đồng phục gia đ&igrave;nh m&agrave;u xanh bơ</em></p>\n<h3 id=\"16-kieu-ao-polo-gia-dinh-theu-gau-tre-trung\" dir=\"ltr\">1.6 Kiểu &aacute;o polo gia đ&igrave;nh th&ecirc;u gấu trẻ trung</h3>\n<p dir=\"ltr\">Những mẫu &aacute;o phối tay v&agrave; in h&igrave;nh lu&ocirc;n l&agrave; best saller của nh&agrave; YODY. Kh&ocirc;ng nghiễm nhi&ecirc;n m&agrave; sản phẩm n&agrave;y lại lu&ocirc;n trong t&igrave;nh trạng ch&aacute;y h&agrave;ng vậy được. Đơn giản th&ocirc;i, bởi ch&uacute;ng mang lại sự trẻ trung, tươi vui cho gia đ&igrave;nh bạn khi diện ch&uacute;ng.</p>\n<p dir=\"ltr\"><img src=\"https://bizweb.dktcdn.net/100/438/408/files/ao-polo-gia-dinh-yody-6-jpeg.jpg?v=1693292421845\" alt=\"&aacute;o polo gia đ&igrave;nh đẹp\" data-thumb=\"original\"></p>\n<p dir=\"ltr\"><em>Kiểu &aacute;o polo gia đ&igrave;nh th&ecirc;u gấu trẻ trung</em></p>\n<h3 id=\"17-mau-ao-thun-co-co-cho-gia-dinh-4-nguoi\" dir=\"ltr\">1.7 Mẫu &aacute;o thun c&oacute; cổ cho gia đ&igrave;nh 4 người</h3>\n<p dir=\"ltr\">Đ&ocirc;i khi bạn kh&oacute; khăn khi đưa ra lựa chọn trang phục polo cho nh&agrave; 4 người. Đừng lo lắng, đ&atilde; c&oacute; YODY ở đ&acirc;y. Tham khảo ngay mẫu &aacute;o dưới đ&acirc;y của nh&agrave; YODY nh&eacute;!</p>\n<p dir=\"ltr\"><img src=\"https://bizweb.dktcdn.net/100/438/408/files/ao-polo-gia-dinh-yody-8-jpeg.jpg?v=1693292415397\" alt=\"&aacute;o polo gia đ&igrave;nh đẹp\" data-thumb=\"original\"></p>\n<p dir=\"ltr\"><em>Mẫu &aacute;o thun c&oacute; cổ cho gia đ&igrave;nh 4 người</em></p>\n<h3 id=\"18-ao-polo-gia-dinh-kieu-dang-the-thao\" dir=\"ltr\">1.8 &Aacute;o polo gia đ&igrave;nh kiểu d&aacute;ng thể thao</h3>\n<p dir=\"ltr\">L&agrave;m sao chọn &aacute;o polo khi gia đ&igrave;nh bạn l&agrave; d&acirc;n nghiền thể thao? Chọn trang phục d&atilde; ngoại ra sao cho thật ngầu v&agrave; năng động. Dưới đ&acirc;y ch&iacute;nh l&agrave; c&acirc;u trả lời cho bạn.</p>\n<p dir=\"ltr\"><img src=\"https://bizweb.dktcdn.net/100/438/408/files/ao-polo-gia-dinh-yody-2.jpg?v=1693292426718\" alt=\"Mẫu &aacute;o polo gia đ&igrave;nh\" data-thumb=\"original\"></p>\n<p dir=\"ltr\"><em>&Aacute;o polo gia đ&igrave;nh kiểu d&aacute;ng thể thao</em></p>\n<h3 id=\"19-ao-thun-co-co-cho-gia-dinh-3-nguoi\" dir=\"ltr\">1.9 &Aacute;o thun c&oacute; cổ cho gia đ&igrave;nh 3 người</h3>\n<p dir=\"ltr\">Gia đ&igrave;nh 3 người th&igrave; c&oacute; mặc được đồng phục polo kh&ocirc;ng? H&atilde;y nh&igrave;n h&igrave;nh ảnh dưới đ&acirc;y v&agrave; đ&oacute; ch&iacute;nh l&agrave; gia đ&igrave;nh bạn khi kho&aacute;c l&ecirc;n bộ c&aacute;nh polo đồng phục gia đ&igrave;nh của YODY. Th&acirc;t hạnh ph&uacute;c v&agrave; an y&ecirc;n phải kh&ocirc;ng n&agrave;o?</p>\n<p dir=\"ltr\"><img src=\"https://bizweb.dktcdn.net/100/438/408/files/ao-polo-gia-dinh-yody-2-jpeg.jpg?v=1693292425924\" alt=\"Mẫu &aacute;o polo gia đ&igrave;nh\" data-thumb=\"original\"></p>\n<p dir=\"ltr\"><em>&Aacute;o thun c&oacute; cổ cho gia đ&igrave;nh 3 người</em></p>\n<h3 id=\"110-ao-polo-gia-dinh-pique-mat-chim-phoi-tay-co-ke\" dir=\"ltr\">1.10 &Aacute;o polo gia đ&igrave;nh pique mắt chim phối tay cổ kẻ</h3>\n<p dir=\"ltr\">Mẫu &aacute;o polo gia đ&igrave;nh n&agrave;y được sử dụng chất liệu cotton USA - loại vải cotton tốt nhất thế giới. Sở dĩ được mệnh danh l&agrave; loại vải tốt nhất l&agrave; v&igrave; c&oacute; t&iacute;nh độ bền cao. Co gi&atilde;n tốt m&agrave; lại lu&ocirc;n giữ dc form d&aacute;ng v&agrave; bền m&agrave;u.</p>\n<p dir=\"ltr\"><img src=\"https://bizweb.dktcdn.net/100/438/408/files/mau-ao-polo-gia-dinh2.jpg?v=1671103132800\" alt=\"Mẫu &aacute;o polo gia đ&igrave;nh đẹp\" data-thumb=\"original\"></p>\n<p dir=\"ltr\"><em>&Aacute;o polo pique mắt chim phối tay cổ kẻ</em></p>\n<p dir=\"ltr\">Với phần cổ v&agrave; tay &aacute;o được bo nhẹ, phối kẻ, tạo sự tinh tế v&agrave; lịch l&atilde;m. Tuy nhi&ecirc;n cũng kh&ocirc;ng k&eacute;m phần trẻ trung v&agrave; thời thượng. Đ&acirc;y ch&iacute;nh l&agrave; sự lựa chọn h&agrave;ng đầu của nhiều gia đ&igrave;nh khi t&igrave;m mua &aacute;o đồng phục gia đ&igrave;nh.</p>\n</div>\n</div>', '2023-10-07', 'Sức hấp dẫn của áo polo gia đình ở Hà Nội không chỉ ở sự tinh tế trong thiết kế mang đến cảm giác thoải mái cho người mặc, mà...', 'http://res.cloudinary.com/dxqh3xpza/image/upload/v1696643967/rv8ves6cdy78hudt4xn7.webp', b'0', '17 mẫu áo polo gia đình VỪA ĐẸP VỪA SANG nhà nhà săn đón', 1);

-- --------------------------------------------------------

--
-- Cấu trúc bảng cho bảng `category`
--

CREATE TABLE `category` (
  `id` bigint NOT NULL,
  `image_banner` varchar(255) DEFAULT NULL,
  `name` varchar(255) DEFAULT NULL,
  `category_parent` bigint DEFAULT NULL,
  `is_primary` bit(1) DEFAULT NULL
) ENGINE=InnoDB DEFAULT CHARSET=utf8mb4 COLLATE=utf8mb4_0900_ai_ci;

--
-- Đang đổ dữ liệu cho bảng `category`
--

INSERT INTO `category` (`id`, `image_banner`, `name`, `category_parent`, `is_primary`) VALUES
(4, 'http://res.cloudinary.com/dxqh3xpza/image/upload/v1696416041/yigrlhtlbbqzpjy9xyb0.jpg', 'Đồ nam', NULL, b'1'),
(5, 'http://res.cloudinary.com/dxqh3xpza/image/upload/v1696416058/mq2jnvyqxlutinqnwlm5.jpg', 'Nữ', NULL, b'1'),
(6, 'http://res.cloudinary.com/dxqh3xpza/image/upload/v1696416201/kglqmeu75aoixysb8urm.webp', 'Trẻ em', NULL, b'1'),
(7, 'http://res.cloudinary.com/dxqh3xpza/image/upload/v1696416245/mlsndaduwccwflehp6fo.jpg', 'Đồng phục', NULL, b'1'),
(8, 'http://res.cloudinary.com/dxqh3xpza/image/upload/v1696416283/wvwxjcfum1an5u5zubxs.jpg', 'Áo polo nam', 4, NULL),
(10, 'http://res.cloudinary.com/dxqh3xpza/image/upload/v1696499236/rt0axram6ukcfarxpjtz.webp', 'Áo thun nam', 4, b'0'),
(11, 'http://res.cloudinary.com/dxqh3xpza/image/upload/v1696499324/zalt5xdhidxlfrmnuws5.webp', 'Quần jeans nam', 4, b'0'),
(12, 'http://res.cloudinary.com/dxqh3xpza/image/upload/v1696500113/vfcxgxsz0tbbtiitilin.webp', 'Áo Polo nữ', 5, b'0'),
(13, 'http://res.cloudinary.com/dxqh3xpza/image/upload/v1696500150/ynr3baljxhnmlnrvmp69.webp', 'Quần jeans nữ', 5, b'0'),
(14, 'http://res.cloudinary.com/dxqh3xpza/image/upload/v1696500201/lmu0rtvmjwfirmgd8ygp.webp', 'Áo chống nắng', 5, b'0'),
(15, 'http://res.cloudinary.com/dxqh3xpza/image/upload/v1696500243/c4sms6ilb6iligi3crug.webp', 'Áo polo', 6, b'0'),
(16, 'http://res.cloudinary.com/dxqh3xpza/image/upload/v1696500290/l3up9xixeh3aqlfesviq.webp', 'Quần short', 6, b'0'),
(17, 'http://res.cloudinary.com/dxqh3xpza/image/upload/v1696500342/trus8fwoszeqcddyudk1.webp', 'Đồng phục gia đình', 7, b'0'),
(18, 'http://res.cloudinary.com/dxqh3xpza/image/upload/v1696500377/jpeddb7hkypjmay5yj7y.webp', 'Đồ đôi', 7, b'0');

-- --------------------------------------------------------

--
-- Cấu trúc bảng cho bảng `chatting`
--

CREATE TABLE `chatting` (
  `id` bigint NOT NULL,
  `content` varchar(255) DEFAULT NULL,
  `created_date` datetime DEFAULT NULL,
  `receiver` bigint DEFAULT NULL,
  `sender` bigint DEFAULT NULL
) ENGINE=InnoDB DEFAULT CHARSET=utf8mb4 COLLATE=utf8mb4_0900_ai_ci;

--
-- Đang đổ dữ liệu cho bảng `chatting`
--

INSERT INTO `chatting` (`id`, `content`, `created_date`, `receiver`, `sender`) VALUES
(10, 'heheh', '2024-10-08 14:27:29', 2, 1),
(11, 'nay là ngày 31', '2024-10-31 14:33:21', NULL, 2),
(12, 'hi khách', '2024-10-31 14:33:30', 2, 1),
(13, 'heheheh', '2024-10-31 14:33:54', NULL, 2),
(14, 'tôi là minh nhật', '2024-10-31 14:40:30', NULL, 14),
(15, 'hi minh nhật', '2024-10-31 14:40:41', 14, 1),
(16, 'heheh bạn', '2024-11-14 11:31:37', 2, 1),
(17, 'oke đáy', '2024-11-14 11:31:41', NULL, 2);

-- --------------------------------------------------------

--
-- Cấu trúc bảng cho bảng `districts`
--

CREATE TABLE `districts` (
  `id` bigint NOT NULL,
  `name` varchar(255) DEFAULT NULL,
  `province_id` bigint DEFAULT NULL
) ENGINE=InnoDB DEFAULT CHARSET=utf8mb4 COLLATE=utf8mb4_0900_ai_ci;

--
-- Đang đổ dữ liệu cho bảng `districts`
--

INSERT INTO `districts` (`id`, `name`, `province_id`) VALUES
(1, 'Quận Ba Đình', 1),
(2, 'Quận Hoàn Kiếm', 1),
(3, 'Quận Tây Hồ', 1),
(4, 'Quận Long Biên', 1),
(5, 'Quận Cầu Giấy', 1),
(6, 'Quận Đống Đa', 1),
(7, 'Quận Hai Bà Trưng', 1),
(8, 'Quận Hoàng Mai', 1),
(9, 'Quận Thanh Xuân', 1),
(10, 'Huyện Sóc Sơn', 1),
(11, 'Huyện Đông Anh', 1),
(12, 'Huyện Gia Lâm', 1),
(13, 'Quận Nam Từ Liêm', 1),
(14, 'Huyện Thanh Trì', 1),
(15, 'Quận Bắc Từ Liêm', 1),
(16, 'Huyện Mê Linh', 1),
(17, 'Quận Hà Đông', 1),
(18, 'Thị xã Sơn Tây', 1),
(19, 'Huyện Ba Vì', 1),
(20, 'Huyện Phúc Thọ', 1),
(21, 'Huyện Đan Phượng', 1),
(22, 'Huyện Hoài Đức', 1),
(23, 'Huyện Quốc Oai', 1),
(24, 'Huyện Thạch Thất', 1),
(25, 'Huyện Chương Mỹ', 1),
(26, 'Huyện Thanh Oai', 1),
(27, 'Huyện Thường Tín', 1),
(28, 'Huyện Phú Xuyên', 1),
(29, 'Huyện Ứng Hòa', 1),
(30, 'Huyện Mỹ Đức', 1),
(31, 'Thành phố Hà Giang', 2),
(32, 'Huyện Đồng Văn', 2),
(33, 'Huyện Mèo Vạc', 2),
(34, 'Huyện Yên Minh', 2),
(35, 'Huyện Quản Bạ', 2),
(36, 'Huyện Vị Xuyên', 2),
(37, 'Huyện Bắc Mê', 2),
(38, 'Huyện Hoàng Su Phì', 2),
(39, 'Huyện Xín Mần', 2),
(40, 'Huyện Bắc Quang', 2),
(41, 'Huyện Quang Bình', 2),
(42, 'Thành phố Cao Bằng', 3),
(43, 'Huyện Bảo Lâm', 3),
(44, 'Huyện Bảo Lạc', 3),
(45, 'Huyện Hà Quảng', 3),
(46, 'Huyện Trùng Khánh', 3),
(47, 'Huyện Hạ Lang', 3),
(48, 'Huyện Quảng Hòa', 3),
(49, 'Huyện Hoà An', 3),
(50, 'Huyện Nguyên Bình', 3),
(51, 'Huyện Thạch An', 3),
(52, 'Thành Phố Bắc Kạn', 4),
(53, 'Huyện Pác Nặm', 4),
(54, 'Huyện Ba Bể', 4),
(55, 'Huyện Ngân Sơn', 4),
(56, 'Huyện Bạch Thông', 4),
(57, 'Huyện Chợ Đồn', 4),
(58, 'Huyện Chợ Mới', 4),
(59, 'Huyện Na Rì', 4),
(60, 'Thành phố Tuyên Quang', 5),
(61, 'Huyện Lâm Bình', 5),
(62, 'Huyện Na Hang', 5),
(63, 'Huyện Chiêm Hóa', 5),
(64, 'Huyện Hàm Yên', 5),
(65, 'Huyện Yên Sơn', 5),
(66, 'Huyện Sơn Dương', 5),
(67, 'Thành phố Lào Cai', 6),
(68, 'Huyện Bát Xát', 6),
(69, 'Huyện Mường Khương', 6),
(70, 'Huyện Si Ma Cai', 6),
(71, 'Huyện Bắc Hà', 6),
(72, 'Huyện Bảo Thắng', 6),
(73, 'Huyện Bảo Yên', 6),
(74, 'Thị xã Sa Pa', 6),
(75, 'Huyện Văn Bàn', 6),
(76, 'Thành phố Điện Biên Phủ', 7),
(77, 'Thị Xã Mường Lay', 7),
(78, 'Huyện Mường Nhé', 7),
(79, 'Huyện Mường Chà', 7),
(80, 'Huyện Tủa Chùa', 7),
(81, 'Huyện Tuần Giáo', 7),
(82, 'Huyện Điện Biên', 7),
(83, 'Huyện Điện Biên Đông', 7),
(84, 'Huyện Mường Ảng', 7),
(85, 'Huyện Nậm Pồ', 7),
(86, 'Thành phố Lai Châu', 8),
(87, 'Huyện Tam Đường', 8),
(88, 'Huyện Mường Tè', 8),
(89, 'Huyện Sìn Hồ', 8),
(90, 'Huyện Phong Thổ', 8),
(91, 'Huyện Than Uyên', 8),
(92, 'Huyện Tân Uyên', 8),
(93, 'Huyện Nậm Nhùn', 8),
(94, 'Thành phố Sơn La', 9),
(95, 'Huyện Quỳnh Nhai', 9),
(96, 'Huyện Thuận Châu', 9),
(97, 'Huyện Mường La', 9),
(98, 'Huyện Bắc Yên', 9),
(99, 'Huyện Phù Yên', 9),
(100, 'Huyện Mộc Châu', 9),
(101, 'Huyện Yên Châu', 9),
(102, 'Huyện Mai Sơn', 9),
(103, 'Huyện Sông Mã', 9),
(104, 'Huyện Sốp Cộp', 9),
(105, 'Huyện Vân Hồ', 9),
(106, 'Thành phố Yên Bái', 10),
(107, 'Thị xã Nghĩa Lộ', 10),
(108, 'Huyện Lục Yên', 10),
(109, 'Huyện Văn Yên', 10),
(110, 'Huyện Mù Căng Chải', 10),
(111, 'Huyện Trấn Yên', 10),
(112, 'Huyện Trạm Tấu', 10),
(113, 'Huyện Văn Chấn', 10),
(114, 'Huyện Yên Bình', 10),
(115, 'Thành phố Hòa Bình', 11),
(116, 'Huyện Đà Bắc', 11),
(117, 'Huyện Lương Sơn', 11),
(118, 'Huyện Kim Bôi', 11),
(119, 'Huyện Cao Phong', 11),
(120, 'Huyện Tân Lạc', 11),
(121, 'Huyện Mai Châu', 11),
(122, 'Huyện Lạc Sơn', 11),
(123, 'Huyện Yên Thủy', 11),
(124, 'Huyện Lạc Thủy', 11),
(125, 'Thành phố Thái Nguyên', 12),
(126, 'Thành phố Sông Công', 12),
(127, 'Huyện Định Hóa', 12),
(128, 'Huyện Phú Lương', 12),
(129, 'Huyện Đồng Hỷ', 12),
(130, 'Huyện Võ Nhai', 12),
(131, 'Huyện Đại Từ', 12),
(132, 'Thị xã Phổ Yên', 12),
(133, 'Huyện Phú Bình', 12),
(134, 'Thành phố Lạng Sơn', 13),
(135, 'Huyện Tràng Định', 13),
(136, 'Huyện Bình Gia', 13),
(137, 'Huyện Văn Lãng', 13),
(138, 'Huyện Cao Lộc', 13),
(139, 'Huyện Văn Quan', 13),
(140, 'Huyện Bắc Sơn', 13),
(141, 'Huyện Hữu Lũng', 13),
(142, 'Huyện Chi Lăng', 13),
(143, 'Huyện Lộc Bình', 13),
(144, 'Huyện Đình Lập', 13),
(145, 'Thành phố Hạ Long', 14),
(146, 'Thành phố Móng Cái', 14),
(147, 'Thành phố Cẩm Phả', 14),
(148, 'Thành phố Uông Bí', 14),
(149, 'Huyện Bình Liêu', 14),
(150, 'Huyện Tiên Yên', 14),
(151, 'Huyện Đầm Hà', 14),
(152, 'Huyện Hải Hà', 14),
(153, 'Huyện Ba Chẽ', 14),
(154, 'Huyện Vân Đồn', 14),
(155, 'Thị xã Đông Triều', 14),
(156, 'Thị xã Quảng Yên', 14),
(157, 'Huyện Cô Tô', 14),
(158, 'Thành phố Bắc Giang', 15),
(159, 'Huyện Yên Thế', 15),
(160, 'Huyện Tân Yên', 15),
(161, 'Huyện Lạng Giang', 15),
(162, 'Huyện Lục Nam', 15),
(163, 'Huyện Lục Ngạn', 15),
(164, 'Huyện Sơn Động', 15),
(165, 'Huyện Yên Dũng', 15),
(166, 'Huyện Việt Yên', 15),
(167, 'Huyện Hiệp Hòa', 15),
(168, 'Thành phố Việt Trì', 16),
(169, 'Thị xã Phú Thọ', 16),
(170, 'Huyện Đoan Hùng', 16),
(171, 'Huyện Hạ Hoà', 16),
(172, 'Huyện Thanh Ba', 16),
(173, 'Huyện Phù Ninh', 16),
(174, 'Huyện Yên Lập', 16),
(175, 'Huyện Cẩm Khê', 16),
(176, 'Huyện Tam Nông', 16),
(177, 'Huyện Lâm Thao', 16),
(178, 'Huyện Thanh Sơn', 16),
(179, 'Huyện Thanh Thuỷ', 16),
(180, 'Huyện Tân Sơn', 16),
(181, 'Thành phố Vĩnh Yên', 17),
(182, 'Thành phố Phúc Yên', 17),
(183, 'Huyện Lập Thạch', 17),
(184, 'Huyện Tam Dương', 17),
(185, 'Huyện Tam Đảo', 17),
(186, 'Huyện Bình Xuyên', 17),
(187, 'Huyện Yên Lạc', 17),
(188, 'Huyện Vĩnh Tường', 17),
(189, 'Huyện Sông Lô', 17),
(190, 'Thành phố Bắc Ninh', 18),
(191, 'Huyện Yên Phong', 18),
(192, 'Huyện Quế Võ', 18),
(193, 'Huyện Tiên Du', 18),
(194, 'Thị xã Từ Sơn', 18),
(195, 'Huyện Thuận Thành', 18),
(196, 'Huyện Gia Bình', 18),
(197, 'Huyện Lương Tài', 18),
(198, 'Thành phố Hải Dương', 19),
(199, 'Thành phố Chí Linh', 19),
(200, 'Huyện Nam Sách', 19),
(201, 'Thị xã Kinh Môn', 19),
(202, 'Huyện Kim Thành', 19),
(203, 'Huyện Thanh Hà', 19),
(204, 'Huyện Cẩm Giàng', 19),
(205, 'Huyện Bình Giang', 19),
(206, 'Huyện Gia Lộc', 19),
(207, 'Huyện Tứ Kỳ', 19),
(208, 'Huyện Ninh Giang', 19),
(209, 'Huyện Thanh Miện', 19),
(210, 'Quận Hồng Bàng', 20),
(211, 'Quận Ngô Quyền', 20),
(212, 'Quận Lê Chân', 20),
(213, 'Quận Hải An', 20),
(214, 'Quận Kiến An', 20),
(215, 'Quận Đồ Sơn', 20),
(216, 'Quận Dương Kinh', 20),
(217, 'Huyện Thuỷ Nguyên', 20),
(218, 'Huyện An Dương', 20),
(219, 'Huyện An Lão', 20),
(220, 'Huyện Kiến Thuỵ', 20),
(221, 'Huyện Tiên Lãng', 20),
(222, 'Huyện Vĩnh Bảo', 20),
(223, 'Huyện Cát Hải', 20),
(224, 'Huyện Bạch Long Vĩ', 20),
(225, 'Thành phố Hưng Yên', 21),
(226, 'Huyện Văn Lâm', 21),
(227, 'Huyện Văn Giang', 21),
(228, 'Huyện Yên Mỹ', 21),
(229, 'Thị xã Mỹ Hào', 21),
(230, 'Huyện Ân Thi', 21),
(231, 'Huyện Khoái Châu', 21),
(232, 'Huyện Kim Động', 21),
(233, 'Huyện Tiên Lữ', 21),
(234, 'Huyện Phù Cừ', 21),
(235, 'Thành phố Thái Bình', 22),
(236, 'Huyện Quỳnh Phụ', 22),
(237, 'Huyện Hưng Hà', 22),
(238, 'Huyện Đông Hưng', 22),
(239, 'Huyện Thái Thụy', 22),
(240, 'Huyện Tiền Hải', 22),
(241, 'Huyện Kiến Xương', 22),
(242, 'Huyện Vũ Thư', 22),
(243, 'Thành phố Phủ Lý', 23),
(244, 'Thị xã Duy Tiên', 23),
(245, 'Huyện Kim Bảng', 23),
(246, 'Huyện Thanh Liêm', 23),
(247, 'Huyện Bình Lục', 23),
(248, 'Huyện Lý Nhân', 23),
(249, 'Thành phố Nam Định', 24),
(250, 'Huyện Mỹ Lộc', 24),
(251, 'Huyện Vụ Bản', 24),
(252, 'Huyện Ý Yên', 24),
(253, 'Huyện Nghĩa Hưng', 24),
(254, 'Huyện Nam Trực', 24),
(255, 'Huyện Trực Ninh', 24),
(256, 'Huyện Xuân Trường', 24),
(257, 'Huyện Giao Thủy', 24),
(258, 'Huyện Hải Hậu', 24),
(259, 'Thành phố Ninh Bình', 25),
(260, 'Thành phố Tam Điệp', 25),
(261, 'Huyện Nho Quan', 25),
(262, 'Huyện Gia Viễn', 25),
(263, 'Huyện Hoa Lư', 25),
(264, 'Huyện Yên Khánh', 25),
(265, 'Huyện Kim Sơn', 25),
(266, 'Huyện Yên Mô', 25),
(267, 'Thành phố Thanh Hóa', 26),
(268, 'Thị xã Bỉm Sơn', 26),
(269, 'Thành phố Sầm Sơn', 26),
(270, 'Huyện Mường Lát', 26),
(271, 'Huyện Quan Hóa', 26),
(272, 'Huyện Bá Thước', 26),
(273, 'Huyện Quan Sơn', 26),
(274, 'Huyện Lang Chánh', 26),
(275, 'Huyện Ngọc Lặc', 26),
(276, 'Huyện Cẩm Thủy', 26),
(277, 'Huyện Thạch Thành', 26),
(278, 'Huyện Hà Trung', 26),
(279, 'Huyện Vĩnh Lộc', 26),
(280, 'Huyện Yên Định', 26),
(281, 'Huyện Thọ Xuân', 26),
(282, 'Huyện Thường Xuân', 26),
(283, 'Huyện Triệu Sơn', 26),
(284, 'Huyện Thiệu Hóa', 26),
(285, 'Huyện Hoằng Hóa', 26),
(286, 'Huyện Hậu Lộc', 26),
(287, 'Huyện Nga Sơn', 26),
(288, 'Huyện Như Xuân', 26),
(289, 'Huyện Như Thanh', 26),
(290, 'Huyện Nông Cống', 26),
(291, 'Huyện Đông Sơn', 26),
(292, 'Huyện Quảng Xương', 26),
(293, 'Thị xã Nghi Sơn', 26),
(294, 'Thành phố Vinh', 27),
(295, 'Thị xã Cửa Lò', 27),
(296, 'Thị xã Thái Hoà', 27),
(297, 'Huyện Quế Phong', 27),
(298, 'Huyện Quỳ Châu', 27),
(299, 'Huyện Kỳ Sơn', 27),
(300, 'Huyện Tương Dương', 27),
(301, 'Huyện Nghĩa Đàn', 27),
(302, 'Huyện Quỳ Hợp', 27),
(303, 'Huyện Quỳnh Lưu', 27),
(304, 'Huyện Con Cuông', 27),
(305, 'Huyện Tân Kỳ', 27),
(306, 'Huyện Anh Sơn', 27),
(307, 'Huyện Diễn Châu', 27),
(308, 'Huyện Yên Thành', 27),
(309, 'Huyện Đô Lương', 27),
(310, 'Huyện Thanh Chương', 27),
(311, 'Huyện Nghi Lộc', 27),
(312, 'Huyện Nam Đàn', 27),
(313, 'Huyện Hưng Nguyên', 27),
(314, 'Thị xã Hoàng Mai', 27),
(315, 'Thành phố Hà Tĩnh', 28),
(316, 'Thị xã Hồng Lĩnh', 28),
(317, 'Huyện Hương Sơn', 28),
(318, 'Huyện Đức Thọ', 28),
(319, 'Huyện Vũ Quang', 28),
(320, 'Huyện Nghi Xuân', 28),
(321, 'Huyện Can Lộc', 28),
(322, 'Huyện Hương Khê', 28),
(323, 'Huyện Thạch Hà', 28),
(324, 'Huyện Cẩm Xuyên', 28),
(325, 'Huyện Kỳ Anh', 28),
(326, 'Huyện Lộc Hà', 28),
(327, 'Thị xã Kỳ Anh', 28),
(328, 'Thành Phố Đồng Hới', 29),
(329, 'Huyện Minh Hóa', 29),
(330, 'Huyện Tuyên Hóa', 29),
(331, 'Huyện Quảng Trạch', 29),
(332, 'Huyện Bố Trạch', 29),
(333, 'Huyện Quảng Ninh', 29),
(334, 'Huyện Lệ Thủy', 29),
(335, 'Thị xã Ba Đồn', 29),
(336, 'Thành phố Đông Hà', 30),
(337, 'Thị xã Quảng Trị', 30),
(338, 'Huyện Vĩnh Linh', 30),
(339, 'Huyện Hướng Hóa', 30),
(340, 'Huyện Gio Linh', 30),
(341, 'Huyện Đa Krông', 30),
(342, 'Huyện Cam Lộ', 30),
(343, 'Huyện Triệu Phong', 30),
(344, 'Huyện Hải Lăng', 30),
(345, 'Huyện Cồn Cỏ', 30),
(346, 'Thành phố Huế', 31),
(347, 'Huyện Phong Điền', 31),
(348, 'Huyện Quảng Điền', 31),
(349, 'Huyện Phú Vang', 31),
(350, 'Thị xã Hương Thủy', 31),
(351, 'Thị xã Hương Trà', 31),
(352, 'Huyện A Lưới', 31),
(353, 'Huyện Phú Lộc', 31),
(354, 'Huyện Nam Đông', 31),
(355, 'Quận Liên Chiểu', 32),
(356, 'Quận Thanh Khê', 32),
(357, 'Quận Hải Châu', 32),
(358, 'Quận Sơn Trà', 32),
(359, 'Quận Ngũ Hành Sơn', 32),
(360, 'Quận Cẩm Lệ', 32),
(361, 'Huyện Hòa Vang', 32),
(362, 'Huyện Hoàng Sa', 32),
(363, 'Thành phố Tam Kỳ', 33),
(364, 'Thành phố Hội An', 33),
(365, 'Huyện Tây Giang', 33),
(366, 'Huyện Đông Giang', 33),
(367, 'Huyện Đại Lộc', 33),
(368, 'Thị xã Điện Bàn', 33),
(369, 'Huyện Duy Xuyên', 33),
(370, 'Huyện Quế Sơn', 33),
(371, 'Huyện Nam Giang', 33),
(372, 'Huyện Phước Sơn', 33),
(373, 'Huyện Hiệp Đức', 33),
(374, 'Huyện Thăng Bình', 33),
(375, 'Huyện Tiên Phước', 33),
(376, 'Huyện Bắc Trà My', 33),
(377, 'Huyện Nam Trà My', 33),
(378, 'Huyện Núi Thành', 33),
(379, 'Huyện Phú Ninh', 33),
(380, 'Huyện Nông Sơn', 33),
(381, 'Thành phố Quảng Ngãi', 34),
(382, 'Huyện Bình Sơn', 34),
(383, 'Huyện Trà Bồng', 34),
(384, 'Huyện Sơn Tịnh', 34),
(385, 'Huyện Tư Nghĩa', 34),
(386, 'Huyện Sơn Hà', 34),
(387, 'Huyện Sơn Tây', 34),
(388, 'Huyện Minh Long', 34),
(389, 'Huyện Nghĩa Hành', 34),
(390, 'Huyện Mộ Đức', 34),
(391, 'Thị xã Đức Phổ', 34),
(392, 'Huyện Ba Tơ', 34),
(393, 'Huyện Lý Sơn', 34),
(394, 'Thành phố Quy Nhơn', 35),
(395, 'Huyện An Lão', 35),
(396, 'Thị xã Hoài Nhơn', 35),
(397, 'Huyện Hoài Ân', 35),
(398, 'Huyện Phù Mỹ', 35),
(399, 'Huyện Vĩnh Thạnh', 35),
(400, 'Huyện Tây Sơn', 35),
(401, 'Huyện Phù Cát', 35),
(402, 'Thị xã An Nhơn', 35),
(403, 'Huyện Tuy Phước', 35),
(404, 'Huyện Vân Canh', 35),
(405, 'Thành phố Tuy Hoà', 36),
(406, 'Thị xã Sông Cầu', 36),
(407, 'Huyện Đồng Xuân', 36),
(408, 'Huyện Tuy An', 36),
(409, 'Huyện Sơn Hòa', 36),
(410, 'Huyện Sông Hinh', 36),
(411, 'Huyện Tây Hoà', 36),
(412, 'Huyện Phú Hoà', 36),
(413, 'Thị xã Đông Hòa', 36),
(414, 'Thành phố Nha Trang', 37),
(415, 'Thành phố Cam Ranh', 37),
(416, 'Huyện Cam Lâm', 37),
(417, 'Huyện Vạn Ninh', 37),
(418, 'Thị xã Ninh Hòa', 37),
(419, 'Huyện Khánh Vĩnh', 37),
(420, 'Huyện Diên Khánh', 37),
(421, 'Huyện Khánh Sơn', 37),
(422, 'Huyện Trường Sa', 37),
(423, 'Thành phố Phan Rang-Tháp Chàm', 38),
(424, 'Huyện Bác Ái', 38),
(425, 'Huyện Ninh Sơn', 38),
(426, 'Huyện Ninh Hải', 38),
(427, 'Huyện Ninh Phước', 38),
(428, 'Huyện Thuận Bắc', 38),
(429, 'Huyện Thuận Nam', 38),
(430, 'Thành phố Phan Thiết', 39),
(431, 'Thị xã La Gi', 39),
(432, 'Huyện Tuy Phong', 39),
(433, 'Huyện Bắc Bình', 39),
(434, 'Huyện Hàm Thuận Bắc', 39),
(435, 'Huyện Hàm Thuận Nam', 39),
(436, 'Huyện Tánh Linh', 39),
(437, 'Huyện Đức Linh', 39),
(438, 'Huyện Hàm Tân', 39),
(439, 'Huyện Phú Quí', 39),
(440, 'Thành phố Kon Tum', 40),
(441, 'Huyện Đắk Glei', 40),
(442, 'Huyện Ngọc Hồi', 40),
(443, 'Huyện Đắk Tô', 40),
(444, 'Huyện Kon Plông', 40),
(445, 'Huyện Kon Rẫy', 40),
(446, 'Huyện Đắk Hà', 40),
(447, 'Huyện Sa Thầy', 40),
(448, 'Huyện Tu Mơ Rông', 40),
(449, 'Huyện Ia H\' Drai', 40),
(450, 'Thành phố Pleiku', 41),
(451, 'Thị xã An Khê', 41),
(452, 'Thị xã Ayun Pa', 41),
(453, 'Huyện KBang', 41),
(454, 'Huyện Đăk Đoa', 41),
(455, 'Huyện Chư Păh', 41),
(456, 'Huyện Ia Grai', 41),
(457, 'Huyện Mang Yang', 41),
(458, 'Huyện Kông Chro', 41),
(459, 'Huyện Đức Cơ', 41),
(460, 'Huyện Chư Prông', 41),
(461, 'Huyện Chư Sê', 41),
(462, 'Huyện Đăk Pơ', 41),
(463, 'Huyện Ia Pa', 41),
(464, 'Huyện Krông Pa', 41),
(465, 'Huyện Phú Thiện', 41),
(466, 'Huyện Chư Pưh', 41),
(467, 'Thành phố Buôn Ma Thuột', 42),
(468, 'Thị Xã Buôn Hồ', 42),
(469, 'Huyện Ea H\'leo', 42),
(470, 'Huyện Ea Súp', 42),
(471, 'Huyện Buôn Đôn', 42),
(472, 'Huyện Cư M\'gar', 42),
(473, 'Huyện Krông Búk', 42),
(474, 'Huyện Krông Năng', 42),
(475, 'Huyện Ea Kar', 42),
(476, 'Huyện M\'Đrắk', 42),
(477, 'Huyện Krông Bông', 42),
(478, 'Huyện Krông Pắc', 42),
(479, 'Huyện Krông A Na', 42),
(480, 'Huyện Lắk', 42),
(481, 'Huyện Cư Kuin', 42),
(482, 'Thành phố Gia Nghĩa', 43),
(483, 'Huyện Đăk Glong', 43),
(484, 'Huyện Cư Jút', 43),
(485, 'Huyện Đắk Mil', 43),
(486, 'Huyện Krông Nô', 43),
(487, 'Huyện Đắk Song', 43),
(488, 'Huyện Đắk R\'Lấp', 43),
(489, 'Huyện Tuy Đức', 43),
(490, 'Thành phố Đà Lạt', 44),
(491, 'Thành phố Bảo Lộc', 44),
(492, 'Huyện Đam Rông', 44),
(493, 'Huyện Lạc Dương', 44),
(494, 'Huyện Lâm Hà', 44),
(495, 'Huyện Đơn Dương', 44),
(496, 'Huyện Đức Trọng', 44),
(497, 'Huyện Di Linh', 44),
(498, 'Huyện Bảo Lâm', 44),
(499, 'Huyện Đạ Huoai', 44),
(500, 'Huyện Đạ Tẻh', 44),
(501, 'Huyện Cát Tiên', 44),
(502, 'Thị xã Phước Long', 45),
(503, 'Thành phố Đồng Xoài', 45),
(504, 'Thị xã Bình Long', 45),
(505, 'Huyện Bù Gia Mập', 45),
(506, 'Huyện Lộc Ninh', 45),
(507, 'Huyện Bù Đốp', 45),
(508, 'Huyện Hớn Quản', 45),
(509, 'Huyện Đồng Phú', 45),
(510, 'Huyện Bù Đăng', 45),
(511, 'Huyện Chơn Thành', 45),
(512, 'Huyện Phú Riềng', 45),
(513, 'Thành phố Tây Ninh', 46),
(514, 'Huyện Tân Biên', 46),
(515, 'Huyện Tân Châu', 46),
(516, 'Huyện Dương Minh Châu', 46),
(517, 'Huyện Châu Thành', 46),
(518, 'Thị xã Hòa Thành', 46),
(519, 'Huyện Gò Dầu', 46),
(520, 'Huyện Bến Cầu', 46),
(521, 'Thị xã Trảng Bàng', 46),
(522, 'Thành phố Thủ Dầu Một', 47),
(523, 'Huyện Bàu Bàng', 47),
(524, 'Huyện Dầu Tiếng', 47),
(525, 'Thị xã Bến Cát', 47),
(526, 'Huyện Phú Giáo', 47),
(527, 'Thị xã Tân Uyên', 47),
(528, 'Thành phố Dĩ An', 47),
(529, 'Thành phố Thuận An', 47),
(530, 'Huyện Bắc Tân Uyên', 47),
(531, 'Thành phố Biên Hòa', 48),
(532, 'Thành phố Long Khánh', 48),
(533, 'Huyện Tân Phú', 48),
(534, 'Huyện Vĩnh Cửu', 48),
(535, 'Huyện Định Quán', 48),
(536, 'Huyện Trảng Bom', 48),
(537, 'Huyện Thống Nhất', 48),
(538, 'Huyện Cẩm Mỹ', 48),
(539, 'Huyện Long Thành', 48),
(540, 'Huyện Xuân Lộc', 48),
(541, 'Huyện Nhơn Trạch', 48),
(542, 'Thành phố Vũng Tàu', 49),
(543, 'Thành phố Bà Rịa', 49),
(544, 'Huyện Châu Đức', 49),
(545, 'Huyện Xuyên Mộc', 49),
(546, 'Huyện Long Điền', 49),
(547, 'Huyện Đất Đỏ', 49),
(548, 'Thị xã Phú Mỹ', 49),
(549, 'Huyện Côn Đảo', 49),
(550, 'Quận 1', 50),
(551, 'Quận 12', 50),
(552, 'Quận Gò Vấp', 50),
(553, 'Quận Bình Thạnh', 50),
(554, 'Quận Tân Bình', 50),
(555, 'Quận Tân Phú', 50),
(556, 'Quận Phú Nhuận', 50),
(557, 'Thành phố Thủ Đức', 50),
(558, 'Quận 3', 50),
(559, 'Quận 10', 50),
(560, 'Quận 11', 50),
(561, 'Quận 4', 50),
(562, 'Quận 5', 50),
(563, 'Quận 6', 50),
(564, 'Quận 8', 50),
(565, 'Quận Bình Tân', 50),
(566, 'Quận 7', 50),
(567, 'Huyện Củ Chi', 50),
(568, 'Huyện Hóc Môn', 50),
(569, 'Huyện Bình Chánh', 50),
(570, 'Huyện Nhà Bè', 50),
(571, 'Huyện Cần Giờ', 50),
(572, 'Thành phố Tân An', 51),
(573, 'Thị xã Kiến Tường', 51),
(574, 'Huyện Tân Hưng', 51),
(575, 'Huyện Vĩnh Hưng', 51),
(576, 'Huyện Mộc Hóa', 51),
(577, 'Huyện Tân Thạnh', 51),
(578, 'Huyện Thạnh Hóa', 51),
(579, 'Huyện Đức Huệ', 51),
(580, 'Huyện Đức Hòa', 51),
(581, 'Huyện Bến Lức', 51),
(582, 'Huyện Thủ Thừa', 51),
(583, 'Huyện Tân Trụ', 51),
(584, 'Huyện Cần Đước', 51),
(585, 'Huyện Cần Giuộc', 51),
(586, 'Huyện Châu Thành', 51),
(587, 'Thành phố Mỹ Tho', 52),
(588, 'Thị xã Gò Công', 52),
(589, 'Thị xã Cai Lậy', 52),
(590, 'Huyện Tân Phước', 52),
(591, 'Huyện Cái Bè', 52),
(592, 'Huyện Cai Lậy', 52),
(593, 'Huyện Châu Thành', 52),
(594, 'Huyện Chợ Gạo', 52),
(595, 'Huyện Gò Công Tây', 52),
(596, 'Huyện Gò Công Đông', 52),
(597, 'Huyện Tân Phú Đông', 52),
(598, 'Thành phố Bến Tre', 53),
(599, 'Huyện Châu Thành', 53),
(600, 'Huyện Chợ Lách', 53),
(601, 'Huyện Mỏ Cày Nam', 53),
(602, 'Huyện Giồng Trôm', 53),
(603, 'Huyện Bình Đại', 53),
(604, 'Huyện Ba Tri', 53),
(605, 'Huyện Thạnh Phú', 53),
(606, 'Huyện Mỏ Cày Bắc', 53),
(607, 'Thành phố Trà Vinh', 54),
(608, 'Huyện Càng Long', 54),
(609, 'Huyện Cầu Kè', 54),
(610, 'Huyện Tiểu Cần', 54),
(611, 'Huyện Châu Thành', 54),
(612, 'Huyện Cầu Ngang', 54),
(613, 'Huyện Trà Cú', 54),
(614, 'Huyện Duyên Hải', 54),
(615, 'Thị xã Duyên Hải', 54),
(616, 'Thành phố Vĩnh Long', 55),
(617, 'Huyện Long Hồ', 55),
(618, 'Huyện Mang Thít', 55),
(619, 'Huyện Vũng Liêm', 55),
(620, 'Huyện Tam Bình', 55),
(621, 'Thị xã Bình Minh', 55),
(622, 'Huyện Trà Ôn', 55),
(623, 'Huyện Bình Tân', 55),
(624, 'Thành phố Cao Lãnh', 56),
(625, 'Thành phố Sa Đéc', 56),
(626, 'Thành phố Hồng Ngự', 56),
(627, 'Huyện Tân Hồng', 56),
(628, 'Huyện Hồng Ngự', 56),
(629, 'Huyện Tam Nông', 56),
(630, 'Huyện Tháp Mười', 56),
(631, 'Huyện Cao Lãnh', 56),
(632, 'Huyện Thanh Bình', 56),
(633, 'Huyện Lấp Vò', 56),
(634, 'Huyện Lai Vung', 56),
(635, 'Huyện Châu Thành', 56),
(636, 'Thành phố Long Xuyên', 57),
(637, 'Thành phố Châu Đốc', 57),
(638, 'Huyện An Phú', 57),
(639, 'Thị xã Tân Châu', 57),
(640, 'Huyện Phú Tân', 57),
(641, 'Huyện Châu Phú', 57),
(642, 'Huyện Tịnh Biên', 57),
(643, 'Huyện Tri Tôn', 57),
(644, 'Huyện Châu Thành', 57),
(645, 'Huyện Chợ Mới', 57),
(646, 'Huyện Thoại Sơn', 57),
(647, 'Thành phố Rạch Giá', 58),
(648, 'Thành phố Hà Tiên', 58),
(649, 'Huyện Kiên Lương', 58),
(650, 'Huyện Hòn Đất', 58),
(651, 'Huyện Tân Hiệp', 58),
(652, 'Huyện Châu Thành', 58),
(653, 'Huyện Giồng Riềng', 58),
(654, 'Huyện Gò Quao', 58),
(655, 'Huyện An Biên', 58),
(656, 'Huyện An Minh', 58),
(657, 'Huyện Vĩnh Thuận', 58),
(658, 'Thành phố Phú Quốc', 58),
(659, 'Huyện Kiên Hải', 58),
(660, 'Huyện U Minh Thượng', 58),
(661, 'Huyện Giang Thành', 58),
(662, 'Quận Ninh Kiều', 59),
(663, 'Quận Ô Môn', 59),
(664, 'Quận Bình Thuỷ', 59),
(665, 'Quận Cái Răng', 59),
(666, 'Quận Thốt Nốt', 59),
(667, 'Huyện Vĩnh Thạnh', 59),
(668, 'Huyện Cờ Đỏ', 59),
(669, 'Huyện Phong Điền', 59),
(670, 'Huyện Thới Lai', 59),
(671, 'Thành phố Vị Thanh', 60),
(672, 'Thành phố Ngã Bảy', 60),
(673, 'Huyện Châu Thành A', 60),
(674, 'Huyện Châu Thành', 60),
(675, 'Huyện Phụng Hiệp', 60),
(676, 'Huyện Vị Thuỷ', 60),
(677, 'Huyện Long Mỹ', 60),
(678, 'Thị xã Long Mỹ', 60),
(679, 'Thành phố Sóc Trăng', 61),
(680, 'Huyện Châu Thành', 61),
(681, 'Huyện Kế Sách', 61),
(682, 'Huyện Mỹ Tú', 61),
(683, 'Huyện Cù Lao Dung', 61),
(684, 'Huyện Long Phú', 61),
(685, 'Huyện Mỹ Xuyên', 61),
(686, 'Thị xã Ngã Năm', 61),
(687, 'Huyện Thạnh Trị', 61),
(688, 'Thị xã Vĩnh Châu', 61),
(689, 'Huyện Trần Đề', 61),
(690, 'Thành phố Bạc Liêu', 62),
(691, 'Huyện Hồng Dân', 62),
(692, 'Huyện Phước Long', 62),
(693, 'Huyện Vĩnh Lợi', 62),
(694, 'Thị xã Giá Rai', 62),
(695, 'Huyện Đông Hải', 62),
(696, 'Huyện Hoà Bình', 62),
(697, 'Thành phố Cà Mau', 63),
(698, 'Huyện U Minh', 63),
(699, 'Huyện Thới Bình', 63),
(700, 'Huyện Trần Văn Thời', 63),
(701, 'Huyện Cái Nước', 63),
(702, 'Huyện Đầm Dơi', 63),
(703, 'Huyện Năm Căn', 63),
(704, 'Huyện Phú Tân', 63),
(705, 'Huyện Ngọc Hiển', 63);

-- --------------------------------------------------------

--
-- Cấu trúc bảng cho bảng `history_pay`
--

CREATE TABLE `history_pay` (
  `id` bigint NOT NULL,
  `created_date` date DEFAULT NULL,
  `created_time` time DEFAULT NULL,
  `order_id` varchar(255) DEFAULT NULL,
  `request_id` varchar(255) DEFAULT NULL,
  `total_amount` double DEFAULT NULL,
  `invoice_id` bigint DEFAULT NULL
) ENGINE=InnoDB DEFAULT CHARSET=utf8mb4 COLLATE=utf8mb4_0900_ai_ci;

--
-- Đang đổ dữ liệu cho bảng `history_pay`
--

INSERT INTO `history_pay` (`id`, `created_date`, `created_time`, `order_id`, `request_id`, `total_amount`, `invoice_id`) VALUES
(3, '2023-10-06', '19:55:55', '1696596911787', '1696596911787', 798000, 9),
(4, '2023-10-06', '19:57:33', '1696597014613', '1696597014613', 798000, 10),
(5, '2023-10-06', '20:01:00', '1696597221504', '1696597221504', 758000, 12),
(6, '2023-10-15', '22:37:48', '1697384224225', '1697384224225', 1197000, 14),
(7, '2023-12-16', '13:44:45', '1702709018697', '1702709018697', 1197000, 15),
(8, '2024-01-19', '15:53:11', '1705654322633', '1705654322633', 299000, 16),
(9, '2024-02-16', '17:02:58', '1708077722339', '1708077722339', 1399000, 17),
(10, '2024-03-15', '19:27:35', '1710505594402', '1710505594402', 1399000, 19),
(11, '2024-03-27', '20:27:03', '1711545918436', '1711545918436', 1199000, 20),
(12, '2024-04-02', '08:29:02', '1712021206178', '1712021206178', 9890000, 21),
(13, '2024-05-05', '22:01:41', '1714921241819', '1714921241819', 299000, 22),
(14, '2024-05-17', '08:28:23', '1715909207098', '1715909207098', 800000, 23),
(15, '2024-08-20', '14:27:55', '1724138805736', '1724138805736', 798000, 24),
(16, '2024-09-28', '14:12:02', '1727507455333', '1727507455333', 1346000, 25),
(17, '2024-10-30', '19:27:42', '1730291241707', '1730291241707', 1396000, 26),
(18, '2024-10-31', '14:28:44', '1730359676912', '1730359676912', 2194000, 27);

-- --------------------------------------------------------

--
-- Cấu trúc bảng cho bảng `import_product`
--

CREATE TABLE `import_product` (
  `id` bigint NOT NULL,
  `description` varchar(255) DEFAULT NULL,
  `import_date` date DEFAULT NULL,
  `import_price` double DEFAULT NULL,
  `import_time` time DEFAULT NULL,
  `quantity` int DEFAULT NULL,
  `product_size_id` bigint DEFAULT NULL
) ENGINE=InnoDB DEFAULT CHARSET=utf8mb4 COLLATE=utf8mb4_0900_ai_ci;

--
-- Đang đổ dữ liệu cho bảng `import_product`
--

INSERT INTO `import_product` (`id`, `description`, `import_date`, `import_price`, `import_time`, `quantity`, `product_size_id`) VALUES
(7, '<p>người nhập: hsabsd</p>\n<p>người b&aacute;n: hieu</p>', '2023-10-05', 399000, '11:55:42', 566, 72),
(8, '<p>người nhập: hieu</p>', '2023-10-05', 399000, '12:08:51', 5000, 73),
(9, '<p>fwefwefewf</p>\n<p>fiwebf</p>', '2024-01-19', 299000, '15:47:52', 20, 70);

-- --------------------------------------------------------

--
-- Cấu trúc bảng cho bảng `invoice`
--

CREATE TABLE `invoice` (
  `id` bigint NOT NULL,
  `address` varchar(255) DEFAULT NULL,
  `created_date` date DEFAULT NULL,
  `created_time` time DEFAULT NULL,
  `phone` varchar(255) DEFAULT NULL,
  `receiver_name` varchar(255) DEFAULT NULL,
  `total_amount` double DEFAULT NULL,
  `user_address_id` bigint DEFAULT NULL,
  `status_current` bigint DEFAULT NULL,
  `pay_type` int DEFAULT NULL,
  `voucher_id` bigint DEFAULT NULL,
  `note` varchar(255) DEFAULT NULL
) ENGINE=InnoDB DEFAULT CHARSET=utf8mb4 COLLATE=utf8mb4_0900_ai_ci;

--
-- Đang đổ dữ liệu cho bảng `invoice`
--

INSERT INTO `invoice` (`id`, `address`, `created_date`, `created_time`, `phone`, `receiver_name`, `total_amount`, `user_address_id`, `status_current`, `pay_type`, `voucher_id`, `note`) VALUES
(7, '102 trường chinh, Phường Trương Định, Quận Hai Bà Trưng. Thành phố Hà Nội', '2023-10-06', '19:02:59', '09326472', 'Hoàng minh hiếu', 798000, 8, 4, 1, NULL, 'Nhận tối'),
(8, '102 trường chinh, Phường Trương Định, Quận Hai Bà Trưng. Thành phố Hà Nội', '2023-10-06', '19:13:04', '09326472', 'Hoàng minh hiếu', 299000, 8, 1, 1, NULL, ''),
(9, '102 trường chinh, Phường Trương Định, Quận Hai Bà Trưng. Thành phố Hà Nội', '2023-10-06', '19:55:55', '09326472', 'Hoàng minh hiếu', 798000, 8, 2, 0, NULL, ''),
(10, '102 trường chinh, Phường Trương Định, Quận Hai Bà Trưng. Thành phố Hà Nội', '2023-10-06', '19:57:33', '09326472', 'Hoàng minh hiếu', 798000, 8, 2, 0, NULL, ''),
(11, '102 trường chinh, Phường Trương Định, Quận Hai Bà Trưng. Thành phố Hà Nội', '2023-10-06', '19:59:12', '09326472', 'Hoàng minh hiếu', 758000, 8, 5, 1, 1, 'Nhận tối'),
(12, '102 trường chinh, Phường Trương Định, Quận Hai Bà Trưng. Thành phố Hà Nội', '2023-10-06', '20:01:00', '09326472', 'Hoàng minh hiếu', 758000, 8, 1, 0, 1, 'sáng'),
(13, '102 trường chinh, Phường Trương Định, Quận Hai Bà Trưng. Thành phố Hà Nội', '2023-10-08', '16:35:12', '09326472', 'Hoàng minh hiếu', 299000, 8, 1, 1, NULL, ''),
(14, '102 trường chinh, Phường Trương Định, Quận Hai Bà Trưng. Thành phố Hà Nội', '2023-10-15', '22:37:48', '09326472', 'Hoàng minh hiếu', 1197000, 8, 6, 0, NULL, ''),
(15, 'nhà 12, cửu việt 2, Thị trấn Trâu Quỳ, Huyện Gia Lâm. Thành phố Hà Nội', '2023-12-16', '13:44:44', '0821394238', 'Đức Lê', 1197000, 10, 1, 0, NULL, 'nhận hàng trưa'),
(16, '102 trường chinh, Phường Trương Định, Quận Hai Bà Trưng. Thành phố Hà Nội', '2024-01-19', '15:53:11', '09326472', 'Hoàng minh hiếu', 299000, 8, 1, 0, NULL, 'oke'),
(17, 'nhà 25 ngô xuân quảng, Xã Đại Thành, Huyện Quốc Oai. Thành phố Hà Nội', '2024-02-16', '17:02:58', '09213748', 'hoàng minh hiếu', 1399000, 9, 1, 0, NULL, 'mua lần 2'),
(18, '102 trường chinh, Phường Trương Định, Quận Hai Bà Trưng. Thành phố Hà Nội', '2024-03-04', '19:32:09', '09326472', 'Hoàng minh hiếu', 1099000, 8, 1, 1, NULL, ''),
(19, 'nhà 22, Thị trấn Trà Lĩnh, Huyện Trùng Khánh. Tỉnh Cao Bằng', '2024-03-15', '19:27:35', '023478234', 'Nguyễn hoài nam', 1399000, 13, 1, 0, NULL, 'nhận tối'),
(20, 'Nhà 34, Phường Phương Canh, Quận Nam Từ Liêm. Thành phố Hà Nội', '2024-03-27', '20:27:03', '0324729834', 'Hoài nam', 1199000, 14, 1, 0, NULL, 'hgggg'),
(21, 'Nhà 21, Xã Yên Mỹ, Huyện Thanh Trì. Thành phố Hà Nội', '2024-04-02', '08:29:02', '0324782343', 'Hoàng mạnh hùng', 9890000, 12, 5, 0, 7, ''),
(22, '21B, Thị trấn Đồng Văn, Huyện Đồng Văn. Tỉnh Hà Giang', '2024-05-05', '22:01:41', '09324823423', 'Hoàng lan', 299000, 17, 2, 0, NULL, ''),
(23, '102 trường chinh, Phường Trương Định, Quận Hai Bà Trưng. Thành phố Hà Nội', '2024-05-17', '08:28:23', '09326472', 'Hoàng minh hiếu', 800000, 8, 1, 0, NULL, ''),
(24, 'trường chinh, Xã Yên Thượng, Huyện Chợ Đồn. Tỉnh Bắc Kạn', '2024-08-20', '14:27:55', '09324823', 'trần văn hiếu', 798000, 3, 2, 0, NULL, ''),
(25, 'trường chinh, Xã Yên Thượng, Huyện Chợ Đồn. Tỉnh Bắc Kạn', '2024-09-28', '14:12:02', '09324823', 'trần văn hiếu', 1346000, 3, 1, 0, 6, ''),
(26, '102 trường chinh, Phường Trương Định, Quận Hai Bà Trưng. Thành phố Hà Nội', '2024-10-30', '19:27:42', '09326472', 'Hoàng minh hiếu', 1396000, 8, 1, 2, NULL, ''),
(27, '14 đường minh khai, Phường Trường Thạnh, Thành phố Thủ Đức. Thành phố Hồ Chí Minh', '2024-10-31', '14:28:44', '0963332114', 'Trần Văn Hiếu', 2194000, 18, 1, 2, NULL, ''),
(28, '102 trường chinh, Phường Trương Định, Quận Hai Bà Trưng. Thành phố Hà Nội', '2024-11-14', '14:02:46', '09326472', 'Hoàng minh hiếu', 1797000, 8, 1, 3, NULL, ''),
(29, NULL, '2024-11-14', '17:55:59', '0998877665', 'Hoàng minh hiếu', 698000, NULL, 4, 4, NULL, NULL);

-- --------------------------------------------------------

--
-- Cấu trúc bảng cho bảng `invoice_detail`
--

CREATE TABLE `invoice_detail` (
  `id` bigint NOT NULL,
  `price` double DEFAULT NULL,
  `quantity` int DEFAULT NULL,
  `invoice_id` bigint DEFAULT NULL,
  `product_size_id` bigint DEFAULT NULL
) ENGINE=InnoDB DEFAULT CHARSET=utf8mb4 COLLATE=utf8mb4_0900_ai_ci;

--
-- Đang đổ dữ liệu cho bảng `invoice_detail`
--

INSERT INTO `invoice_detail` (`id`, `price`, `quantity`, `invoice_id`, `product_size_id`) VALUES
(13, 399000, 2, 7, 61),
(14, 299000, 1, 8, 78),
(15, 399000, 2, 9, 62),
(16, 399000, 2, 10, 62),
(17, 399000, 2, 11, 62),
(18, 399000, 2, 12, 62),
(19, 299000, 1, 13, 79),
(20, 399000, 3, 14, 61),
(21, 399000, 2, 15, 61),
(22, 399000, 1, 15, 67),
(23, 299000, 1, 16, 77),
(24, 299000, 1, 17, 77),
(25, 550000, 2, 17, 96),
(26, 299000, 1, 18, 77),
(27, 800000, 1, 18, 87),
(28, 299000, 1, 19, 77),
(29, 550000, 2, 19, 96),
(30, 800000, 1, 20, 87),
(31, 399000, 1, 20, 70),
(32, 9990000, 1, 21, 102),
(33, 299000, 1, 22, 82),
(34, 800000, 1, 23, 87),
(35, 399000, 2, 24, 62),
(36, 399000, 2, 25, 62),
(37, 299000, 2, 25, 82),
(38, 399000, 2, 26, 62),
(39, 299000, 2, 26, 82),
(40, 399000, 2, 27, 62),
(41, 299000, 2, 27, 82),
(42, 399000, 2, 27, 70),
(43, 399000, 2, 28, 62),
(44, 999000, 1, 28, 106),
(45, 399000, 1, 29, 62),
(46, 299000, 1, 29, 78);

-- --------------------------------------------------------

--
-- Cấu trúc bảng cho bảng `invoice_status`
--

CREATE TABLE `invoice_status` (
  `id` bigint NOT NULL,
  `created_date` date DEFAULT NULL,
  `created_time` time DEFAULT NULL,
  `invoice_id` bigint DEFAULT NULL,
  `status_id` bigint DEFAULT NULL
) ENGINE=InnoDB DEFAULT CHARSET=utf8mb4 COLLATE=utf8mb4_0900_ai_ci;

--
-- Đang đổ dữ liệu cho bảng `invoice_status`
--

INSERT INTO `invoice_status` (`id`, `created_date`, `created_time`, `invoice_id`, `status_id`) VALUES
(9, '2023-10-06', '19:02:59', 7, 1),
(10, '2023-10-06', '19:13:04', 8, 1),
(11, '2023-10-06', '19:55:55', 9, 1),
(12, '2023-10-06', '19:57:33', 10, 1),
(13, '2023-10-06', '19:59:12', 11, 1),
(14, '2023-10-06', '20:01:00', 12, 1),
(15, '2023-10-06', '20:28:32', 11, 5),
(16, '2023-10-06', '23:08:44', 7, 2),
(17, '2023-10-07', '00:02:28', 7, 3),
(18, '2023-10-07', '00:02:38', 7, 4),
(19, '2023-10-08', '16:35:12', 13, 1),
(20, '2023-10-15', '22:37:48', 14, 1),
(21, '2023-10-15', '22:48:54', 14, 2),
(22, '2023-12-16', '13:44:45', 15, 1),
(23, '2024-01-19', '15:49:23', 14, 3),
(24, '2024-01-19', '15:53:11', 16, 1),
(25, '2024-02-16', '17:02:58', 17, 1),
(26, '2024-03-04', '19:32:09', 18, 1),
(27, '2024-03-15', '19:27:35', 19, 1),
(28, '2024-03-21', '20:25:45', 9, 2),
(29, '2024-03-21', '20:27:42', 14, 6),
(30, '2024-03-27', '20:27:03', 20, 1),
(31, '2024-04-02', '08:23:10', 10, 2),
(32, '2024-04-02', '08:29:02', 21, 1),
(33, '2024-04-02', '08:31:58', 21, 5),
(34, '2024-05-05', '22:01:41', 22, 1),
(35, '2024-05-05', '22:06:52', 22, 2),
(36, '2024-05-17', '08:28:23', 23, 1),
(37, '2024-08-20', '14:27:55', 24, 1),
(38, '2024-08-20', '14:31:27', 24, 2),
(39, '2024-09-28', '14:12:02', 25, 1),
(40, '2024-10-30', '19:27:42', 26, 1),
(41, '2024-10-31', '14:28:44', 27, 1),
(42, '2024-11-14', '14:02:46', 28, 1),
(43, '2024-11-14', '17:55:59', 29, 4);

-- --------------------------------------------------------

--
-- Cấu trúc bảng cho bảng `product`
--

CREATE TABLE `product` (
  `id` bigint NOT NULL,
  `alias` varchar(255) DEFAULT NULL,
  `code` varchar(255) DEFAULT NULL,
  `created_date` date DEFAULT NULL,
  `created_time` time DEFAULT NULL,
  `description` longtext CHARACTER SET utf8mb4 COLLATE utf8mb4_0900_ai_ci,
  `image_banner` varchar(255) DEFAULT NULL,
  `name` varchar(255) DEFAULT NULL,
  `price` double DEFAULT NULL,
  `quantity_sold` int DEFAULT NULL
) ENGINE=InnoDB DEFAULT CHARSET=utf8mb4 COLLATE=utf8mb4_0900_ai_ci;

--
-- Đang đổ dữ liệu cho bảng `product`
--

INSERT INTO `product` (`id`, `alias`, `code`, `created_date`, `created_time`, `description`, `image_banner`, `name`, `price`, `quantity_sold`) VALUES
(10, 'Quan-Jeans-Nu-Baggy-Co-Gian-Cap-Lien', 'QJN3076-XAH', '2023-10-04', '23:25:46', '<div>\n<div class=\"property-outstanding\">\n<h2>Đặc t&iacute;nh nổi bật</h2>\n</div>\n</div>\n<div class=\"accordion-panel\">\n<div class=\"accordion-content\">\n<div id=\"product-dactinh\" class=\"km-hot\">\n<div class=\"box-km\">\n<div class=\"box-promotion\">\n<p>Quần c&oacute; độ bền rất cao, co gi&atilde;n tốt&nbsp;gi&uacute;p bạn y&ecirc;n t&acirc;m sử dụng trong thời gian d&agrave;i&nbsp;</p>\n<p>Chất liệu vải jean d&agrave;y đẹp, c&oacute; độ cứng c&aacute;p, gi&uacute;p t&ocirc;n d&aacute;ng người mặc.</p>\n<p>Khả năng thấm h&uacute;t mồ h&ocirc;i rất tốt, gi&uacute;p điều h&ograve;a nhiệt độ cơ thể, ph&ugrave; hợp với nhiều điều kiện thời tiết.</p>\n<p>Kiểu d&aacute;ng &ocirc;m, vừa vặn, thoải m&aacute;i, thuận tiện cho c&aacute;c hoạt động b&ecirc;n ngo&agrave;i trời.&nbsp;</p>\n<p>YODY - Look good. Feel good.</p>\n<p>Sản xuất tại Việt Nam</p>\n<div class=\"accordion-toggle\">\n<div class=\"toggle-text\">\n<h2>CHI TIẾT SẢN PHẨM</h2>\n</div>\n<div class=\"toggle-arrow\">&nbsp;</div>\n</div>\n<div class=\"accordion-panel accordion-panel-mobile-fixed\">\n<div class=\"accordion-content\">\n<div id=\"product-content\">\n<div class=\"product_getcontent rte\">\n<div class=\"ba-text-fpt\">\n<h2>Quần Jean Nữ Baggy Co Gi&atilde;n Cạp Liền</h2>\n<p>&nbsp;</p>\n<p dir=\"ltr\"><strong>TUYỆT ĐỐI AN TO&Agrave;N - V&Ocirc; C&Ugrave;NG MỀM MỊN - CỰC KỲ CO GI&Atilde;N</strong></p>\n<p dir=\"ltr\"><a href=\"https://yody.vn/quan-jean-nu-baggy-co-gian-cap-lien\"><strong>Quần Jean nữ baggy cạp liền</strong></a>&nbsp;co gi&atilde;n với thiết kế kiểu d&aacute;ng baggy, vừa vặn, thoải m&aacute;i, thuận tiện mặc đi l&agrave;m, đi v&agrave; v&agrave; cho cả&nbsp;c&aacute;c hoạt động&nbsp;ngo&agrave;i trời.</p>\n<p dir=\"ltr\">Chất liệu jeans cotton chắc chắn</p>\n<p dir=\"ltr\"><img src=\"https://bizweb.dktcdn.net/100/438/408/files/quan-jean-nu-baggy-qjn3076-1.jpg?v=1642045871481\" alt=\"Quần Jean Nữ Baggy Co Gi&atilde;n Cạp Liền\" data-thumb=\"original\"></p>\n<h2 dir=\"ltr\">Thiết kế tỉ mỉ v&agrave; kiểu d&aacute;ng quần jeans nữ baggy</h2>\n<p dir=\"ltr\"><a href=\"https://yody.vn/quan-jean-nu\"><strong>Quần Jean nữ</strong></a>&nbsp;baggy cạp liền co gi&atilde;n với thiết kế kiểu d&aacute;ng &ocirc;m, vừa vặn, thoải m&aacute;i, thuận tiện cho c&aacute;c hoạt động b&ecirc;n ngo&agrave;i trời. Khi mặc quần Jean ống rộng lửng sẽ gi&uacute;p bạn cảm thấy khỏe khoắn, năng động&nbsp;v&agrave; v&ocirc; c&ugrave;ng thoải m&aacute;i khi mặc.</p>\n<p dir=\"ltr\"><img src=\"https://bizweb.dktcdn.net/100/438/408/files/quan-jean-nu-baggy-qjn3076-2.jpg?v=1642045983465\" alt=\"Quần Jean Nữ Baggy Co Gi&atilde;n Cạp Liền\" data-thumb=\"original\"></p>\n<p dir=\"ltr\"><img src=\"https://bizweb.dktcdn.net/100/438/408/files/quan-jean-nu-baggy-qjn3076-3.jpg?v=1642045996830\" alt=\"Quần Jean Nữ Baggy Co Gi&atilde;n Cạp Liền\" data-thumb=\"original\"></p>\n<p dir=\"ltr\">&nbsp;</p>\n<h2>Hướng dẫn bảo quản quần jeans Yody</h2>\n<ul>\n<li dir=\"ltr\" aria-level=\"1\">\n<p dir=\"ltr\" role=\"presentation\">N&ecirc;n ng&acirc;m ph&egrave;n chua 1h hoặc để tủ đ&aacute; 1 đ&ecirc;m trước khi giặt lần đầu để tr&aacute;nh phai m&agrave;u nhiều</p>\n</li>\n<li dir=\"ltr\" aria-level=\"1\">\n<p dir=\"ltr\" role=\"presentation\">Giặt ở nhiệt độ dưới 30 độ C (kh&ocirc;ng giặt nước n&oacute;ng)</p>\n</li>\n<li dir=\"ltr\" aria-level=\"1\">\n<p dir=\"ltr\" role=\"presentation\">N&ecirc;n phơi trong b&oacute;ng r&acirc;m để vải kh&ocirc;ng bị kh&ocirc; cứng.</p>\n</li>\n</ul>\n<p dir=\"ltr\"><em>Quần jeans,&nbsp;<a href=\"https://yody.vn/ao-polo-nu\"><strong>&aacute;o polo</strong></a>&nbsp;v&agrave; gi&agrave;y thể thao năng động l&agrave; phối đồ trẻ trung để chị em chạy bộ, tham gia c&aacute;c hoạt động ngo&agrave;i trời thoải m&aacute;i v&agrave; v&ocirc; c&ugrave;ng tiện lợi.</em></p>\n</div>\n</div>\n</div>\n</div>\n</div>\n</div>\n</div>\n</div>\n</div>\n</div>', 'http://res.cloudinary.com/dxqh3xpza/image/upload/v1696437032/m4vjg4hadfgjczbvdqtb.webp', 'Quần Jeans Nữ Baggy Co Giãn Cạp Liền', 399000, 17),
(11, 'Ao-So-Mi-Nam-Tay-Dai-Thoang-Khi-Sieu-Mat', 'SPM5005-DEN', '2023-10-05', '23:48:56', '<div id=\"special-features\" class=\"accordion accordion-line-top\">\n<div>\n<div class=\"property-outstanding\">\n<h2>Đặc t&iacute;nh nổi bật</h2>\n</div>\n</div>\n<div class=\"accordion-panel\">\n<div class=\"accordion-content\">\n<div id=\"product-dactinh\" class=\"km-hot\">\n<div class=\"box-km\">\n<h2 class=\"title_km\">&nbsp;</h2>\n<div class=\"box-promotion\">\n<p>Sơ mi nam vải lụa nến lịch l&atilde;m, nam t&iacute;nh</p>\n<p>Chất liệu 100% Polyester</p>\n<p>Form d&aacute;ng cơ bản, chỉn chu, c&oacute; t&uacute;i ngực, thoải m&aacute;i khi l&ecirc;n đồ</p>\n<p>Vải si&ecirc;u mướt, tho&aacute;ng kh&iacute;, thấm h&uacute;t mồ h&ocirc;i hiệu quả</p>\n<p>&Aacute;o bắt nhiệt nhanh tạo cảm gi&aacute;c m&aacute;t mẻ cho người mặc</p>\n<p>Cổ &aacute;o v&agrave; nẹp &aacute;o giữ form tốt trong thời gian d&agrave;i</p>\n<p>YODY - Look good. Feel good.</p>\n<p>Sản xuất tại Việt Nam</p>\n</div>\n</div>\n</div>\n</div>\n</div>\n<div class=\"accordion-panel-mobile-fixed-backdrop\">&nbsp;</div>\n</div>\n<div class=\"line-box-mobile\">&nbsp;</div>\n<div id=\"product-detail-collapse\" class=\"accordion accordion-opened\">\n<div class=\"accordion-toggle\">\n<div class=\"toggle-text\">\n<h2>CHI TIẾT SẢN PHẨM</h2>\n</div>\n<div class=\"toggle-arrow\">&nbsp;</div>\n</div>\n<div class=\"accordion-panel accordion-panel-mobile-fixed\">\n<div class=\"accordion-content\">\n<div id=\"product-content\">\n<div class=\"product_getcontent rte\">\n<div class=\"ba-text-fpt\">\n<h2>&Aacute;o Sơ Mi Nam Tay D&agrave;i Tho&aacute;ng Kh&iacute; Si&ecirc;u M&aacute;t</h2>\n<p>Sở hữu chiếc &aacute;o sơ mi quốc d&acirc;n được y&ecirc;u th&iacute;ch h&agrave;ng đầu tại YODY.</p>\n<p><img src=\"https://bizweb.dktcdn.net/100/438/408/files/ao-so-mi-nam-dai-tay-yody-1.jpg?v=1684980977245\" alt=\"&Aacute;o Sơ Mi Nam Tay D&agrave;i Tho&aacute;ng Kh&iacute; Si&ecirc;u M&aacute;t\" data-thumb=\"original\"></p>\n<p><em>&Aacute;o sơ mi với chất liệu lụa nến cao cấp gi&uacute;p định h&igrave;nh được form &aacute;o khi mặc c&ugrave;ng khả năng chống nhăn nh&agrave;u hữu hiệu gi&uacute;p bạn trở n&ecirc;n v&ocirc; c&ugrave;ng lịch l&atilde;m v&agrave; sang trọng khi mặc.</em></p>\n<p><img src=\"https://bizweb.dktcdn.net/100/438/408/files/ao-so-mi-nam-dai-tay-yody-6.jpg?v=1684981015380\" alt=\"&Aacute;o Sơ Mi Nam Tay D&agrave;i Tho&aacute;ng Kh&iacute; Si&ecirc;u M&aacute;t\" data-thumb=\"original\"></p>\n<p><img src=\"https://bizweb.dktcdn.net/100/438/408/files/ao-so-mi-nam-dai-tay-yody-5.jpg?v=1684981028032\" alt=\"&Aacute;o Sơ Mi Nam Tay D&agrave;i Tho&aacute;ng Kh&iacute; Si&ecirc;u M&aacute;t\" data-thumb=\"original\"></p>\n<p><em>Form &aacute;o &ocirc;m vừa phải với phần vai v&agrave; ngực được thiết kế vừa vặn&nbsp;theo cơ thể&nbsp;tạo sự thọn gọn cho người mặc m&agrave; vẫn&nbsp;thoải m&aacute;i khi vận động.</em></p>\n<p><em><img src=\"https://bizweb.dktcdn.net/100/438/408/files/ao-so-mi-nam-dai-tay-yody-9.jpg?v=1684981089140\" alt=\"&Aacute;o Sơ Mi Nam Tay D&agrave;i Tho&aacute;ng Kh&iacute; Si&ecirc;u M&aacute;t\" data-thumb=\"original\"></em></p>\n<p><em>Tay &aacute;o được may chắc chắn, chỉn chu&nbsp;v&agrave; đầy lịch l&atilde;m</em></p>\n<p><em><img src=\"https://bizweb.dktcdn.net/100/438/408/files/ao-so-mi-nam-dai-tay-yody-8.jpg?v=1684981120072\" alt=\"&Aacute;o Sơ Mi Nam Tay D&agrave;i Tho&aacute;ng Kh&iacute; Si&ecirc;u M&aacute;t\" data-thumb=\"original\"></em></p>\n<p><em>Hệ thống c&uacute;c &aacute;o được may ti&ecirc;u chuẩn, tinh tế</em></p>\n<p><img src=\"https://bizweb.dktcdn.net/100/438/408/files/ao-so-mi-nam-dai-tay-yody-10.jpg?v=1684981152212\" alt=\"&Aacute;o Sơ Mi Nam Tay D&agrave;i Tho&aacute;ng Kh&iacute; Si&ecirc;u M&aacute;t\" data-thumb=\"original\"></p>\n<p><em>&Aacute;o sơ mi d&agrave;i tay YODY l&agrave; mảnh gh&eacute;p ho&agrave;n hảo cho phối đồ c&ocirc;ng sở h&agrave;ng ng&agrave;y của bạn</em></p>\n<p><img src=\"https://bizweb.dktcdn.net/100/438/408/files/ao-so-mi-nam-dai-tay-yody-3.jpg?v=1684981238763\" alt=\"&Aacute;o Sơ Mi Nam Tay D&agrave;i Tho&aacute;ng Kh&iacute; Si&ecirc;u M&aacute;t\" data-thumb=\"original\"></p>\n<p><img src=\"https://bizweb.dktcdn.net/100/438/408/files/ao-so-mi-nam-dai-tay-yody-4.jpg?v=1684981248207\" alt=\"&Aacute;o Sơ Mi Nam Tay D&agrave;i Tho&aacute;ng Kh&iacute; Si&ecirc;u M&aacute;t\" data-thumb=\"original\"></p>\n<p>SỞ HỮU NGAY!</p>\n</div>\n</div>\n</div>\n</div>\n</div>\n</div>', 'http://res.cloudinary.com/dxqh3xpza/image/upload/v1696524822/txkiqbxpybtiopxiw1ol.webp', 'Áo Sơ Mi Nam Tay Dài Thoáng Khí Siêu Mát', 299000, 12),
(12, 'Ao-Khoac-Ni-The-Thao-Nu', 'SWN6024-BEE', '2023-10-15', '22:45:54', '<div id=\"special-features\" class=\"accordion accordion-line-top\">\n<div>\n<div class=\"property-outstanding\">\n<h2>Đặc t&iacute;nh nổi bật</h2>\n</div>\n</div>\n<div class=\"accordion-panel\">\n<div class=\"accordion-content\">\n<div id=\"product-dactinh\" class=\"km-hot\">\n<div class=\"box-km\">\n<div class=\"box-promotion\">\n<p>Vải nỉ 2 mặt</p>\n<p>Th&agrave;nh phần: 87% Polyester + 8% Rayon + 5% Spandex</p>\n<p>Vải nỉ&nbsp; mềm mại, thoải m&aacute;i. Thấm h&uacute;t tốt, kiểm so&aacute;t độ ẩm. Kh&ocirc; nhanh. Co gi&atilde;n đ&agrave;n hồi giữ form.</p>\n<p>&Aacute;o kho&aacute;c nỉ c&oacute; mũ, phần mũ &aacute;o c&oacute; d&acirc;y r&uacute;t điều chỉnh độ rộng chật của mũ.</p>\n<p>T&uacute;i ốp hai b&ecirc;n sườn phom d&aacute;ng ngắn trẻ trung năng động</p>\n<p>H&igrave;nh in cao su phong c&aacute;ch sporty sắc n&eacute;t, bền đẹp</p>\n<p>Sản xuất tại Việt Nam</p>\n<p>YODY - Look good. Feel good.</p>\n</div>\n</div>\n</div>\n</div>\n</div>\n<div class=\"accordion-panel-mobile-fixed-backdrop\">&nbsp;</div>\n</div>\n<div class=\"line-box-mobile\">&nbsp;</div>\n<div id=\"product-detail-collapse\" class=\"accordion accordion-opened\">\n<div class=\"accordion-toggle\">\n<div class=\"toggle-text\">\n<h2>HƯỚNG DẪN SỬ DỤNG</h2>\n</div>\n<div class=\"toggle-arrow\">&nbsp;</div>\n</div>\n<div class=\"accordion-panel accordion-panel-mobile-fixed\">\n<div class=\"accordion-content\">\n<div id=\"product-content hd-su-dung-content\">\n<div class=\"product_getcontent rte\">\n<div class=\"ba-text-fpt hd-su-dung\">\n<h5 class=\"d-none d-lg-block\">Hướng dẫn sử dụng chung:</h5>\n<ul>\n<li>Giặt m&aacute;y chế độ nhẹ với sản phẩm c&ugrave;ng m&agrave;u ở nhiệt độ thường</li>\n<li>Kh&ocirc;ng giặt chung với c&aacute;c vật sắc nhọn</li>\n<li>Kh&ocirc;ng sử dụng chất tẩy rửa</li>\n<li>Kh&ocirc;ng ng&acirc;m l&acirc;u sản phẩm với c&aacute;c chất c&oacute; t&iacute;nh tẩy rửa</li>\n<li>Sử dụng x&agrave; ph&ograve;ng trung t&iacute;nh</li>\n<li>Lộn tr&aacute;i v&agrave; phơi bằng m&oacute;c trong b&oacute;ng r&acirc;m, tr&aacute;nh &aacute;nh nắng trực tiếp</li>\n<li>L&agrave; ủi ở mức 1, Nhiệt độ dưới 110 độ C</li>\n<li>Kh&ocirc;ng l&agrave; l&ecirc;n chi tiết trang tr&iacute;</li>\n</ul>\n<h5 class=\"d-none d-lg-block\">Hướng dẫn sử dụng với sản phẩm phụ kiện gi&agrave;y, t&uacute;i x&aacute;ch:</h5>\n<ul>\n<li>Bảo quản nơi kh&ocirc; r&aacute;o</li>\n<li>Kh&ocirc;ng ng&acirc;m trong nước</li>\n</ul>\n</div>\n</div>\n</div>\n</div>\n</div>\n</div>', 'http://res.cloudinary.com/dxqh3xpza/image/upload/v1697385044/ccigyjtztsbdja3fe4cx.webp', 'Áo Khoác Nỉ Thể Thao Nữ', 800000, 3),
(14, 'Giay-da-nam-kieu-dang-Oxford-lich-lam-GNLAAZ01-1-D', 'GNLAAZ01-1-D', '2024-02-16', '16:58:25', '', 'http://res.cloudinary.com/dxqh3xpza/image/upload/v1708077496/kbv9jbui6x6otx0nw3pc.jpg', 'Giày da nam kiểu dáng Oxford lịch lãm GNLAAZ01-1-D', 550000, 4),
(15, 'ao-thun-nu', 'sp0212', '2024-03-14', '19:23:14', '<h1><strong>Set Tủ Quần &Aacute;o MOHO HOBRO 301 3 C&aacute;nh Ngăn Kệ</strong></h1>\n<h2><strong>1. TH&Ocirc;NG SỐ KỸ THUẬT</strong></h2>\n<p><img title=\"Nội dung sản phẩm\" src=\"https://file.hstatic.net/200000065946/file/noi-that-moho-kich-thuoc-tu-quan-ao-hobro-3-canh-ke-ngan_2e63188a30f24c27b0b81f1573d422dc.jpg\" alt=\"K&iacute;ch thước tủ quần &aacute;o HOBRO 3 c&aacute;nh kệ ngăn\"></p>\n<p>&nbsp;</p>\n<h2><strong>2. CHI TIẾT VẬT LIỆU</strong></h2>\n<h3><a href=\"https://moho.com.vn/blogs/noi-that-ung-dung/go-cong-nghiep-la-gi-cac-loai-go-cong-nghiep-hien-nay\" target=\"_blank\" rel=\"noopener\"><strong>Gỗ c&ocirc;ng nghiệp</strong></a></h3>\n<p>Sản phẩm sử dụng chất liệu gỗ c&ocirc;ng nghiệp (PB, MDF) đạt chuẩn CARB-P2 an to&agrave;n tuyệt đối cho người sức khỏe người d&ugrave;ng v&agrave; đạt chứng nhận FSC bảo vệ v&agrave; ph&aacute;t triển rừng.</p>\n<h3><strong>Veneer tr&agrave;m</strong></h3>\n<p>Sử dụng veneer vừa l&agrave;m tăng gi&aacute; trị của sản phẩm vừa tạo ra thiết kế độc đ&aacute;o, tinh xảo th&ocirc;ng qua kỹ thuật gh&eacute;p veneer đan x&eacute;o thủ c&ocirc;ng độc đ&aacute;o.</p>\n<h3><strong>Hợp kim nh&ocirc;m</strong></h3>\n<p>Thanh treo IVANS cao cấp được l&agrave;m hợp kim nh&ocirc;m, chống gỉ s&eacute;t.</p>\n<p><img title=\"Nội dung sản phẩm\" src=\"https://file.hstatic.net/200000065946/file/noi-that-moho-go-cong-nghiep-chu-nhat_1700ff8f1faf497290e29e504237e4fd.jpg\"></p>\n<p>&nbsp;</p>\n<h2><strong>3. ĐẶC ĐIỂM NỔI BẬT</strong></h2>\n<h3><strong>Tủ quần &aacute;o mang thiết kế veneer đan x&eacute;o</strong></h3>\n<p>Những đường veneer được xếp đan ch&eacute;o với sự chỉnh chu từng chi tiết. Sự kh&eacute;o l&eacute;o, tỉ mỉ trong từng giai đoạn từ kh&acirc;u chuẩn bị đến ho&agrave;n tất để tạo ra những đường veneer chuẩn đối xứng</p>\n<h3><strong>Nghệ thuật h&igrave;nh học thể hiện tr&ecirc;n bề mặt</strong></h3>\n<p>Sử dụng veneer tr&agrave;m đặc biệt với kỹ thuật d&aacute;n cao cấp tạo ra hiệu ứng 3D h&igrave;nh học. Với g&oacute;c nh&igrave;n ch&iacute;nh diện, bạn c&oacute; thể nh&igrave;n thấy nhiều h&igrave;nh thoi/ h&igrave;nh vu&ocirc;ng đồng t&acirc;m v&agrave; dần thu nhỏ về trung t&acirc;m.</p>\n<p><img title=\"Nội dung sản phẩm\" src=\"https://file.hstatic.net/200000065946/file/noi-that-moho-tu-quan-ao-go-hobro-1_0f5098e9e0a04a088f59bdeb1b3ee044.jpg\" alt=\"Tủ quần &aacute;o gỗ HOBRO 2 c&aacute;nh\"></p>\n<p>&nbsp;</p>\n<h3><strong>Hiệu ứng m&agrave;u sắc 3D hấp dẫn</strong></h3>\n<p>Với c&aacute;c đường veneer đan xen v&agrave; đối xứng nhau đ&atilde; tạo n&ecirc;n một sắc m&agrave;u tổng thể c&oacute; thể thay đổi t&ugrave;y v&agrave;o mỗi g&oacute;c nh&igrave;n kh&aacute;c nhau. Khi nh&igrave;n ch&iacute;nh diện sẽ thấy sự đối lập ho&agrave;n to&agrave;n giữa 2 m&agrave;u veneer nhưng nh&igrave;n ch&eacute;o sẽ thấy m&agrave;u sắc giữa 2 mảng đối xứng gần dần dần tương đồng.</p>\n<h3><strong>Tay nắm h&igrave;nh thoi độc đ&aacute;o</strong></h3>\n<p>Tay nắm h&igrave;nh thoi kết hợp với h&igrave;nh tr&ograve;n được cắt ⅓ tạo ra thiết kế v&ocirc; c&ugrave;ng kh&ocirc;ng chỉ đảm bảo an to&agrave;n, gi&uacute;p cho việc mở tủ trở n&ecirc;n dễ h&agrave;ng hơn m&agrave; c&ograve;n tạo ra 1 thiết kế v&ocirc; c&ugrave;ng độc đ&aacute;o v&agrave; lạ mắt.</p>\n<p><img title=\"Nội dung sản phẩm\" src=\"https://file.hstatic.net/200000065946/file/noi-that-moho-tu-quan-ao-go-hobro-7_f69af81f58c44116b1c445548090e8bf.jpg\" alt=\"Tủ quần &aacute;o HOBRO 3 c&aacute;nh kệ ngăn 2\"></p>\n<p>&nbsp;</p>\n<h3><strong>Tối ưu h&oacute;a kh&ocirc;ng gian lưu trữ</strong></h3>\n<p>Tủ được chia l&agrave;m 3&nbsp;kh&ocirc;ng gian ch&iacute;nh: ngăn kệ,&nbsp;thanh treo v&agrave; hộc k&eacute;o gi&uacute;p tối ưu kh&ocirc;ng gian lưu trữu một c&aacute;ch linh hoạt, gọn g&agrave;ng, c&oacute; thể đựng được khối lượng đồ lớn v&agrave; ph&ugrave; hợp với hầu hết mọi nhu cầu v&agrave; mọi gia đ&igrave;nh</p>\n<h3><strong>Kệ ngăn dễ d&agrave;ng thay đổi k&iacute;ch thước</strong></h3>\n<p>Phần kệ ngăn th&ocirc;ng minh dễ d&agrave;ng thay đổi k&iacute;ch thước ph&ugrave; hợp với từng m&oacute;n đồ kh&aacute;c nhau, gi&uacute;p bạn linh động thay đổi v&agrave; lưu trữ đa dạng.</p>\n<p><img title=\"Nội dung sản phẩm\" src=\"https://file.hstatic.net/200000065946/file/noi-that-moho-tu-quan-ao-hobro-ke-ngan-5_75ec2539474a4820a9cf98d512408abc.jpg\" alt=\"Tủ quần &aacute;o HOBRO kệ ngăn\"></p>\n<p>&nbsp;</p>\n<h3><strong>2 hộc k&eacute;o tiện dụng</strong></h3>\n<p>Với 2 hộc k&eacute;o rộng r&atilde;i gi&uacute;p cho kh&ocirc;ng gian lưu trữ đa dạng. c&oacute; thể chứa được rất nhiều đồ quan trọng v&agrave; cần thiết như: phụ kiện (trang sức, cavat, thắt lưng,&hellip;) thậm ch&iacute; cả những đồ thường xuy&ecirc;n sử dụng như nước hoa, dầu thơm,&hellip;</p>\n<h3><strong>Thiết kế th&ocirc;ng minh</strong></h3>\n<p>&nbsp;Ngo&agrave;i module 2 c&aacute;nh, tủ quần &aacute;o Hobro c&ograve;n c&oacute; modul tủ thanh treo v&agrave; tủ ngăn kệ dễ d&agrave;ng gh&eacute;p th&ecirc;m v&agrave; ph&ugrave; hợp với hầu hết c&aacute;c kh&ocirc;ng gian.</p>\n<p><img title=\"Nội dung sản phẩm\" src=\"https://file.hstatic.net/200000065946/file/noi-that-moho-tu-quan-ao-go-hobro-6_64c2ab760efa42cb914d98f7aaca86f0.jpg\" alt=\"Tủ quần &aacute;o HOBRO 3 c&aacute;nh kệ ngăn 1\"></p>\n<p>&nbsp;</p>\n<h3><strong>Ray trượt IVANS bền bỉ</strong></h3>\n<p>Ngăn tủ sử dụng ray trượt IVANs bền bỉ chống rỉ s&eacute;t, mang đến trải nghiệm &ecirc;m &aacute;i khi đ&oacute;ng mở ngăn tủ đặc biệt tăng tuổi thọ của sản phẩm l&ecirc;n tới 80,000 lần đ&oacute;ng mở.</p>\n<p><img title=\"Nội dung sản phẩm\" src=\"https://file.hstatic.net/200000065946/file/noi-that-moho-tu-quan-ao-go-hobro-2-canh-2_ea9093fb0fa64f66a9b17678d54ee205.jpg\" alt=\"Tủ quần &aacute;o gỗ HOBRO ray trượt IVAN\"></p>\n<p>&nbsp;</p>\n<h3><strong>Bản lề IVANS giảm chấn</strong></h3>\n<p>Sử dụng bản lề IVANS cao cấp, giảm chấn, kh&ocirc;ng gỉ s&eacute;t gi&uacute;p cho thao t&aacute;c mở đ&oacute;ng tủ trở n&ecirc;n nhẹ nh&agrave;ng, &ecirc;m &aacute;i v&agrave; kh&ocirc;ng tiếng ồn.&nbsp;</p>\n<p><img title=\"Nội dung sản phẩm\" src=\"https://file.hstatic.net/200000065946/file/noi-that-moho-tu-quan-ao-go-hobro-2-canh-3_509811e203c74d84b31f5df34ed573ce.jpg\" alt=\"Tủ quần &aacute;o gỗ HOBRO bản lề IVAN\"></p>\n<p>&nbsp;</p>\n<h3><strong>Ch&acirc;n nhựa gi&uacute;p n&acirc;ng đỡ sản phẩm, giảm trầy xước</strong></h3>\n<p>Với n&uacute;t nhựa trắng gi&uacute;p cố định tủ khi đứng y&ecirc;n đồng thời cũng bảo vệ s&agrave;n nh&agrave;, giảm trầy xước khi di chuyển</p>\n<p><img title=\"Nội dung sản phẩm\" src=\"https://file.hstatic.net/200000065946/file/noi-that-moho-tu-quan-ao-go-hobro-4_795ea2f36dcd49dd8d7a2733c6a91d82.jpg\" alt=\"Tủ quần &aacute;o gỗ HOBRO 2 c&aacute;nh 4\"></p>\n<p>&nbsp;</p>\n<h3><strong>C&oacute; 2 m&agrave;u sắc để lựa chọn</strong></h3>\n<p>Với m&agrave;u n&acirc;u v&agrave; m&agrave;u gỗ tự nhi&ecirc;n sang trọng gi&uacute;p bạn dễ d&agrave;ng kết hợp với c&aacute;c nội thất kh&aacute;c.</p>\n<h2>&nbsp;</h2>\n<h2><strong>4. KH&Ocirc;NG GIAN SỐNG</strong></h2>\n<p>Với cảm hứng bắt nguồn từ những ng&ocirc;i nh&agrave; cổ Viking tại Hobro kết hợp c&ugrave;ng với n&eacute;t hiện đại v&agrave; tận dụng vẻ đẹp của nghệ thuật h&igrave;nh học đ&atilde; tạo ra một bộ&nbsp;<strong><a href=\"https://moho.com.vn/collections/tu-quan-ao\" target=\"_blank\" rel=\"noopener\">tủ quần &aacute;o</a></strong>&nbsp;Hobro tinh tế từng chi tiết. Kh&ocirc;ng chỉ mang hơi thở của phong c&aacute;ch Vintage Industrial m&agrave; c&ograve;n cả Elegant Modern v&agrave; Illusions effects.</p>\n<p><img title=\"Nội dung sản phẩm\" src=\"https://file.hstatic.net/200000065946/file/noi-that-moho-set-noi-that-phong-ngu-hobro_50da4884188e4bcc8b52c83837dce43e.jpg\" alt=\"Bộ nội thất ph&ograve;ng ngủ HOBRO\"></p>\n<p>&nbsp;</p>\n<div class=\"youtube-embed-wrapper\"><iframe class=\"iframe-youtube-embed\" title=\"Nội dung sản phẩm\" src=\"https://www.youtube.com/embed/E0oT_ZjIkxQ\" width=\"640\" height=\"360\" frameborder=\"0\" data-gtm-yt-inspected-11=\"true\"></iframe></div>\n<p>&nbsp;</p>\n<div class=\"ddict_btn\"><img title=\"Nội dung sản phẩm\" src=\"chrome-extension://bpggmmljdiliancllaapiggllnkbjocb/logo/48.png\"></div>\n<div class=\"page-content\">\n<p><img title=\"Nội dung sản phẩm\" src=\"https://file.hstatic.net/200000065946/file/greenmonth2803-04_9d1eb167f1a04789a0c1b3a846bebcbc_master.jpg\" alt=\"green month\"></p>\n<p><img title=\"Nội dung sản phẩm\" src=\"https://file.hstatic.net/200000065946/file/noi-that-moho-100-viet-nam_06bcf2c208a943598bdef46d09d2537f.jpg\" alt=\"Nội Thất MOHO\"></p>\n</div>\n<p><br><br></p>', 'http://res.cloudinary.com/dxqh3xpza/image/upload/v1724138025/za7qjr4aksr4rltlbbpk.webp', 'Áo MOHO HOBRO 301 3 mẫu mời 2025', 999000, 2);

-- --------------------------------------------------------

--
-- Cấu trúc bảng cho bảng `product_category`
--

CREATE TABLE `product_category` (
  `id` bigint NOT NULL,
  `category_id` bigint DEFAULT NULL,
  `product_id` bigint DEFAULT NULL
) ENGINE=InnoDB DEFAULT CHARSET=utf8mb4 COLLATE=utf8mb4_0900_ai_ci;

--
-- Đang đổ dữ liệu cho bảng `product_category`
--

INSERT INTO `product_category` (`id`, `category_id`, `product_id`) VALUES
(70, 5, 10),
(71, 13, 10),
(74, 4, 11),
(75, 5, 11),
(76, 8, 11),
(77, 5, 12),
(78, 14, 12),
(82, 4, 14),
(83, 7, 14),
(106, 4, 15),
(107, 6, 15),
(108, 8, 15),
(109, 10, 15);

-- --------------------------------------------------------

--
-- Cấu trúc bảng cho bảng `product_color`
--

CREATE TABLE `product_color` (
  `id` bigint NOT NULL,
  `color_name` varchar(255) DEFAULT NULL,
  `link_image` varchar(255) DEFAULT NULL,
  `product_id` bigint DEFAULT NULL
) ENGINE=InnoDB DEFAULT CHARSET=utf8mb4 COLLATE=utf8mb4_0900_ai_ci;

--
-- Đang đổ dữ liệu cho bảng `product_color`
--

INSERT INTO `product_color` (`id`, `color_name`, `link_image`, `product_id`) VALUES
(21, 'Xanh', 'http://res.cloudinary.com/dxqh3xpza/image/upload/v1696475898/omoa8cbjifyefhsu0hbb.jpg', 10),
(22, 'Đen chì', 'http://res.cloudinary.com/dxqh3xpza/image/upload/v1696475500/d5mggyon1icwmes9dmgm.jpg', 10),
(23, 'Đen', 'http://res.cloudinary.com/dxqh3xpza/image/upload/v1696475500/fibw3ppzykmqxgqgt0pe.jpg', 10),
(25, 'Trắng', 'http://res.cloudinary.com/dxqh3xpza/image/upload/v1696524826/v9cdc33yugghtckdoidg.jpg', 11),
(26, 'Đen', 'http://res.cloudinary.com/dxqh3xpza/image/upload/v1696524827/s03yrcn2gfpvgq5b1usy.jpg', 11),
(27, 'Vàng', 'http://res.cloudinary.com/dxqh3xpza/image/upload/v1697385048/dvapkzgaztckn8idtewm.jpg', 12),
(28, 'Đen', 'http://res.cloudinary.com/dxqh3xpza/image/upload/v1697385048/pwapbgvetnxguy7sf5lj.jpg', 12),
(31, 'đen', 'http://res.cloudinary.com/dxqh3xpza/image/upload/v1708077502/tjptxhohv7swkq4ruyvm.jpg', 14),
(32, 'Trắng', 'http://res.cloudinary.com/dxqh3xpza/image/upload/v1708077503/mn6trit19fbxzglhk8go.jpg', 14),
(33, 'Đen', 'http://res.cloudinary.com/dxqh3xpza/image/upload/v1730359269/swy1jztlebycmdbeuial.webp', 15),
(34, 'Trắng', 'http://res.cloudinary.com/dxqh3xpza/image/upload/v1730359269/klkbraxyji0biftujs0x.webp', 15);

-- --------------------------------------------------------

--
-- Cấu trúc bảng cho bảng `product_comment`
--

CREATE TABLE `product_comment` (
  `id` bigint NOT NULL,
  `content` varchar(255) DEFAULT NULL,
  `created_date` date DEFAULT NULL,
  `created_time` time DEFAULT NULL,
  `product_id` bigint DEFAULT NULL,
  `user_id` bigint DEFAULT NULL,
  `star` float DEFAULT NULL
) ENGINE=InnoDB DEFAULT CHARSET=utf8mb4 COLLATE=utf8mb4_0900_ai_ci;

--
-- Đang đổ dữ liệu cho bảng `product_comment`
--

INSERT INTO `product_comment` (`id`, `content`, `created_date`, `created_time`, `product_id`, `user_id`, `star`) VALUES
(5, 'Sản phẩm chất lượng tốt, đã cải thiên nhiều so với trước kia', '2023-10-05', '23:25:11', 10, 2, 5),
(7, 'sản phẩm chất lượng ổn', '2023-10-15', '22:53:09', 12, 2, 4),
(8, 'heheh oke', '2024-01-19', '15:44:51', 11, 2, 3),
(9, 'fewfwefwef', '2024-03-04', '19:30:29', 12, 2, 3),
(10, 'sản phẩm tốt', '2024-03-27', '20:22:10', 10, 4, 5),
(11, 'hehehe oke', '2024-05-05', '21:57:41', 10, 12, 3),
(12, 'sản phẩm tệ', '2024-09-28', '14:15:57', 11, 2, 1);

-- --------------------------------------------------------

--
-- Cấu trúc bảng cho bảng `product_comment_image`
--

CREATE TABLE `product_comment_image` (
  `id` bigint NOT NULL,
  `link_image` varchar(255) DEFAULT NULL,
  `product_comment_id` bigint DEFAULT NULL
) ENGINE=InnoDB DEFAULT CHARSET=utf8mb4 COLLATE=utf8mb4_0900_ai_ci;

--
-- Đang đổ dữ liệu cho bảng `product_comment_image`
--

INSERT INTO `product_comment_image` (`id`, `link_image`, `product_comment_id`) VALUES
(1, 'http://res.cloudinary.com/dxqh3xpza/image/upload/v1696523400/rjsvmtevrw3aryigzlwp.jpg', 5),
(2, 'http://res.cloudinary.com/dxqh3xpza/image/upload/v1696523401/dsb0cvubrovnlpuedrip.jpg', 5),
(3, 'http://res.cloudinary.com/dxqh3xpza/image/upload/v1696523401/qnjmzp7toi32rqlcspnk.jpg', 5),
(4, 'http://res.cloudinary.com/dxqh3xpza/image/upload/v1697385484/wzbcbkgivrgrplsgwtav.jpg', 7),
(5, 'http://res.cloudinary.com/dxqh3xpza/image/upload/v1697385484/c3nskz32erzrieazoefv.jpg', 7),
(6, 'http://res.cloudinary.com/dxqh3xpza/image/upload/v1697385484/fwtu37vuypnhcvv7d9t7.jpg', 7),
(7, 'http://res.cloudinary.com/dxqh3xpza/image/upload/v1705653836/wipva1giy3dgki7sahjg.jpg', 8),
(8, 'http://res.cloudinary.com/dxqh3xpza/image/upload/v1705653836/qj9fgwk16nsl5wur9tcs.jpg', 8),
(9, 'http://res.cloudinary.com/dxqh3xpza/image/upload/v1705653836/ne8qgrxzkkfxvjupt0zu.jpg', 8),
(10, 'http://res.cloudinary.com/dxqh3xpza/image/upload/v1709555404/fs21iquukwykunjhvoy5.jpg', 9),
(11, 'http://res.cloudinary.com/dxqh3xpza/image/upload/v1709555406/t2l4w2wdpl7ilodddvzp.jpg', 9),
(12, 'http://res.cloudinary.com/dxqh3xpza/image/upload/v1709555406/mx8laclspwjweppgd7p9.jpg', 9),
(13, 'http://res.cloudinary.com/dxqh3xpza/image/upload/v1711545677/yqnanbxreivwlbkhjnwm.jpg', 10),
(14, 'http://res.cloudinary.com/dxqh3xpza/image/upload/v1711545678/fgbkaknsltydhfmpxyue.jpg', 10),
(15, 'http://res.cloudinary.com/dxqh3xpza/image/upload/v1711545679/il4hmpa4ic8bn8p8gqbt.jpg', 10),
(16, 'http://res.cloudinary.com/dxqh3xpza/image/upload/v1714920972/r51adxyskckmwwk7wztt.jpg', 11),
(17, 'http://res.cloudinary.com/dxqh3xpza/image/upload/v1714920974/wnzavy1dgiktk0pjacub.jpg', 11),
(18, 'http://res.cloudinary.com/dxqh3xpza/image/upload/v1714920975/yephilq5tbdkwk8c3ioa.jpg', 11),
(19, 'http://res.cloudinary.com/dxqh3xpza/image/upload/v1727507666/a6dagyustrzfk3qi8l3c.jpg', 12),
(20, 'http://res.cloudinary.com/dxqh3xpza/image/upload/v1727507667/mhtwpcrjc9nvl3aqohoq.jpg', 12),
(21, 'http://res.cloudinary.com/dxqh3xpza/image/upload/v1727507667/yojocajfjxyfjms8uvpq.jpg', 12);

-- --------------------------------------------------------

--
-- Cấu trúc bảng cho bảng `product_image`
--

CREATE TABLE `product_image` (
  `id` bigint NOT NULL,
  `link_image` varchar(255) DEFAULT NULL,
  `product_id` bigint DEFAULT NULL
) ENGINE=InnoDB DEFAULT CHARSET=utf8mb4 COLLATE=utf8mb4_0900_ai_ci;

--
-- Đang đổ dữ liệu cho bảng `product_image`
--

INSERT INTO `product_image` (`id`, `link_image`, `product_id`) VALUES
(28, 'http://res.cloudinary.com/dxqh3xpza/image/upload/v1696472948/vfut22e8slagqdovd4ow.jpg', 10),
(29, 'http://res.cloudinary.com/dxqh3xpza/image/upload/v1696472948/hwlq4vicdppq130sbxwg.jpg', 10),
(30, 'http://res.cloudinary.com/dxqh3xpza/image/upload/v1696472948/akwsuh6cc672afa8fkuq.jpg', 10),
(31, 'http://res.cloudinary.com/dxqh3xpza/image/upload/v1696472948/mh19re2f6b3nsryokodq.jpg', 10),
(32, 'http://res.cloudinary.com/dxqh3xpza/image/upload/v1696472948/utlsebgbzarfozkwb0cp.jpg', 10),
(33, 'http://res.cloudinary.com/dxqh3xpza/image/upload/v1696524825/ajqdjbtwmbwqkz7dbzik.webp', 11),
(34, 'http://res.cloudinary.com/dxqh3xpza/image/upload/v1696524824/ciwpmrukhwle9pf4apei.webp', 11),
(35, 'http://res.cloudinary.com/dxqh3xpza/image/upload/v1696524824/u09fosd698pkcxvbwbn6.webp', 11),
(36, 'http://res.cloudinary.com/dxqh3xpza/image/upload/v1696524825/jkop1yubf9ixa67nwz9t.webp', 11),
(37, 'http://res.cloudinary.com/dxqh3xpza/image/upload/v1697385046/he5bde5ugufq6ppzzsyb.jpg', 12),
(38, 'http://res.cloudinary.com/dxqh3xpza/image/upload/v1697385046/uky5ew3uy7mb9nlvzclc.jpg', 12),
(39, 'http://res.cloudinary.com/dxqh3xpza/image/upload/v1697385046/vok4hc6bnqqt4g51qq1e.jpg', 12),
(40, 'http://res.cloudinary.com/dxqh3xpza/image/upload/v1697385046/m6wkutkzne9hbffplfej.jpg', 12),
(45, 'http://res.cloudinary.com/dxqh3xpza/image/upload/v1708077499/m8tm2iuyim8dnzcjc0yk.jpg', 14),
(46, 'http://res.cloudinary.com/dxqh3xpza/image/upload/v1708077499/klbgkcp1388cf8vmp0bc.jpg', 14),
(47, 'http://res.cloudinary.com/dxqh3xpza/image/upload/v1708077499/pary8opawwqlwexzoexp.jpg', 14),
(48, 'http://res.cloudinary.com/dxqh3xpza/image/upload/v1708077500/x1xjnauz2saafgq4nmmw.jpg', 14),
(63, 'http://res.cloudinary.com/dxqh3xpza/image/upload/v1724138027/y4wizt21apxkmgpbmtqv.webp', 15),
(64, 'http://res.cloudinary.com/dxqh3xpza/image/upload/v1724138027/ytsyf3wzxexs6c7axy2e.webp', 15),
(65, 'http://res.cloudinary.com/dxqh3xpza/image/upload/v1724138027/yipluml1k48are5tgsbu.webp', 15),
(66, 'http://res.cloudinary.com/dxqh3xpza/image/upload/v1724138027/idgvjpjh0sozdh31kdpg.webp', 15);

-- --------------------------------------------------------

--
-- Cấu trúc bảng cho bảng `product_size`
--

CREATE TABLE `product_size` (
  `id` bigint NOT NULL,
  `quantity` int DEFAULT NULL,
  `size_name` varchar(255) DEFAULT NULL,
  `product_color_id` bigint DEFAULT NULL
) ENGINE=InnoDB DEFAULT CHARSET=utf8mb4 COLLATE=utf8mb4_0900_ai_ci;

--
-- Đang đổ dữ liệu cho bảng `product_size`
--

INSERT INTO `product_size` (`id`, `quantity`, `size_name`, `product_color_id`) VALUES
(61, 299991, '25', 21),
(62, 27, '26', 21),
(63, 16, '27', 21),
(64, 46, '28', 21),
(65, 34, '29', 21),
(66, 11, '30', 21),
(67, 44, '25', 22),
(68, 0, '27', 22),
(70, 28, '28', 22),
(71, 0, '29', 22),
(72, 566, '30', 22),
(73, 5043, '28', 23),
(74, 66, '30', 23),
(77, 136, 'S', 25),
(78, 152, 'M', 25),
(79, 55, 'L', 25),
(80, 67, 'XL', 25),
(81, 0, 'S', 26),
(82, 53, 'M', 26),
(83, 45, 'L', 26),
(84, 45, 'XL', 26),
(85, 60, 'XXL', 26),
(86, 45, 'S', 27),
(87, 53, 'M', 27),
(88, 65, 'XL', 27),
(89, 0, 'S', 28),
(90, 55, 'M', 28),
(91, 509, 'XXL', 28),
(96, 6, '38', 31),
(97, 0, '40', 31),
(98, 5, '41', 31),
(99, 20, '43', 32),
(100, 15, '44', 32),
(101, 0, '45', 32),
(102, 49, '28', 33),
(103, 6, '29', 33),
(104, 50, '28', 34),
(105, 0, '29', 34),
(106, 49, '30', 34);

-- --------------------------------------------------------

--
-- Cấu trúc bảng cho bảng `province`
--

CREATE TABLE `province` (
  `id` bigint NOT NULL,
  `name` varchar(255) DEFAULT NULL
) ENGINE=InnoDB DEFAULT CHARSET=utf8mb4 COLLATE=utf8mb4_0900_ai_ci;

--
-- Đang đổ dữ liệu cho bảng `province`
--

INSERT INTO `province` (`id`, `name`) VALUES
(1, 'Thành phố Hà Nội'),
(2, 'Tỉnh Hà Giang'),
(3, 'Tỉnh Cao Bằng'),
(4, 'Tỉnh Bắc Kạn'),
(5, 'Tỉnh Tuyên Quang'),
(6, 'Tỉnh Lào Cai'),
(7, 'Tỉnh Điện Biên'),
(8, 'Tỉnh Lai Châu'),
(9, 'Tỉnh Sơn La'),
(10, 'Tỉnh Yên Bái'),
(11, 'Tỉnh Hoà Bình'),
(12, 'Tỉnh Thái Nguyên'),
(13, 'Tỉnh Lạng Sơn'),
(14, 'Tỉnh Quảng Ninh'),
(15, 'Tỉnh Bắc Giang'),
(16, 'Tỉnh Phú Thọ'),
(17, 'Tỉnh Vĩnh Phúc'),
(18, 'Tỉnh Bắc Ninh'),
(19, 'Tỉnh Hải Dương'),
(20, 'Thành phố Hải Phòng'),
(21, 'Tỉnh Hưng Yên'),
(22, 'Tỉnh Thái Bình'),
(23, 'Tỉnh Hà Nam'),
(24, 'Tỉnh Nam Định'),
(25, 'Tỉnh Ninh Bình'),
(26, 'Tỉnh Thanh Hóa'),
(27, 'Tỉnh Nghệ An'),
(28, 'Tỉnh Hà Tĩnh'),
(29, 'Tỉnh Quảng Bình'),
(30, 'Tỉnh Quảng Trị'),
(31, 'Tỉnh Thừa Thiên Huế'),
(32, 'Thành phố Đà Nẵng'),
(33, 'Tỉnh Quảng Nam'),
(34, 'Tỉnh Quảng Ngãi'),
(35, 'Tỉnh Bình Định'),
(36, 'Tỉnh Phú Yên'),
(37, 'Tỉnh Khánh Hòa'),
(38, 'Tỉnh Ninh Thuận'),
(39, 'Tỉnh Bình Thuận'),
(40, 'Tỉnh Kon Tum'),
(41, 'Tỉnh Gia Lai'),
(42, 'Tỉnh Đắk Lắk'),
(43, 'Tỉnh Đắk Nông'),
(44, 'Tỉnh Lâm Đồng'),
(45, 'Tỉnh Bình Phước'),
(46, 'Tỉnh Tây Ninh'),
(47, 'Tỉnh Bình Dương'),
(48, 'Tỉnh Đồng Nai'),
(49, 'Tỉnh Bà Rịa - Vũng Tàu'),
(50, 'Thành phố Hồ Chí Minh'),
(51, 'Tỉnh Long An'),
(52, 'Tỉnh Tiền Giang'),
(53, 'Tỉnh Bến Tre'),
(54, 'Tỉnh Trà Vinh'),
(55, 'Tỉnh Vĩnh Long'),
(56, 'Tỉnh Đồng Tháp'),
(57, 'Tỉnh An Giang'),
(58, 'Tỉnh Kiên Giang'),
(59, 'Thành phố Cần Thơ'),
(60, 'Tỉnh Hậu Giang'),
(61, 'Tỉnh Sóc Trăng'),
(62, 'Tỉnh Bạc Liêu'),
(63, 'Tỉnh Cà Mau');

-- --------------------------------------------------------

--
-- Cấu trúc bảng cho bảng `statuses`
--

CREATE TABLE `statuses` (
  `id` bigint NOT NULL,
  `name` varchar(255) DEFAULT NULL
) ENGINE=InnoDB DEFAULT CHARSET=utf8mb4 COLLATE=utf8mb4_0900_ai_ci;

--
-- Đang đổ dữ liệu cho bảng `statuses`
--

INSERT INTO `statuses` (`id`, `name`) VALUES
(1, 'Đang chờ xác nhận'),
(2, 'Đã xác nhận đơn hàng'),
(3, 'Đơn hàng đã được gửi đi'),
(4, 'Đã nhận đơn hàng'),
(5, 'Đơn hàng đã bị hủy'),
(6, 'Người nhận không nhận hàng');

-- --------------------------------------------------------

--
-- Cấu trúc bảng cho bảng `users`
--

CREATE TABLE `users` (
  `id` bigint NOT NULL,
  `activation_key` varchar(255) DEFAULT NULL,
  `actived` bit(1) DEFAULT NULL,
  `created_date` date DEFAULT NULL,
  `email` varchar(255) DEFAULT NULL,
  `fullname` varchar(255) DEFAULT NULL,
  `password` varchar(255) DEFAULT NULL,
  `phone` varchar(255) DEFAULT NULL,
  `username` varchar(255) DEFAULT NULL,
  `authority_name` varchar(255) DEFAULT NULL,
  `token_fcm` varchar(255) DEFAULT NULL,
  `user_type` varchar(255) DEFAULT NULL
) ENGINE=InnoDB DEFAULT CHARSET=utf8mb4 COLLATE=utf8mb4_0900_ai_ci;

--
-- Đang đổ dữ liệu cho bảng `users`
--

INSERT INTO `users` (`id`, `activation_key`, `actived`, `created_date`, `email`, `fullname`, `password`, `phone`, `username`, `authority_name`, `token_fcm`, `user_type`) VALUES
(1, NULL, b'1', '2023-09-27', 'admin@gmail.com', 'admin', '$2a$10$hPL794P6veVba/CSQN1AM.GEERDVCaRxiIQ8GgUn2p3f1N21.Hu56', NULL, 'admin@gmail.com', 'ROLE_ADMIN', 'eXV7w3VRLJQHAQZUZh_HPf:APA91bFCF38PRa3fniF0lklytPTjWhwVY0xogleU5z33Xp9xpKE3EhJTsNsLeAUDGy_u0yOmY97KSZdo8cAwkiVCZ36qZkLmTpQ-Gp8rV4tXvwasAID2mEXRNZLvP_qIKvp6hfwY4kTb', NULL),
(2, NULL, b'1', '2023-10-01', 'hieutran02102804@gmail.com', 'hieu tran', '$2a$10$GI8E7mbjJRrYh4virRFx.e.82dQQClkrL8NnsnYKPlEEvlaZiZEXW', '09327843', 'hieutran02102804@gmail.com', 'ROLE_USER', 'eXV7w3VRLJQHAQZUZh_HPf:APA91bFCF38PRa3fniF0lklytPTjWhwVY0xogleU5z33Xp9xpKE3EhJTsNsLeAUDGy_u0yOmY97KSZdo8cAwkiVCZ36qZkLmTpQ-Gp8rV4tXvwasAID2mEXRNZLvP_qIKvp6hfwY4kTb', NULL),
(3, NULL, b'0', '2023-10-01', 'hantinh311002102000@gmail.com', 'Hoàng Nam', '$2a$10$3EBCZSpRdXZmvwvStfIvBOoNHXNtTfsyXQRgI5W624Mb7OHVbkxgy', '092173823', 'hantinh311002102000@gmail.com', 'ROLE_USER', 'eXV7w3VRLJQHAQZUZh_HPf:APA91bFCF38PRa3fniF0lklytPTjWhwVY0xogleU5z33Xp9xpKE3EhJTsNsLeAUDGy_u0yOmY97KSZdo8cAwkiVCZ36qZkLmTpQ-Gp8rV4tXvwasAID2mEXRNZLvP_qIKvp6hfwY4kTb', NULL),
(4, NULL, b'1', '2023-10-02', 'dev002102@gmail.com', 'Hoàng mạnh hải', '$2a$10$uDPb4Tsl7BrwvEmmsjz69O00foyt0LvEqU1MVMDQLQlvBtRqNcfPW', '093247823', 'dev002102@gmail.com', 'ROLE_USER', 'dreIe4ldyURE6Vg3fhABSz:APA91bESOi7keiVz6_JIjpx9iPMkkJg9nD_ZXz91X9Y5A6N1r5rUxEBBH8S6yVWr6ZKRQ8jYRT2O1RmZLLC8eyMB1EbJ9PFAY53GSJ89RmX-0RxImdfCsy1XZIBV4-nxzTv9e2qWRVmP', NULL),
(5, NULL, b'1', '2023-10-03', 'yeulam31100210@gmail.com', 'trần văn hiếu', '$2a$10$ierj6.HRcD5NfDJUsxEni.NApo1NK05HsXz22dFo1m1asgWIB2Wie', '0382267161', 'yeulam31100210@gmail.com', 'ROLE_USER', NULL, NULL),
(10, NULL, b'1', '2023-10-07', 'quantri@gmail.com', 'yody', '$2a$10$mNyhKs3x5Rp/4/ZfdUZJoOd.P/bbQqkmoK4X2eMNYqr2b9lvjNWxG', '092374823', 'quantri@gmail.com', 'ROLE_ADMIN', NULL, NULL),
(11, NULL, b'1', '2024-03-27', 'hoanglan7604119@gmail.com', 'Hoàng Nam', '$2a$10$oVqW9Qbi8mfdndjVXc8gCeFZGoieEuVnVeobskb.feT6tO2bEeYmq', '092173823', 'hoanglan7604119@gmail.com', 'ROLE_USER', NULL, NULL),
(12, NULL, b'1', '2024-05-05', 'ducminh200119@gmail.com', 'Trần Văn Hiếu', '$2a$10$awV3JSUVtG39F9O2sGKq8eDNsEQVLiP5kC.uI8teDR5pJntpcbPF.', '0932468234', 'ducminh200119@gmail.com', 'ROLE_USER', 'eXV7w3VRLJQHAQZUZh_HPf:APA91bFCF38PRa3fniF0lklytPTjWhwVY0xogleU5z33Xp9xpKE3EhJTsNsLeAUDGy_u0yOmY97KSZdo8cAwkiVCZ36qZkLmTpQ-Gp8rV4tXvwasAID2mEXRNZLvP_qIKvp6hfwY4kTb', NULL),
(14, NULL, b'1', '2024-10-31', 'minhnhat.03091993@gmail.com', 'Minh Nhật', '$2a$10$YRPVtsg/EeqQdGm54PEOi.gRYZQMj4WRc4E/TNYm.dBrThtJGjnHG', '0932478234', 'minhnhat.03091993@gmail.com', 'ROLE_USER', 'eXV7w3VRLJQHAQZUZh_HPf:APA91bFCF38PRa3fniF0lklytPTjWhwVY0xogleU5z33Xp9xpKE3EhJTsNsLeAUDGy_u0yOmY97KSZdo8cAwkiVCZ36qZkLmTpQ-Gp8rV4tXvwasAID2mEXRNZLvP_qIKvp6hfwY4kTb', 'EMAIL'),
(15, NULL, b'1', '2024-11-14', 'hieutran2102000@gmail.com', 'TTN Hiếu', NULL, NULL, NULL, 'ROLE_USER', NULL, 'GOOGLE');

-- --------------------------------------------------------

--
-- Cấu trúc bảng cho bảng `user_address`
--

CREATE TABLE `user_address` (
  `id` bigint NOT NULL,
  `fullname` varchar(255) DEFAULT NULL,
  `phone` varchar(255) DEFAULT NULL,
  `street_name` varchar(255) DEFAULT NULL,
  `user_id` bigint DEFAULT NULL,
  `ward_id` bigint DEFAULT NULL,
  `primary_addres` bit(1) DEFAULT NULL,
  `created_date` date DEFAULT NULL
) ENGINE=InnoDB DEFAULT CHARSET=utf8mb4 COLLATE=utf8mb4_0900_ai_ci;

--
-- Đang đổ dữ liệu cho bảng `user_address`
--

INSERT INTO `user_address` (`id`, `fullname`, `phone`, `street_name`, `user_id`, `ward_id`, `primary_addres`, `created_date`) VALUES
(3, 'trần văn hiếu', '09324823', 'trường chinh', 2, 1000, b'0', NULL),
(4, 'trần văn hiếu update', '0923748234', 'trương định', 3, 1200, NULL, NULL),
(5, 'trần văn hiếu', '093248232', '52 ngõ trại cá, trương định', 5, 101, b'0', '2023-10-03'),
(6, 'Trần Văn Hiếu', '09234823', 'ngõ 64, Ngô xuân quảng', 5, 190, b'1', '2023-10-03'),
(8, 'Hoàng minh hiếu', '09326472', '102 trường chinh', 2, 101, b'1', '2023-10-06'),
(9, 'hoàng minh hiếu', '09213748', 'nhà 25 ngô xuân quảng', 2, 391, b'0', '2023-10-15'),
(10, 'Đức Lê', '0821394238', 'nhà 12, cửu việt 2', 2, 190, b'0', '2023-12-16'),
(11, 'nam hoàng', '092364823', '16, ngõ 63', 2, 45, b'0', '2024-01-19'),
(12, 'Hoàng mạnh hùng', '0324782343', 'Nhà 21', 4, 216, b'1', '2024-03-15'),
(13, 'Nguyễn hoài nam', '023478234', 'nhà 22', 4, 835, b'0', '2024-03-15'),
(14, 'Hoài nam', '0324729834', 'Nhà 34', 4, 201, b'0', '2024-03-27'),
(15, 'Trần tùng nam', '0926437232', 'nhà 21 A', 4, 422, b'0', '2024-04-02'),
(16, 'Trần Văn Hiếu', '0921734823', 'Nhà 21, trương định', 12, 983, b'1', '2024-05-05'),
(17, 'Hoàng lan', '09324823423', '21B', 12, 591, b'0', '2024-05-05'),
(18, 'Trần Văn Hiếu', '0963332114', '14 đường minh khai', 2, 8803, b'0', '2024-10-31');

-- --------------------------------------------------------

--
-- Cấu trúc bảng cho bảng `voucher`
--

CREATE TABLE `voucher` (
  `id` bigint NOT NULL,
  `block` bit(1) DEFAULT NULL,
  `code` varchar(255) DEFAULT NULL,
  `discount` double DEFAULT NULL,
  `end_date` date DEFAULT NULL,
  `min_amount` double DEFAULT NULL,
  `name` varchar(255) DEFAULT NULL,
  `start_date` date DEFAULT NULL
) ENGINE=InnoDB DEFAULT CHARSET=utf8mb4 COLLATE=utf8mb4_0900_ai_ci;

--
-- Đang đổ dữ liệu cho bảng `voucher`
--

INSERT INTO `voucher` (`id`, `block`, `code`, `discount`, `end_date`, `min_amount`, `name`, `start_date`) VALUES
(1, b'1', 'VCKTMH01', 40000, '2023-10-14', 500000, 'Voucher kết thúc mùa hè', '2023-10-05'),
(4, b'0', 'VCDT01', 45000, '2024-01-21', 250000, 'Voucher đầu thu ', '2024-01-07'),
(6, b'0', 'vc001', 50000, '2024-10-28', 500000, 'Voucher hè', '2024-03-28'),
(7, b'0', 'vc003', 100000, '2024-04-12', 3000000, 'Voucher km 03', '2024-04-01');

-- --------------------------------------------------------

--
-- Cấu trúc bảng cho bảng `wards`
--

CREATE TABLE `wards` (
  `id` bigint NOT NULL,
  `name` varchar(255) DEFAULT NULL,
  `districts_id` bigint DEFAULT NULL
) ENGINE=InnoDB DEFAULT CHARSET=utf8mb4 COLLATE=utf8mb4_0900_ai_ci;

--
-- Đang đổ dữ liệu cho bảng `wards`
--

INSERT INTO `wards` (`id`, `name`, `districts_id`) VALUES
(1, 'Phường Phúc Xá', 1),
(2, 'Phường Trúc Bạch', 1),
(3, 'Phường Vĩnh Phúc', 1),
(4, 'Phường Cống Vị', 1),
(5, 'Phường Liễu Giai', 1),
(6, 'Phường Nguyễn Trung Trực', 1),
(7, 'Phường Quán Thánh', 1),
(8, 'Phường Ngọc Hà', 1),
(9, 'Phường Điện Biên', 1),
(10, 'Phường Đội Cấn', 1),
(11, 'Phường Ngọc Khánh', 1),
(12, 'Phường Kim Mã', 1),
(13, 'Phường Giảng Võ', 1),
(14, 'Phường Thành Công', 1),
(15, 'Phường Phúc Tân', 2),
(16, 'Phường Đồng Xuân', 2),
(17, 'Phường Hàng Mã', 2),
(18, 'Phường Hàng Buồm', 2),
(19, 'Phường Hàng Đào', 2),
(20, 'Phường Hàng Bồ', 2),
(21, 'Phường Cửa Đông', 2),
(22, 'Phường Lý Thái Tổ', 2),
(23, 'Phường Hàng Bạc', 2),
(24, 'Phường Hàng Gai', 2),
(25, 'Phường Chương Dương', 2),
(26, 'Phường Hàng Trống', 2),
(27, 'Phường Cửa Nam', 2),
(28, 'Phường Hàng Bông', 2),
(29, 'Phường Tràng Tiền', 2),
(30, 'Phường Trần Hưng Đạo', 2),
(31, 'Phường Phan Chu Trinh', 2),
(32, 'Phường Hàng Bài', 2),
(33, 'Phường Phú Thượng', 3),
(34, 'Phường Nhật Tân', 3),
(35, 'Phường Tứ Liên', 3),
(36, 'Phường Quảng An', 3),
(37, 'Phường Xuân La', 3),
(38, 'Phường Yên Phụ', 3),
(39, 'Phường Bưởi', 3),
(40, 'Phường Thụy Khuê', 3),
(41, 'Phường Thượng Thanh', 4),
(42, 'Phường Ngọc Thụy', 4),
(43, 'Phường Giang Biên', 4),
(44, 'Phường Đức Giang', 4),
(45, 'Phường Việt Hưng', 4),
(46, 'Phường Gia Thụy', 4),
(47, 'Phường Ngọc Lâm', 4),
(48, 'Phường Phúc Lợi', 4),
(49, 'Phường Bồ Đề', 4),
(50, 'Phường Sài Đồng', 4),
(51, 'Phường Long Biên', 4),
(52, 'Phường Thạch Bàn', 4),
(53, 'Phường Phúc Đồng', 4),
(54, 'Phường Cự Khối', 4),
(55, 'Phường Nghĩa Đô', 5),
(56, 'Phường Nghĩa Tân', 5),
(57, 'Phường Mai Dịch', 5),
(58, 'Phường Dịch Vọng', 5),
(59, 'Phường Dịch Vọng Hậu', 5),
(60, 'Phường Quan Hoa', 5),
(61, 'Phường Yên Hoà', 5),
(62, 'Phường Trung Hoà', 5),
(63, 'Phường Cát Linh', 6),
(64, 'Phường Văn Miếu', 6),
(65, 'Phường Quốc Tử Giám', 6),
(66, 'Phường Láng Thượng', 6),
(67, 'Phường Ô Chợ Dừa', 6),
(68, 'Phường Văn Chương', 6),
(69, 'Phường Hàng Bột', 6),
(70, 'Phường Láng Hạ', 6),
(71, 'Phường Khâm Thiên', 6),
(72, 'Phường Thổ Quan', 6),
(73, 'Phường Nam Đồng', 6),
(74, 'Phường Trung Phụng', 6),
(75, 'Phường Quang Trung', 6),
(76, 'Phường Trung Liệt', 6),
(77, 'Phường Phương Liên', 6),
(78, 'Phường Thịnh Quang', 6),
(79, 'Phường Trung Tự', 6),
(80, 'Phường Kim Liên', 6),
(81, 'Phường Phương Mai', 6),
(82, 'Phường Ngã Tư Sở', 6),
(83, 'Phường Khương Thượng', 6),
(84, 'Phường Nguyễn Du', 7),
(85, 'Phường Bạch Đằng', 7),
(86, 'Phường Phạm Đình Hổ', 7),
(87, 'Phường Lê Đại Hành', 7),
(88, 'Phường Đồng Nhân', 7),
(89, 'Phường Phố Huế', 7),
(90, 'Phường Đống Mác', 7),
(91, 'Phường Thanh Lương', 7),
(92, 'Phường Thanh Nhàn', 7),
(93, 'Phường Cầu Dền', 7),
(94, 'Phường Bách Khoa', 7),
(95, 'Phường Đồng Tâm', 7),
(96, 'Phường Vĩnh Tuy', 7),
(97, 'Phường Bạch Mai', 7),
(98, 'Phường Quỳnh Mai', 7),
(99, 'Phường Quỳnh Lôi', 7),
(100, 'Phường Minh Khai', 7),
(101, 'Phường Trương Định', 7),
(102, 'Phường Thanh Trì', 8),
(103, 'Phường Vĩnh Hưng', 8),
(104, 'Phường Định Công', 8),
(105, 'Phường Mai Động', 8),
(106, 'Phường Tương Mai', 8),
(107, 'Phường Đại Kim', 8),
(108, 'Phường Tân Mai', 8),
(109, 'Phường Hoàng Văn Thụ', 8),
(110, 'Phường Giáp Bát', 8),
(111, 'Phường Lĩnh Nam', 8),
(112, 'Phường Thịnh Liệt', 8),
(113, 'Phường Trần Phú', 8),
(114, 'Phường Hoàng Liệt', 8),
(115, 'Phường Yên Sở', 8),
(116, 'Phường Nhân Chính', 9),
(117, 'Phường Thượng Đình', 9),
(118, 'Phường Khương Trung', 9),
(119, 'Phường Khương Mai', 9),
(120, 'Phường Thanh Xuân Trung', 9),
(121, 'Phường Phương Liệt', 9),
(122, 'Phường Hạ Đình', 9),
(123, 'Phường Khương Đình', 9),
(124, 'Phường Thanh Xuân Bắc', 9),
(125, 'Phường Thanh Xuân Nam', 9),
(126, 'Phường Kim Giang', 9),
(127, 'Thị trấn Sóc Sơn', 10),
(128, 'Xã Bắc Sơn', 10),
(129, 'Xã Minh Trí', 10),
(130, 'Xã Hồng Kỳ', 10),
(131, 'Xã Nam Sơn', 10),
(132, 'Xã Trung Giã', 10),
(133, 'Xã Tân Hưng', 10),
(134, 'Xã Minh Phú', 10),
(135, 'Xã Phù Linh', 10),
(136, 'Xã Bắc Phú', 10),
(137, 'Xã Tân Minh', 10),
(138, 'Xã Quang Tiến', 10),
(139, 'Xã Hiền Ninh', 10),
(140, 'Xã Tân Dân', 10),
(141, 'Xã Tiên Dược', 10),
(142, 'Xã Việt Long', 10),
(143, 'Xã Xuân Giang', 10),
(144, 'Xã Mai Đình', 10),
(145, 'Xã Đức Hoà', 10),
(146, 'Xã Thanh Xuân', 10),
(147, 'Xã Đông Xuân', 10),
(148, 'Xã Kim Lũ', 10),
(149, 'Xã Phú Cường', 10),
(150, 'Xã Phú Minh', 10),
(151, 'Xã Phù Lỗ', 10),
(152, 'Xã Xuân Thu', 10),
(153, 'Thị trấn Đông Anh', 11),
(154, 'Xã Xuân Nộn', 11),
(155, 'Xã Thuỵ Lâm', 11),
(156, 'Xã Bắc Hồng', 11),
(157, 'Xã Nguyên Khê', 11),
(158, 'Xã Nam Hồng', 11),
(159, 'Xã Tiên Dương', 11),
(160, 'Xã Vân Hà', 11),
(161, 'Xã Uy Nỗ', 11),
(162, 'Xã Vân Nội', 11),
(163, 'Xã Liên Hà', 11),
(164, 'Xã Việt Hùng', 11),
(165, 'Xã Kim Nỗ', 11),
(166, 'Xã Kim Chung', 11),
(167, 'Xã Dục Tú', 11),
(168, 'Xã Đại Mạch', 11),
(169, 'Xã Vĩnh Ngọc', 11),
(170, 'Xã Cổ Loa', 11),
(171, 'Xã Hải Bối', 11),
(172, 'Xã Xuân Canh', 11),
(173, 'Xã Võng La', 11),
(174, 'Xã Tàm Xá', 11),
(175, 'Xã Mai Lâm', 11),
(176, 'Xã Đông Hội', 11),
(177, 'Thị trấn Yên Viên', 12),
(178, 'Xã Yên Thường', 12),
(179, 'Xã Yên Viên', 12),
(180, 'Xã Ninh Hiệp', 12),
(181, 'Xã Đình Xuyên', 12),
(182, 'Xã Dương Hà', 12),
(183, 'Xã Phù Đổng', 12),
(184, 'Xã Trung Mầu', 12),
(185, 'Xã Lệ Chi', 12),
(186, 'Xã Cổ Bi', 12),
(187, 'Xã Đặng Xá', 12),
(188, 'Xã Phú Thị', 12),
(189, 'Xã Kim Sơn', 12),
(190, 'Thị trấn Trâu Quỳ', 12),
(191, 'Xã Dương Quang', 12),
(192, 'Xã Dương Xá', 12),
(193, 'Xã Đông Dư', 12),
(194, 'Xã Đa Tốn', 12),
(195, 'Xã Kiêu Kỵ', 12),
(196, 'Xã Bát Tràng', 12),
(197, 'Xã Kim Lan', 12),
(198, 'Xã Văn Đức', 12),
(199, 'Phường Cầu Diễn', 13),
(200, 'Phường Xuân Phương', 13),
(201, 'Phường Phương Canh', 13),
(202, 'Phường Mỹ Đình 1', 13),
(203, 'Phường Mỹ Đình 2', 13),
(204, 'Phường Tây Mỗ', 13),
(205, 'Phường Mễ Trì', 13),
(206, 'Phường Phú Đô', 13),
(207, 'Phường Đại Mỗ', 13),
(208, 'Phường Trung Văn', 13),
(209, 'Thị trấn Văn Điển', 14),
(210, 'Xã Tân Triều', 14),
(211, 'Xã Thanh Liệt', 14),
(212, 'Xã Tả Thanh Oai', 14),
(213, 'Xã Hữu Hoà', 14),
(214, 'Xã Tam Hiệp', 14),
(215, 'Xã Tứ Hiệp', 14),
(216, 'Xã Yên Mỹ', 14),
(217, 'Xã Vĩnh Quỳnh', 14),
(218, 'Xã Ngũ Hiệp', 14),
(219, 'Xã Duyên Hà', 14),
(220, 'Xã Ngọc Hồi', 14),
(221, 'Xã Vạn Phúc', 14),
(222, 'Xã Đại áng', 14),
(223, 'Xã Liên Ninh', 14),
(224, 'Xã Đông Mỹ', 14),
(225, 'Phường Thượng Cát', 15),
(226, 'Phường Liên Mạc', 15),
(227, 'Phường Đông Ngạc', 15),
(228, 'Phường Đức Thắng', 15),
(229, 'Phường Thụy Phương', 15),
(230, 'Phường Tây Tựu', 15),
(231, 'Phường Xuân Đỉnh', 15),
(232, 'Phường Xuân Tảo', 15),
(233, 'Phường Minh Khai', 15),
(234, 'Phường Cổ Nhuế 1', 15),
(235, 'Phường Cổ Nhuế 2', 15),
(236, 'Phường Phú Diễn', 15),
(237, 'Phường Phúc Diễn', 15),
(238, 'Thị trấn Chi Đông', 16),
(239, 'Xã Đại Thịnh', 16),
(240, 'Xã Kim Hoa', 16),
(241, 'Xã Thạch Đà', 16),
(242, 'Xã Tiến Thắng', 16),
(243, 'Xã Tự Lập', 16),
(244, 'Thị trấn Quang Minh', 16),
(245, 'Xã Thanh Lâm', 16),
(246, 'Xã Tam Đồng', 16),
(247, 'Xã Liên Mạc', 16),
(248, 'Xã Vạn Yên', 16),
(249, 'Xã Chu Phan', 16),
(250, 'Xã Tiến Thịnh', 16),
(251, 'Xã Mê Linh', 16),
(252, 'Xã Văn Khê', 16),
(253, 'Xã Hoàng Kim', 16),
(254, 'Xã Tiền Phong', 16),
(255, 'Xã Tráng Việt', 16),
(256, 'Phường Nguyễn Trãi', 17),
(257, 'Phường Mộ Lao', 17),
(258, 'Phường Văn Quán', 17),
(259, 'Phường Vạn Phúc', 17),
(260, 'Phường Yết Kiêu', 17),
(261, 'Phường Quang Trung', 17),
(262, 'Phường La Khê', 17),
(263, 'Phường Phú La', 17),
(264, 'Phường Phúc La', 17),
(265, 'Phường Hà Cầu', 17),
(266, 'Phường Yên Nghĩa', 17),
(267, 'Phường Kiến Hưng', 17),
(268, 'Phường Phú Lãm', 17),
(269, 'Phường Phú Lương', 17),
(270, 'Phường Dương Nội', 17),
(271, 'Phường Đồng Mai', 17),
(272, 'Phường Biên Giang', 17),
(273, 'Phường Lê Lợi', 18),
(274, 'Phường Phú Thịnh', 18),
(275, 'Phường Ngô Quyền', 18),
(276, 'Phường Quang Trung', 18),
(277, 'Phường Sơn Lộc', 18),
(278, 'Phường Xuân Khanh', 18),
(279, 'Xã Đường Lâm', 18),
(280, 'Phường Viên Sơn', 18),
(281, 'Xã Xuân Sơn', 18),
(282, 'Phường Trung Hưng', 18),
(283, 'Xã Thanh Mỹ', 18),
(284, 'Phường Trung Sơn Trầm', 18),
(285, 'Xã Kim Sơn', 18),
(286, 'Xã Sơn Đông', 18),
(287, 'Xã Cổ Đông', 18),
(288, 'Thị trấn Tây Đằng', 19),
(289, 'Xã Phú Cường', 19),
(290, 'Xã Cổ Đô', 19),
(291, 'Xã Tản Hồng', 19),
(292, 'Xã Vạn Thắng', 19),
(293, 'Xã Châu Sơn', 19),
(294, 'Xã Phong Vân', 19),
(295, 'Xã Phú Đông', 19),
(296, 'Xã Phú Phương', 19),
(297, 'Xã Phú Châu', 19),
(298, 'Xã Thái Hòa', 19),
(299, 'Xã Đồng Thái', 19),
(300, 'Xã Phú Sơn', 19),
(301, 'Xã Minh Châu', 19),
(302, 'Xã Vật Lại', 19),
(303, 'Xã Chu Minh', 19),
(304, 'Xã Tòng Bạt', 19),
(305, 'Xã Cẩm Lĩnh', 19),
(306, 'Xã Sơn Đà', 19),
(307, 'Xã Đông Quang', 19),
(308, 'Xã Tiên Phong', 19),
(309, 'Xã Thụy An', 19),
(310, 'Xã Cam Thượng', 19),
(311, 'Xã Thuần Mỹ', 19),
(312, 'Xã Tản Lĩnh', 19),
(313, 'Xã Ba Trại', 19),
(314, 'Xã Minh Quang', 19),
(315, 'Xã Ba Vì', 19),
(316, 'Xã Vân Hòa', 19),
(317, 'Xã Yên Bài', 19),
(318, 'Xã Khánh Thượng', 19),
(319, 'Thị trấn Phúc Thọ', 20),
(320, 'Xã Vân Hà', 20),
(321, 'Xã Vân Phúc', 20),
(322, 'Xã Vân Nam', 20),
(323, 'Xã Xuân Đình', 20),
(324, 'Xã Sen Phương', 20),
(325, 'Xã Võng Xuyên', 20),
(326, 'Xã Thọ Lộc', 20),
(327, 'Xã Long Xuyên', 20),
(328, 'Xã Thượng Cốc', 20),
(329, 'Xã Hát Môn', 20),
(330, 'Xã Tích Giang', 20),
(331, 'Xã Thanh Đa', 20),
(332, 'Xã Trạch Mỹ Lộc', 20),
(333, 'Xã Phúc Hòa', 20),
(334, 'Xã Ngọc Tảo', 20),
(335, 'Xã Phụng Thượng', 20),
(336, 'Xã Tam Thuấn', 20),
(337, 'Xã Tam Hiệp', 20),
(338, 'Xã Hiệp Thuận', 20),
(339, 'Xã Liên Hiệp', 20),
(340, 'Thị trấn Phùng', 21),
(341, 'Xã Trung Châu', 21),
(342, 'Xã Thọ An', 21),
(343, 'Xã Thọ Xuân', 21),
(344, 'Xã Hồng Hà', 21),
(345, 'Xã Liên Hồng', 21),
(346, 'Xã Liên Hà', 21),
(347, 'Xã Hạ Mỗ', 21),
(348, 'Xã Liên Trung', 21),
(349, 'Xã Phương Đình', 21),
(350, 'Xã Thượng Mỗ', 21),
(351, 'Xã Tân Hội', 21),
(352, 'Xã Tân Lập', 21),
(353, 'Xã Đan Phượng', 21),
(354, 'Xã Đồng Tháp', 21),
(355, 'Xã Song Phượng', 21),
(356, 'Thị trấn Trạm Trôi', 22),
(357, 'Xã Đức Thượng', 22),
(358, 'Xã Minh Khai', 22),
(359, 'Xã Dương Liễu', 22),
(360, 'Xã Di Trạch', 22),
(361, 'Xã Đức Giang', 22),
(362, 'Xã Cát Quế', 22),
(363, 'Xã Kim Chung', 22),
(364, 'Xã Yên Sở', 22),
(365, 'Xã Sơn Đồng', 22),
(366, 'Xã Vân Canh', 22),
(367, 'Xã Đắc Sở', 22),
(368, 'Xã Lại Yên', 22),
(369, 'Xã Tiền Yên', 22),
(370, 'Xã Song Phương', 22),
(371, 'Xã An Khánh', 22),
(372, 'Xã An Thượng', 22),
(373, 'Xã Vân Côn', 22),
(374, 'Xã La Phù', 22),
(375, 'Xã Đông La', 22),
(376, 'Xã Đông Xuân', 23),
(377, 'Thị trấn Quốc Oai', 23),
(378, 'Xã Sài Sơn', 23),
(379, 'Xã Phượng Cách', 23),
(380, 'Xã Yên Sơn', 23),
(381, 'Xã Ngọc Liệp', 23),
(382, 'Xã Ngọc Mỹ', 23),
(383, 'Xã Liệp Tuyết', 23),
(384, 'Xã Thạch Thán', 23),
(385, 'Xã Đồng Quang', 23),
(386, 'Xã Phú Cát', 23),
(387, 'Xã Tuyết Nghĩa', 23),
(388, 'Xã Nghĩa Hương', 23),
(389, 'Xã Cộng Hòa', 23),
(390, 'Xã Tân Phú', 23),
(391, 'Xã Đại Thành', 23),
(392, 'Xã Phú Mãn', 23),
(393, 'Xã Cấn Hữu', 23),
(394, 'Xã Tân Hòa', 23),
(395, 'Xã Hòa Thạch', 23),
(396, 'Xã Đông Yên', 23),
(397, 'Xã Yên Trung', 24),
(398, 'Xã Yên Bình', 24),
(399, 'Xã Tiến Xuân', 24),
(400, 'Thị trấn Liên Quan', 24),
(401, 'Xã Đại Đồng', 24),
(402, 'Xã Cẩm Yên', 24),
(403, 'Xã Lại Thượng', 24),
(404, 'Xã Phú Kim', 24),
(405, 'Xã Hương Ngải', 24),
(406, 'Xã Canh Nậu', 24),
(407, 'Xã Kim Quan', 24),
(408, 'Xã Dị Nậu', 24),
(409, 'Xã Bình Yên', 24),
(410, 'Xã Chàng Sơn', 24),
(411, 'Xã Thạch Hoà', 24),
(412, 'Xã Cần Kiệm', 24),
(413, 'Xã Hữu Bằng', 24),
(414, 'Xã Phùng Xá', 24),
(415, 'Xã Tân Xã', 24),
(416, 'Xã Thạch Xá', 24),
(417, 'Xã Bình Phú', 24),
(418, 'Xã Hạ Bằng', 24),
(419, 'Xã Đồng Trúc', 24),
(420, 'Thị trấn Chúc Sơn', 25),
(421, 'Thị trấn Xuân Mai', 25),
(422, 'Xã Phụng Châu', 25),
(423, 'Xã Tiên Phương', 25),
(424, 'Xã Đông Sơn', 25),
(425, 'Xã Đông Phương Yên', 25),
(426, 'Xã Phú Nghĩa', 25),
(427, 'Xã Trường Yên', 25),
(428, 'Xã Ngọc Hòa', 25),
(429, 'Xã Thủy Xuân Tiên', 25),
(430, 'Xã Thanh Bình', 25),
(431, 'Xã Trung Hòa', 25),
(432, 'Xã Đại Yên', 25),
(433, 'Xã Thụy Hương', 25),
(434, 'Xã Tốt Động', 25),
(435, 'Xã Lam Điền', 25),
(436, 'Xã Tân Tiến', 25),
(437, 'Xã Nam Phương Tiến', 25),
(438, 'Xã Hợp Đồng', 25),
(439, 'Xã Hoàng Văn Thụ', 25),
(440, 'Xã Hoàng Diệu', 25),
(441, 'Xã Hữu Văn', 25),
(442, 'Xã Quảng Bị', 25),
(443, 'Xã Mỹ Lương', 25),
(444, 'Xã Thượng Vực', 25),
(445, 'Xã Hồng Phong', 25),
(446, 'Xã Đồng Phú', 25),
(447, 'Xã Trần Phú', 25),
(448, 'Xã Văn Võ', 25),
(449, 'Xã Đồng Lạc', 25),
(450, 'Xã Hòa Chính', 25),
(451, 'Xã Phú Nam An', 25),
(452, 'Thị trấn Kim Bài', 26),
(453, 'Xã Cự Khê', 26),
(454, 'Xã Bích Hòa', 26),
(455, 'Xã Mỹ Hưng', 26),
(456, 'Xã Cao Viên', 26),
(457, 'Xã Bình Minh', 26),
(458, 'Xã Tam Hưng', 26),
(459, 'Xã Thanh Cao', 26),
(460, 'Xã Thanh Thùy', 26),
(461, 'Xã Thanh Mai', 26),
(462, 'Xã Thanh Văn', 26),
(463, 'Xã Đỗ Động', 26),
(464, 'Xã Kim An', 26),
(465, 'Xã Kim Thư', 26),
(466, 'Xã Phương Trung', 26),
(467, 'Xã Tân Ước', 26),
(468, 'Xã Dân Hòa', 26),
(469, 'Xã Liên Châu', 26),
(470, 'Xã Cao Dương', 26),
(471, 'Xã Xuân Dương', 26),
(472, 'Xã Hồng Dương', 26),
(473, 'Thị trấn Thường Tín', 27),
(474, 'Xã Ninh Sở', 27),
(475, 'Xã Nhị Khê', 27),
(476, 'Xã Duyên Thái', 27),
(477, 'Xã Khánh Hà', 27),
(478, 'Xã Hòa Bình', 27),
(479, 'Xã Văn Bình', 27),
(480, 'Xã Hiền Giang', 27),
(481, 'Xã Hồng Vân', 27),
(482, 'Xã Vân Tảo', 27),
(483, 'Xã Liên Phương', 27),
(484, 'Xã Văn Phú', 27),
(485, 'Xã Tự Nhiên', 27),
(486, 'Xã Tiền Phong', 27),
(487, 'Xã Hà Hồi', 27),
(488, 'Xã Thư Phú', 27),
(489, 'Xã Nguyễn Trãi', 27),
(490, 'Xã Quất Động', 27),
(491, 'Xã Chương Dương', 27),
(492, 'Xã Tân Minh', 27),
(493, 'Xã Lê Lợi', 27),
(494, 'Xã Thắng Lợi', 27),
(495, 'Xã Dũng Tiến', 27),
(496, 'Xã Thống Nhất', 27),
(497, 'Xã Nghiêm Xuyên', 27),
(498, 'Xã Tô Hiệu', 27),
(499, 'Xã Văn Tự', 27),
(500, 'Xã Vạn Điểm', 27),
(501, 'Xã Minh Cường', 27),
(502, 'Thị trấn Phú Minh', 28),
(503, 'Thị trấn Phú Xuyên', 28),
(504, 'Xã Hồng Minh', 28),
(505, 'Xã Phượng Dực', 28),
(506, 'Xã Nam Tiến', 28),
(507, 'Xã Tri Trung', 28),
(508, 'Xã Đại Thắng', 28),
(509, 'Xã Phú Túc', 28),
(510, 'Xã Văn Hoàng', 28),
(511, 'Xã Hồng Thái', 28),
(512, 'Xã Hoàng Long', 28),
(513, 'Xã Quang Trung', 28),
(514, 'Xã Nam Phong', 28),
(515, 'Xã Nam Triều', 28),
(516, 'Xã Tân Dân', 28),
(517, 'Xã Sơn Hà', 28),
(518, 'Xã Chuyên Mỹ', 28),
(519, 'Xã Khai Thái', 28),
(520, 'Xã Phúc Tiến', 28),
(521, 'Xã Vân Từ', 28),
(522, 'Xã Tri Thủy', 28),
(523, 'Xã Đại Xuyên', 28),
(524, 'Xã Phú Yên', 28),
(525, 'Xã Bạch Hạ', 28),
(526, 'Xã Quang Lãng', 28),
(527, 'Xã Châu Can', 28),
(528, 'Xã Minh Tân', 28),
(529, 'Thị trấn Vân Đình', 29),
(530, 'Xã Viên An', 29),
(531, 'Xã Viên Nội', 29),
(532, 'Xã Hoa Sơn', 29),
(533, 'Xã Quảng Phú Cầu', 29),
(534, 'Xã Trường Thịnh', 29),
(535, 'Xã Cao Thành', 29),
(536, 'Xã Liên Bạt', 29),
(537, 'Xã Sơn Công', 29),
(538, 'Xã Đồng Tiến', 29),
(539, 'Xã Phương Tú', 29),
(540, 'Xã Trung Tú', 29),
(541, 'Xã Đồng Tân', 29),
(542, 'Xã Tảo Dương Văn', 29),
(543, 'Xã Vạn Thái', 29),
(544, 'Xã Minh Đức', 29),
(545, 'Xã Hòa Lâm', 29),
(546, 'Xã Hòa Xá', 29),
(547, 'Xã Trầm Lộng', 29),
(548, 'Xã Kim Đường', 29),
(549, 'Xã Hòa Nam', 29),
(550, 'Xã Hòa Phú', 29),
(551, 'Xã Đội Bình', 29),
(552, 'Xã Đại Hùng', 29),
(553, 'Xã Đông Lỗ', 29),
(554, 'Xã Phù Lưu', 29),
(555, 'Xã Đại Cường', 29),
(556, 'Xã Lưu Hoàng', 29),
(557, 'Xã Hồng Quang', 29),
(558, 'Thị trấn Đại Nghĩa', 30),
(559, 'Xã Đồng Tâm', 30),
(560, 'Xã Thượng Lâm', 30),
(561, 'Xã Tuy Lai', 30),
(562, 'Xã Phúc Lâm', 30),
(563, 'Xã Mỹ Thành', 30),
(564, 'Xã Bột Xuyên', 30),
(565, 'Xã An Mỹ', 30),
(566, 'Xã Hồng Sơn', 30),
(567, 'Xã Lê Thanh', 30),
(568, 'Xã Xuy Xá', 30),
(569, 'Xã Phùng Xá', 30),
(570, 'Xã Phù Lưu Tế', 30),
(571, 'Xã Đại Hưng', 30),
(572, 'Xã Vạn Kim', 30),
(573, 'Xã Đốc Tín', 30),
(574, 'Xã Hương Sơn', 30),
(575, 'Xã Hùng Tiến', 30),
(576, 'Xã An Tiến', 30),
(577, 'Xã Hợp Tiến', 30),
(578, 'Xã Hợp Thanh', 30),
(579, 'Xã An Phú', 30),
(580, 'Phường Quang Trung', 31),
(581, 'Phường Trần Phú', 31),
(582, 'Phường Ngọc Hà', 31),
(583, 'Phường Nguyễn Trãi', 31),
(584, 'Phường Minh Khai', 31),
(585, 'Xã Ngọc Đường', 31),
(586, 'Xã Phương Độ', 31),
(587, 'Xã Phương Thiện', 31),
(588, 'Thị trấn Phó Bảng', 32),
(589, 'Xã Lũng Cú', 32),
(590, 'Xã Má Lé', 32),
(591, 'Thị trấn Đồng Văn', 32),
(592, 'Xã Lũng Táo', 32),
(593, 'Xã Phố Là', 32),
(594, 'Xã Thài Phìn Tủng', 32),
(595, 'Xã Sủng Là', 32),
(596, 'Xã Xà Phìn', 32),
(597, 'Xã Tả Phìn', 32),
(598, 'Xã Tả Lủng', 32),
(599, 'Xã Phố Cáo', 32),
(600, 'Xã Sính Lủng', 32),
(601, 'Xã Sảng Tủng', 32),
(602, 'Xã Lũng Thầu', 32),
(603, 'Xã Hố Quáng Phìn', 32),
(604, 'Xã Vần Chải', 32),
(605, 'Xã Lũng Phìn', 32),
(606, 'Xã Sủng Trái', 32),
(607, 'Thị trấn Mèo Vạc', 33),
(608, 'Xã Thượng Phùng', 33),
(609, 'Xã Pải Lủng', 33),
(610, 'Xã Xín Cái', 33),
(611, 'Xã Pả Vi', 33),
(612, 'Xã Giàng Chu Phìn', 33),
(613, 'Xã Sủng Trà', 33),
(614, 'Xã Sủng Máng', 33),
(615, 'Xã Sơn Vĩ', 33),
(616, 'Xã Tả Lủng', 33),
(617, 'Xã Cán Chu Phìn', 33),
(618, 'Xã Lũng Pù', 33),
(619, 'Xã Lũng Chinh', 33),
(620, 'Xã Tát Ngà', 33),
(621, 'Xã Nậm Ban', 33),
(622, 'Xã Khâu Vai', 33),
(623, 'Xã Niêm Tòng', 33),
(624, 'Xã Niêm Sơn', 33),
(625, 'Thị trấn Yên Minh', 34),
(626, 'Xã Thắng Mố', 34),
(627, 'Xã Phú Lũng', 34),
(628, 'Xã Sủng Tráng', 34),
(629, 'Xã Bạch Đích', 34),
(630, 'Xã Na Khê', 34),
(631, 'Xã Sủng Thài', 34),
(632, 'Xã Hữu Vinh', 34),
(633, 'Xã Lao Và Chải', 34),
(634, 'Xã Mậu Duệ', 34),
(635, 'Xã Đông Minh', 34),
(636, 'Xã Mậu Long', 34),
(637, 'Xã Ngam La', 34),
(638, 'Xã Ngọc Long', 34),
(639, 'Xã Đường Thượng', 34),
(640, 'Xã Lũng Hồ', 34),
(641, 'Xã Du Tiến', 34),
(642, 'Xã Du Già', 34),
(643, 'Thị trấn Tam Sơn', 35),
(644, 'Xã Bát Đại Sơn', 35),
(645, 'Xã Nghĩa Thuận', 35),
(646, 'Xã Cán Tỷ', 35),
(647, 'Xã Cao Mã Pờ', 35),
(648, 'Xã Thanh Vân', 35),
(649, 'Xã Tùng Vài', 35),
(650, 'Xã Đông Hà', 35),
(651, 'Xã Quản Bạ', 35),
(652, 'Xã Lùng Tám', 35),
(653, 'Xã Quyết Tiến', 35),
(654, 'Xã Tả Ván', 35),
(655, 'Xã Thái An', 35),
(656, 'Xã Kim Thạch', 36),
(657, 'Xã Phú Linh', 36),
(658, 'Xã Kim Linh', 36),
(659, 'Thị trấn Vị Xuyên', 36),
(660, 'Thị trấn Nông Trường Việt Lâm', 36),
(661, 'Xã Minh Tân', 36),
(662, 'Xã Thuận Hoà', 36),
(663, 'Xã Tùng Bá', 36),
(664, 'Xã Thanh Thủy', 36),
(665, 'Xã Thanh Đức', 36),
(666, 'Xã Phong Quang', 36),
(667, 'Xã Xín Chải', 36),
(668, 'Xã Phương Tiến', 36),
(669, 'Xã Lao Chải', 36),
(670, 'Xã Cao Bồ', 36),
(671, 'Xã Đạo Đức', 36),
(672, 'Xã Thượng Sơn', 36),
(673, 'Xã Linh Hồ', 36),
(674, 'Xã Quảng Ngần', 36),
(675, 'Xã Việt Lâm', 36),
(676, 'Xã Ngọc Linh', 36),
(677, 'Xã Ngọc Minh', 36),
(678, 'Xã Bạch Ngọc', 36),
(679, 'Xã Trung Thành', 36),
(680, 'Xã Minh Sơn', 37),
(681, 'Xã Giáp Trung', 37),
(682, 'Xã Yên Định', 37),
(683, 'Thị trấn Yên Phú', 37),
(684, 'Xã Minh Ngọc', 37),
(685, 'Xã Yên Phong', 37),
(686, 'Xã Lạc Nông', 37),
(687, 'Xã Phú Nam', 37),
(688, 'Xã Yên Cường', 37),
(689, 'Xã Thượng Tân', 37),
(690, 'Xã Đường Âm', 37),
(691, 'Xã Đường Hồng', 37),
(692, 'Xã Phiêng Luông', 37),
(693, 'Thị trấn Vinh Quang', 38),
(694, 'Xã Bản Máy', 38),
(695, 'Xã Thàng Tín', 38),
(696, 'Xã Thèn Chu Phìn', 38),
(697, 'Xã Pố Lồ', 38),
(698, 'Xã Bản Phùng', 38),
(699, 'Xã Túng Sán', 38),
(700, 'Xã Chiến Phố', 38),
(701, 'Xã Đản Ván', 38),
(702, 'Xã Tụ Nhân', 38),
(703, 'Xã Tân Tiến', 38),
(704, 'Xã Nàng Đôn', 38),
(705, 'Xã Pờ Ly Ngài', 38),
(706, 'Xã Sán Xả Hồ', 38),
(707, 'Xã Bản Luốc', 38),
(708, 'Xã Ngàm Đăng Vài', 38),
(709, 'Xã Bản Nhùng', 38),
(710, 'Xã Tả Sử Choóng', 38),
(711, 'Xã Nậm Dịch', 38),
(712, 'Xã Hồ Thầu', 38),
(713, 'Xã Nam Sơn', 38),
(714, 'Xã Nậm Tỵ', 38),
(715, 'Xã Thông Nguyên', 38),
(716, 'Xã Nậm Khòa', 38),
(717, 'Thị trấn Cốc Pài', 39),
(718, 'Xã Nàn Xỉn', 39),
(719, 'Xã Bản Díu', 39),
(720, 'Xã Chí Cà', 39),
(721, 'Xã Xín Mần', 39),
(722, 'Xã Thèn Phàng', 39),
(723, 'Xã Trung Thịnh', 39),
(724, 'Xã Pà Vầy Sủ', 39),
(725, 'Xã Cốc Rế', 39),
(726, 'Xã Thu Tà', 39),
(727, 'Xã Nàn Ma', 39),
(728, 'Xã Tả Nhìu', 39),
(729, 'Xã Bản Ngò', 39),
(730, 'Xã Chế Là', 39),
(731, 'Xã Nấm Dẩn', 39),
(732, 'Xã Quảng Nguyên', 39),
(733, 'Xã Nà Chì', 39),
(734, 'Xã Khuôn Lùng', 39),
(735, 'Thị trấn Việt Quang', 40),
(736, 'Thị trấn Vĩnh Tuy', 40),
(737, 'Xã Tân Lập', 40),
(738, 'Xã Tân Thành', 40),
(739, 'Xã Đồng Tiến', 40),
(740, 'Xã Đồng Tâm', 40),
(741, 'Xã Tân Quang', 40),
(742, 'Xã Thượng Bình', 40),
(743, 'Xã Hữu Sản', 40),
(744, 'Xã Kim Ngọc', 40),
(745, 'Xã Việt Vinh', 40),
(746, 'Xã Bằng Hành', 40),
(747, 'Xã Quang Minh', 40),
(748, 'Xã Liên Hiệp', 40),
(749, 'Xã Vô Điếm', 40),
(750, 'Xã Việt Hồng', 40),
(751, 'Xã Hùng An', 40),
(752, 'Xã Đức Xuân', 40),
(753, 'Xã Tiên Kiều', 40),
(754, 'Xã Vĩnh Hảo', 40),
(755, 'Xã Vĩnh Phúc', 40),
(756, 'Xã Đồng Yên', 40),
(757, 'Xã Đông Thành', 40),
(758, 'Xã Xuân Minh', 41),
(759, 'Xã Tiên Nguyên', 41),
(760, 'Xã Tân Nam', 41),
(761, 'Xã Bản Rịa', 41),
(762, 'Xã Yên Thành', 41),
(763, 'Thị trấn Yên Bình', 41),
(764, 'Xã Tân Trịnh', 41),
(765, 'Xã Tân Bắc', 41),
(766, 'Xã Bằng Lang', 41),
(767, 'Xã Yên Hà', 41),
(768, 'Xã Hương Sơn', 41),
(769, 'Xã Xuân Giang', 41),
(770, 'Xã Nà Khương', 41),
(771, 'Xã Tiên Yên', 41),
(772, 'Xã Vĩ Thượng', 41),
(773, 'Phường Sông Hiến', 42),
(774, 'Phường Sông Bằng', 42),
(775, 'Phường Hợp Giang', 42),
(776, 'Phường Tân Giang', 42),
(777, 'Phường Ngọc Xuân', 42),
(778, 'Phường Đề Thám', 42),
(779, 'Phường Hoà Chung', 42),
(780, 'Phường Duyệt Trung', 42),
(781, 'Xã Vĩnh Quang', 42),
(782, 'Xã Hưng Đạo', 42),
(783, 'Xã Chu Trinh', 42),
(784, 'Thị trấn Pác Miầu', 43),
(785, 'Xã Đức Hạnh', 43),
(786, 'Xã Lý Bôn', 43),
(787, 'Xã Nam Cao', 43),
(788, 'Xã Nam Quang', 43),
(789, 'Xã Vĩnh Quang', 43),
(790, 'Xã Quảng Lâm', 43),
(791, 'Xã Thạch Lâm', 43),
(792, 'Xã Vĩnh Phong', 43),
(793, 'Xã Mông Ân', 43),
(794, 'Xã Thái Học', 43),
(795, 'Xã Thái Sơn', 43),
(796, 'Xã Yên Thổ', 43),
(797, 'Thị trấn Bảo Lạc', 44),
(798, 'Xã Cốc Pàng', 44),
(799, 'Xã Thượng Hà', 44),
(800, 'Xã Cô Ba', 44),
(801, 'Xã Bảo Toàn', 44),
(802, 'Xã Khánh Xuân', 44),
(803, 'Xã Xuân Trường', 44),
(804, 'Xã Hồng Trị', 44),
(805, 'Xã Kim Cúc', 44),
(806, 'Xã Phan Thanh', 44),
(807, 'Xã Hồng An', 44),
(808, 'Xã Hưng Đạo', 44),
(809, 'Xã Hưng Thịnh', 44),
(810, 'Xã Huy Giáp', 44),
(811, 'Xã Đình Phùng', 44),
(812, 'Xã Sơn Lập', 44),
(813, 'Xã Sơn Lộ', 44),
(814, 'Thị trấn Thông Nông', 45),
(815, 'Xã Cần Yên', 45),
(816, 'Xã Cần Nông', 45),
(817, 'Xã Lương Thông', 45),
(818, 'Xã Đa Thông', 45),
(819, 'Xã Ngọc Động', 45),
(820, 'Xã Yên Sơn', 45),
(821, 'Xã Lương Can', 45),
(822, 'Xã Thanh Long', 45),
(823, 'Thị trấn Xuân Hòa', 45),
(824, 'Xã Lũng Nặm', 45),
(825, 'Xã Trường Hà', 45),
(826, 'Xã Cải Viên', 45),
(827, 'Xã Nội Thôn', 45),
(828, 'Xã Tổng Cọt', 45),
(829, 'Xã Sóc Hà', 45),
(830, 'Xã Thượng Thôn', 45),
(831, 'Xã Hồng Sỹ', 45),
(832, 'Xã Quý Quân', 45),
(833, 'Xã Mã Ba', 45),
(834, 'Xã Ngọc Đào', 45),
(835, 'Thị trấn Trà Lĩnh', 46),
(836, 'Xã Tri Phương', 46),
(837, 'Xã Quang Hán', 46),
(838, 'Xã Xuân Nội', 46),
(839, 'Xã Quang Trung', 46),
(840, 'Xã Quang Vinh', 46),
(841, 'Xã Cao Chương', 46),
(842, 'Thị trấn Trùng Khánh', 46),
(843, 'Xã Ngọc Khê', 46),
(844, 'Xã Ngọc Côn', 46),
(845, 'Xã Phong Nậm', 46),
(846, 'Xã Đình Phong', 46),
(847, 'Xã Đàm Thuỷ', 46),
(848, 'Xã Khâm Thành', 46),
(849, 'Xã Chí Viễn', 46),
(850, 'Xã Lăng Hiếu', 46),
(851, 'Xã Phong Châu', 46),
(852, 'Xã Trung Phúc', 46),
(853, 'Xã Cao Thăng', 46),
(854, 'Xã Đức Hồng', 46),
(855, 'Xã Đoài Dương', 46),
(856, 'Xã Minh Long', 47),
(857, 'Xã Lý Quốc', 47),
(858, 'Xã Thắng Lợi', 47),
(859, 'Xã Đồng Loan', 47),
(860, 'Xã Đức Quang', 47),
(861, 'Xã Kim Loan', 47),
(862, 'Xã Quang Long', 47),
(863, 'Xã An Lạc', 47),
(864, 'Thị trấn Thanh Nhật', 47),
(865, 'Xã Vinh Quý', 47),
(866, 'Xã Thống Nhất', 47),
(867, 'Xã Cô Ngân', 47),
(868, 'Xã Thị Hoa', 47),
(869, 'Xã Quốc Toản', 48),
(870, 'Thị trấn Quảng Uyên', 48),
(871, 'Xã Phi Hải', 48),
(872, 'Xã Quảng Hưng', 48),
(873, 'Xã Độc Lập', 48),
(874, 'Xã Cai Bộ', 48),
(875, 'Xã Phúc Sen', 48),
(876, 'Xã Chí Thảo', 48),
(877, 'Xã Tự Do', 48),
(878, 'Xã Hồng Quang', 48),
(879, 'Xã Ngọc Động', 48),
(880, 'Xã Hạnh Phúc', 48),
(881, 'Thị trấn Tà Lùng', 48),
(882, 'Xã Bế Văn Đàn', 48),
(883, 'Xã Cách Linh', 48),
(884, 'Xã Đại Sơn', 48),
(885, 'Xã Tiên Thành', 48),
(886, 'Thị trấn Hoà Thuận', 48),
(887, 'Xã Mỹ Hưng', 48),
(888, 'Thị trấn Nước Hai', 49),
(889, 'Xã Dân Chủ', 49),
(890, 'Xã Nam Tuấn', 49),
(891, 'Xã Đại Tiến', 49),
(892, 'Xã Đức Long', 49),
(893, 'Xã Ngũ Lão', 49),
(894, 'Xã Trương Lương', 49),
(895, 'Xã Hồng Việt', 49),
(896, 'Xã Hoàng Tung', 49),
(897, 'Xã Nguyễn Huệ', 49),
(898, 'Xã Quang Trung', 49),
(899, 'Xã Bạch Đằng', 49),
(900, 'Xã Bình Dương', 49),
(901, 'Xã Lê Chung', 49),
(902, 'Xã Hồng Nam', 49),
(903, 'Thị trấn Nguyên Bình', 50),
(904, 'Thị trấn Tĩnh Túc', 50),
(905, 'Xã Yên Lạc', 50),
(906, 'Xã Triệu Nguyên', 50),
(907, 'Xã Ca Thành', 50),
(908, 'Xã Vũ Nông', 50),
(909, 'Xã Minh Tâm', 50),
(910, 'Xã Thể Dục', 50),
(911, 'Xã Mai Long', 50),
(912, 'Xã Vũ Minh', 50),
(913, 'Xã Hoa Thám', 50),
(914, 'Xã Phan Thanh', 50),
(915, 'Xã Quang Thành', 50),
(916, 'Xã Tam Kim', 50),
(917, 'Xã Thành Công', 50),
(918, 'Xã Thịnh Vượng', 50),
(919, 'Xã Hưng Đạo', 50),
(920, 'Thị trấn Đông Khê', 51),
(921, 'Xã Canh Tân', 51),
(922, 'Xã Kim Đồng', 51),
(923, 'Xã Minh Khai', 51),
(924, 'Xã Đức Thông', 51),
(925, 'Xã Thái Cường', 51),
(926, 'Xã Vân Trình', 51),
(927, 'Xã Thụy Hùng', 51),
(928, 'Xã Quang Trọng', 51),
(929, 'Xã Trọng Con', 51),
(930, 'Xã Lê Lai', 51),
(931, 'Xã Đức Long', 51),
(932, 'Xã Lê Lợi', 51),
(933, 'Xã Đức Xuân', 51),
(934, 'Phường Nguyễn Thị Minh Khai', 52),
(935, 'Phường Sông Cầu', 52),
(936, 'Phường Đức Xuân', 52),
(937, 'Phường Phùng Chí Kiên', 52),
(938, 'Phường Huyền Tụng', 52),
(939, 'Xã Dương Quang', 52),
(940, 'Xã Nông Thượng', 52),
(941, 'Phường Xuất Hóa', 52),
(942, 'Xã Bằng Thành', 53),
(943, 'Xã Nhạn Môn', 53),
(944, 'Xã Bộc Bố', 53),
(945, 'Xã Công Bằng', 53),
(946, 'Xã Giáo Hiệu', 53),
(947, 'Xã Xuân La', 53),
(948, 'Xã An Thắng', 53),
(949, 'Xã Cổ Linh', 53),
(950, 'Xã Nghiên Loan', 53),
(951, 'Xã Cao Tân', 53),
(952, 'Thị trấn Chợ Rã', 54),
(953, 'Xã Bành Trạch', 54),
(954, 'Xã Phúc Lộc', 54),
(955, 'Xã Hà Hiệu', 54),
(956, 'Xã Cao Thượng', 54),
(957, 'Xã Khang Ninh', 54),
(958, 'Xã Nam Mẫu', 54),
(959, 'Xã Thượng Giáo', 54),
(960, 'Xã Địa Linh', 54),
(961, 'Xã Yến Dương', 54),
(962, 'Xã Chu Hương', 54),
(963, 'Xã Quảng Khê', 54),
(964, 'Xã Mỹ Phương', 54),
(965, 'Xã Hoàng Trĩ', 54),
(966, 'Xã Đồng Phúc', 54),
(967, 'Thị trấn Nà Phặc', 55),
(968, 'Xã Thượng Ân', 55),
(969, 'Xã Bằng Vân', 55),
(970, 'Xã Cốc Đán', 55),
(971, 'Xã Trung Hoà', 55),
(972, 'Xã Đức Vân', 55),
(973, 'Xã Vân Tùng', 55),
(974, 'Xã Thượng Quan', 55),
(975, 'Xã Hiệp Lực', 55),
(976, 'Xã Thuần Mang', 55),
(977, 'Thị trấn Phủ Thông', 56),
(978, 'Xã Vi Hương', 56),
(979, 'Xã Sĩ Bình', 56),
(980, 'Xã Vũ Muộn', 56),
(981, 'Xã Đôn Phong', 56),
(982, 'Xã Lục Bình', 56),
(983, 'Xã Tân Tú', 56),
(984, 'Xã Nguyên Phúc', 56),
(985, 'Xã Cao Sơn', 56),
(986, 'Xã Quân Hà', 56),
(987, 'Xã Cẩm Giàng', 56),
(988, 'Xã Mỹ Thanh', 56),
(989, 'Xã Dương Phong', 56),
(990, 'Xã Quang Thuận', 56),
(991, 'Thị trấn Bằng Lũng', 57),
(992, 'Xã Xuân Lạc', 57),
(993, 'Xã Nam Cường', 57),
(994, 'Xã Đồng Lạc', 57),
(995, 'Xã Tân Lập', 57),
(996, 'Xã Bản Thi', 57),
(997, 'Xã Quảng Bạch', 57),
(998, 'Xã Bằng Phúc', 57),
(999, 'Xã Yên Thịnh', 57),
(1000, 'Xã Yên Thượng', 57),
(1001, 'Xã Phương Viên', 57),
(1002, 'Xã Ngọc Phái', 57),
(1003, 'Xã Đồng Thắng', 57),
(1004, 'Xã Lương Bằng', 57),
(1005, 'Xã Bằng Lãng', 57),
(1006, 'Xã Đại Sảo', 57),
(1007, 'Xã Nghĩa Tá', 57),
(1008, 'Xã Yên Mỹ', 57),
(1009, 'Xã Bình Trung', 57),
(1010, 'Xã Yên Phong', 57),
(1011, 'Thị trấn Đồng Tâm', 58),
(1012, 'Xã Tân Sơn', 58),
(1013, 'Xã Thanh Vận', 58),
(1014, 'Xã Mai Lạp', 58),
(1015, 'Xã Hoà Mục', 58),
(1016, 'Xã Thanh Mai', 58),
(1017, 'Xã Cao Kỳ', 58),
(1018, 'Xã Nông Hạ', 58),
(1019, 'Xã Yên Cư', 58),
(1020, 'Xã Thanh Thịnh', 58),
(1021, 'Xã Yên Hân', 58),
(1022, 'Xã Như Cố', 58),
(1023, 'Xã Bình Văn', 58),
(1024, 'Xã Quảng Chu', 58),
(1025, 'Xã Văn Vũ', 59),
(1026, 'Xã Văn Lang', 59),
(1027, 'Xã Lương Thượng', 59),
(1028, 'Xã Kim Hỷ', 59),
(1029, 'Xã Cường Lợi', 59),
(1030, 'Thị trấn Yến Lạc', 59),
(1031, 'Xã Kim Lư', 59),
(1032, 'Xã Sơn Thành', 59),
(1033, 'Xã Văn Minh', 59),
(1034, 'Xã Côn Minh', 59),
(1035, 'Xã Cư Lễ', 59),
(1036, 'Xã Trần Phú', 59),
(1037, 'Xã Quang Phong', 59),
(1038, 'Xã Dương Sơn', 59),
(1039, 'Xã Xuân Dương', 59),
(1040, 'Xã Đổng Xá', 59),
(1041, 'Xã Liêm Thuỷ', 59),
(1042, 'Phường Phan Thiết', 60),
(1043, 'Phường Minh Xuân', 60),
(1044, 'Phường Tân Quang', 60),
(1045, 'Xã Tràng Đà', 60),
(1046, 'Phường Nông Tiến', 60),
(1047, 'Phường Ỷ La', 60),
(1048, 'Phường Tân Hà', 60),
(1049, 'Phường Hưng Thành', 60),
(1050, 'Xã Kim Phú', 60),
(1051, 'Xã An Khang', 60),
(1052, 'Phường Mỹ Lâm', 60),
(1053, 'Phường An Tường', 60),
(1054, 'Xã Lưỡng Vượng', 60),
(1055, 'Xã Thái Long', 60),
(1056, 'Phường Đội Cấn', 60),
(1057, 'Xã Phúc Yên', 61),
(1058, 'Xã Xuân Lập', 61),
(1059, 'Xã Khuôn Hà', 61),
(1060, 'Xã Lăng Can', 61),
(1061, 'Xã Thượng Lâm', 61),
(1062, 'Xã Bình An', 61),
(1063, 'Xã Hồng Quang', 61),
(1064, 'Xã Thổ Bình', 61),
(1065, 'Thị trấn Na Hang', 62),
(1066, 'Xã Sinh Long', 62),
(1067, 'Xã Thượng Giáp', 62),
(1068, 'Xã Thượng Nông', 62),
(1069, 'Xã Côn Lôn', 62),
(1070, 'Xã Yên Hoa', 62),
(1071, 'Xã Hồng Thái', 62),
(1072, 'Xã Đà Vị', 62),
(1073, 'Xã Khau Tinh', 62),
(1074, 'Xã Sơn Phú', 62),
(1075, 'Xã Năng Khả', 62),
(1076, 'Xã Thanh Tương', 62),
(1077, 'Thị trấn Vĩnh Lộc', 63),
(1078, 'Xã Phúc Sơn', 63),
(1079, 'Xã Minh Quang', 63),
(1080, 'Xã Trung Hà', 63),
(1081, 'Xã Tân Mỹ', 63),
(1082, 'Xã Hà Lang', 63),
(1083, 'Xã Hùng Mỹ', 63),
(1084, 'Xã Yên Lập', 63),
(1085, 'Xã Tân An', 63),
(1086, 'Xã Bình Phú', 63),
(1087, 'Xã Xuân Quang', 63),
(1088, 'Xã Ngọc Hội', 63),
(1089, 'Xã Phú Bình', 63),
(1090, 'Xã Hòa Phú', 63),
(1091, 'Xã Phúc Thịnh', 63),
(1092, 'Xã Kiên Đài', 63),
(1093, 'Xã Tân Thịnh', 63),
(1094, 'Xã Trung Hòa', 63),
(1095, 'Xã Kim Bình', 63),
(1096, 'Xã Hòa An', 63),
(1097, 'Xã Vinh Quang', 63),
(1098, 'Xã Tri Phú', 63),
(1099, 'Xã Nhân Lý', 63),
(1100, 'Xã Yên Nguyên', 63),
(1101, 'Xã Linh Phú', 63),
(1102, 'Xã Bình Nhân', 63),
(1103, 'Thị trấn Tân Yên', 64),
(1104, 'Xã Yên Thuận', 64),
(1105, 'Xã Bạch Xa', 64),
(1106, 'Xã Minh Khương', 64),
(1107, 'Xã Yên Lâm', 64),
(1108, 'Xã Minh Dân', 64),
(1109, 'Xã Phù Lưu', 64),
(1110, 'Xã Minh Hương', 64),
(1111, 'Xã Yên Phú', 64),
(1112, 'Xã Tân Thành', 64),
(1113, 'Xã Bình Xa', 64),
(1114, 'Xã Thái Sơn', 64),
(1115, 'Xã Nhân Mục', 64),
(1116, 'Xã Thành Long', 64),
(1117, 'Xã Bằng Cốc', 64),
(1118, 'Xã Thái Hòa', 64),
(1119, 'Xã Đức Ninh', 64),
(1120, 'Xã Hùng Đức', 64),
(1121, 'Xã Quí Quân', 65),
(1122, 'Xã Lực Hành', 65),
(1123, 'Xã Kiến Thiết', 65),
(1124, 'Xã Trung Minh', 65),
(1125, 'Xã Chiêu Yên', 65),
(1126, 'Xã Trung Trực', 65),
(1127, 'Xã Xuân Vân', 65),
(1128, 'Xã Phúc Ninh', 65),
(1129, 'Xã Hùng Lợi', 65),
(1130, 'Xã Trung Sơn', 65),
(1131, 'Xã Tân Tiến', 65),
(1132, 'Xã Tứ Quận', 65),
(1133, 'Xã Đạo Viện', 65),
(1134, 'Xã Tân Long', 65),
(1135, 'Xã Thắng Quân', 65),
(1136, 'Xã Kim Quan', 65),
(1137, 'Xã Lang Quán', 65),
(1138, 'Xã Phú Thịnh', 65),
(1139, 'Xã Công Đa', 65),
(1140, 'Xã Trung Môn', 65),
(1141, 'Xã Chân Sơn', 65),
(1142, 'Xã Thái Bình', 65),
(1143, 'Xã Tiến Bộ', 65),
(1144, 'Xã Mỹ Bằng', 65),
(1145, 'Xã Hoàng Khai', 65),
(1146, 'Xã Nhữ Hán', 65),
(1147, 'Xã Nhữ Khê', 65),
(1148, 'Xã Đội Bình', 65),
(1149, 'Thị trấn Sơn Dương', 66),
(1150, 'Xã Trung Yên', 66),
(1151, 'Xã Minh Thanh', 66),
(1152, 'Xã Tân Trào', 66),
(1153, 'Xã Vĩnh Lợi', 66),
(1154, 'Xã Thượng Ấm', 66),
(1155, 'Xã Bình Yên', 66),
(1156, 'Xã Lương Thiện', 66),
(1157, 'Xã Tú Thịnh', 66),
(1158, 'Xã Cấp Tiến', 66),
(1159, 'Xã Hợp Thành', 66),
(1160, 'Xã Phúc Ứng', 66),
(1161, 'Xã Đông Thọ', 66),
(1162, 'Xã Kháng Nhật', 66),
(1163, 'Xã Hợp Hòa', 66),
(1164, 'Xã Quyết Thắng', 66),
(1165, 'Xã Đồng Quý', 66),
(1166, 'Xã Tân Thanh', 66),
(1167, 'Xã Vân Sơn', 66),
(1168, 'Xã Văn Phú', 66),
(1169, 'Xã Chi Thiết', 66),
(1170, 'Xã Đông Lợi', 66),
(1171, 'Xã Thiện Kế', 66),
(1172, 'Xã Hồng Lạc', 66),
(1173, 'Xã Phú Lương', 66),
(1174, 'Xã Ninh Lai', 66),
(1175, 'Xã Đại Phú', 66),
(1176, 'Xã Sơn Nam', 66),
(1177, 'Xã Hào Phú', 66),
(1178, 'Xã Tam Đa', 66),
(1179, 'Xã Trường Sinh', 66),
(1180, 'Phường Duyên Hải', 67),
(1181, 'Phường Lào Cai', 67),
(1182, 'Phường Cốc Lếu', 67),
(1183, 'Phường Kim Tân', 67),
(1184, 'Phường Bắc Lệnh', 67),
(1185, 'Phường Pom Hán', 67),
(1186, 'Phường Xuân Tăng', 67),
(1187, 'Phường Bình Minh', 67),
(1188, 'Xã Thống Nhất', 67),
(1189, 'Xã Đồng Tuyển', 67),
(1190, 'Xã Vạn Hoà', 67),
(1191, 'Phường Bắc Cường', 67),
(1192, 'Phường Nam Cường', 67),
(1193, 'Xã Cam Đường', 67),
(1194, 'Xã Tả Phời', 67),
(1195, 'Xã Hợp Thành', 67),
(1196, 'Xã Cốc San', 67),
(1197, 'Thị trấn Bát Xát', 68),
(1198, 'Xã A Mú Sung', 68),
(1199, 'Xã Nậm Chạc', 68),
(1200, 'Xã A Lù', 68),
(1201, 'Xã Trịnh Tường', 68),
(1202, 'Xã Y Tý', 68),
(1203, 'Xã Cốc Mỳ', 68),
(1204, 'Xã Dền Sáng', 68),
(1205, 'Xã Bản Vược', 68),
(1206, 'Xã Sàng Ma Sáo', 68),
(1207, 'Xã Bản Qua', 68),
(1208, 'Xã Mường Vi', 68),
(1209, 'Xã Dền Thàng', 68),
(1210, 'Xã Bản Xèo', 68),
(1211, 'Xã Mường Hum', 68),
(1212, 'Xã Trung Lèng Hồ', 68),
(1213, 'Xã Quang Kim', 68),
(1214, 'Xã Pa Cheo', 68),
(1215, 'Xã Nậm Pung', 68),
(1216, 'Xã Phìn Ngan', 68),
(1217, 'Xã Tòng Sành', 68),
(1218, 'Xã Pha Long', 69),
(1219, 'Xã Tả Ngải Chồ', 69),
(1220, 'Xã Tung Chung Phố', 69),
(1221, 'Thị trấn Mường Khương', 69),
(1222, 'Xã Dìn Chin', 69),
(1223, 'Xã Tả Gia Khâu', 69),
(1224, 'Xã Nậm Chảy', 69),
(1225, 'Xã Nấm Lư', 69),
(1226, 'Xã Lùng Khấu Nhin', 69),
(1227, 'Xã Thanh Bình', 69),
(1228, 'Xã Cao Sơn', 69),
(1229, 'Xã Lùng Vai', 69),
(1230, 'Xã Bản Lầu', 69),
(1231, 'Xã La Pan Tẩn', 69),
(1232, 'Xã Tả Thàng', 69),
(1233, 'Xã Bản Sen', 69),
(1234, 'Xã Nàn Sán', 70),
(1235, 'Xã Thào Chư Phìn', 70),
(1236, 'Xã Bản Mế', 70),
(1237, 'Thị trấn Si Ma Cai', 70),
(1238, 'Xã Sán Chải', 70),
(1239, 'Xã Lùng Thẩn', 70),
(1240, 'Xã Cán Cấu', 70),
(1241, 'Xã Sín Chéng', 70),
(1242, 'Xã Quan Hồ Thẩn', 70),
(1243, 'Xã Nàn Xín', 70),
(1244, 'Thị trấn Bắc Hà', 71),
(1245, 'Xã Lùng Cải', 71),
(1246, 'Xã Lùng Phình', 71),
(1247, 'Xã Tả Van Chư', 71),
(1248, 'Xã Tả Củ Tỷ', 71),
(1249, 'Xã Thải Giàng Phố', 71),
(1250, 'Xã Hoàng Thu Phố', 71),
(1251, 'Xã Bản Phố', 71),
(1252, 'Xã Bản Liền', 71),
(1253, 'Xã Tà Chải', 71),
(1254, 'Xã Na Hối', 71),
(1255, 'Xã Cốc Ly', 71),
(1256, 'Xã Nậm Mòn', 71),
(1257, 'Xã Nậm Đét', 71),
(1258, 'Xã Nậm Khánh', 71),
(1259, 'Xã Bảo Nhai', 71),
(1260, 'Xã Nậm Lúc', 71),
(1261, 'Xã Cốc Lầu', 71),
(1262, 'Xã Bản Cái', 71),
(1263, 'Thị trấn N.T Phong Hải', 72),
(1264, 'Thị trấn Phố Lu', 72),
(1265, 'Thị trấn Tằng Loỏng', 72),
(1266, 'Xã Bản Phiệt', 72),
(1267, 'Xã Bản Cầm', 72),
(1268, 'Xã Thái Niên', 72),
(1269, 'Xã Phong Niên', 72),
(1270, 'Xã Gia Phú', 72),
(1271, 'Xã Xuân Quang', 72),
(1272, 'Xã Sơn Hải', 72),
(1273, 'Xã Xuân Giao', 72),
(1274, 'Xã Trì Quang', 72),
(1275, 'Xã Sơn Hà', 72),
(1276, 'Xã Phú Nhuận', 72),
(1277, 'Thị trấn Phố Ràng', 73),
(1278, 'Xã Tân Tiến', 73),
(1279, 'Xã Nghĩa Đô', 73),
(1280, 'Xã Vĩnh Yên', 73),
(1281, 'Xã Điện Quan', 73),
(1282, 'Xã Xuân Hoà', 73),
(1283, 'Xã Tân Dương', 73),
(1284, 'Xã Thượng Hà', 73),
(1285, 'Xã Kim Sơn', 73),
(1286, 'Xã Cam Cọn', 73),
(1287, 'Xã Minh Tân', 73),
(1288, 'Xã Xuân Thượng', 73),
(1289, 'Xã Việt Tiến', 73),
(1290, 'Xã Yên Sơn', 73),
(1291, 'Xã Bảo Hà', 73),
(1292, 'Xã Lương Sơn', 73),
(1293, 'Xã Phúc Khánh', 73),
(1294, 'Phường Sa Pa', 74),
(1295, 'Phường Sa Pả', 74),
(1296, 'Phường Ô Quý Hồ', 74),
(1297, 'Xã Ngũ Chỉ Sơn', 74),
(1298, 'Phường Phan Si Păng', 74),
(1299, 'Xã Trung Chải', 74),
(1300, 'Xã Tả Phìn', 74),
(1301, 'Phường Hàm Rồng', 74),
(1302, 'Xã Hoàng Liên', 74),
(1303, 'Xã Thanh Bình', 74),
(1304, 'Phường Cầu Mây', 74),
(1305, 'Xã Mường Hoa', 74),
(1306, 'Xã Tả Van', 74),
(1307, 'Xã Mường Bo', 74),
(1308, 'Xã Bản Hồ', 74),
(1309, 'Xã Liên Minh', 74),
(1310, 'Thị trấn Khánh Yên', 75),
(1311, 'Xã Võ Lao', 75),
(1312, 'Xã Sơn Thuỷ', 75),
(1313, 'Xã Nậm Mả', 75),
(1314, 'Xã Tân Thượng', 75),
(1315, 'Xã Nậm Rạng', 75),
(1316, 'Xã Nậm Chầy', 75),
(1317, 'Xã Tân An', 75),
(1318, 'Xã Khánh Yên Thượng', 75),
(1319, 'Xã Nậm Xé', 75),
(1320, 'Xã Dần Thàng', 75),
(1321, 'Xã Chiềng Ken', 75),
(1322, 'Xã Làng Giàng', 75),
(1323, 'Xã Hoà Mạc', 75),
(1324, 'Xã Khánh Yên Trung', 75),
(1325, 'Xã Khánh Yên Hạ', 75),
(1326, 'Xã Dương Quỳ', 75),
(1327, 'Xã Nậm Tha', 75),
(1328, 'Xã Minh Lương', 75),
(1329, 'Xã Thẩm Dương', 75),
(1330, 'Xã Liêm Phú', 75),
(1331, 'Xã Nậm Xây', 75),
(1332, 'Phường Noong Bua', 76),
(1333, 'Phường Him Lam', 76),
(1334, 'Phường Thanh Bình', 76),
(1335, 'Phường Tân Thanh', 76),
(1336, 'Phường Mường Thanh', 76),
(1337, 'Phường Nam Thanh', 76),
(1338, 'Phường Thanh Trường', 76),
(1339, 'Xã Thanh Minh', 76),
(1340, 'Xã Nà Tấu', 76),
(1341, 'Xã Nà Nhạn', 76),
(1342, 'Xã Mường Phăng', 76),
(1343, 'Xã Pá Khoang', 76),
(1344, 'Phường Sông Đà', 77),
(1345, 'Phường Na Lay', 77),
(1346, 'Xã Lay Nưa', 77),
(1347, 'Xã Sín Thầu', 78),
(1348, 'Xã Sen Thượng', 78),
(1349, 'Xã Chung Chải', 78),
(1350, 'Xã Leng Su Sìn', 78),
(1351, 'Xã Pá Mỳ', 78),
(1352, 'Xã Mường Nhé', 78),
(1353, 'Xã Nậm Vì', 78),
(1354, 'Xã Nậm Kè', 78),
(1355, 'Xã Mường Toong', 78),
(1356, 'Xã Quảng Lâm', 78),
(1357, 'Xã Huổi Lếnh', 78),
(1358, 'Thị Trấn Mường Chà', 79),
(1359, 'Xã Xá Tổng', 79),
(1360, 'Xã Mường Tùng', 79),
(1361, 'Xã Hừa Ngài', 79),
(1362, 'Xã Huổi Mí', 79),
(1363, 'Xã Pa Ham', 79),
(1364, 'Xã Nậm Nèn', 79),
(1365, 'Xã Huổi Lèng', 79),
(1366, 'Xã Sa Lông', 79),
(1367, 'Xã Ma Thì Hồ', 79),
(1368, 'Xã Na Sang', 79),
(1369, 'Xã Mường Mươn', 79),
(1370, 'Thị trấn Tủa Chùa', 80),
(1371, 'Xã Huổi Só', 80),
(1372, 'Xã Xín Chải', 80),
(1373, 'Xã Tả Sìn Thàng', 80),
(1374, 'Xã Lao Xả Phình', 80),
(1375, 'Xã Tả Phìn', 80),
(1376, 'Xã Tủa Thàng', 80),
(1377, 'Xã Trung Thu', 80),
(1378, 'Xã Sính Phình', 80),
(1379, 'Xã Sáng Nhè', 80),
(1380, 'Xã Mường Đun', 80),
(1381, 'Xã Mường Báng', 80),
(1382, 'Thị trấn Tuần Giáo', 81),
(1383, 'Xã Phình Sáng', 81),
(1384, 'Xã Rạng Đông', 81),
(1385, 'Xã Mùn Chung', 81),
(1386, 'Xã Nà Tòng', 81),
(1387, 'Xã Ta Ma', 81),
(1388, 'Xã Mường Mùn', 81),
(1389, 'Xã Pú Xi', 81),
(1390, 'Xã Pú Nhung', 81),
(1391, 'Xã Quài Nưa', 81),
(1392, 'Xã Mường Thín', 81),
(1393, 'Xã Tỏa Tình', 81),
(1394, 'Xã Nà Sáy', 81),
(1395, 'Xã Mường Khong', 81),
(1396, 'Xã Quài Cang', 81),
(1397, 'Xã Quài Tở', 81),
(1398, 'Xã Chiềng Sinh', 81),
(1399, 'Xã Chiềng Đông', 81),
(1400, 'Xã Tênh Phông', 81),
(1401, 'Xã Mường Pồn', 82),
(1402, 'Xã Thanh Nưa', 82),
(1403, 'Xã Hua Thanh', 82),
(1404, 'Xã Thanh Luông', 82),
(1405, 'Xã Thanh Hưng', 82),
(1406, 'Xã Thanh Xương', 82),
(1407, 'Xã Thanh Chăn', 82),
(1408, 'Xã Pa Thơm', 82),
(1409, 'Xã Thanh An', 82),
(1410, 'Xã Thanh Yên', 82),
(1411, 'Xã Noong Luống', 82),
(1412, 'Xã Noọng Hẹt', 82),
(1413, 'Xã Sam Mứn', 82),
(1414, 'Xã Pom Lót', 82),
(1415, 'Xã Núa Ngam', 82),
(1416, 'Xã Hẹ Muông', 82),
(1417, 'Xã Na Ư', 82),
(1418, 'Xã Mường Nhà', 82),
(1419, 'Xã Na Tông', 82),
(1420, 'Xã Mường Lói', 82),
(1421, 'Xã Phu Luông', 82),
(1422, 'Thị trấn Điện Biên Đông', 83),
(1423, 'Xã Na Son', 83),
(1424, 'Xã Phì Nhừ', 83),
(1425, 'Xã Chiềng Sơ', 83),
(1426, 'Xã Mường Luân', 83),
(1427, 'Xã Pú Nhi', 83),
(1428, 'Xã Nong U', 83),
(1429, 'Xã Xa Dung', 83),
(1430, 'Xã Keo Lôm', 83),
(1431, 'Xã Luân Giới', 83),
(1432, 'Xã Phình Giàng', 83),
(1433, 'Xã Pú Hồng', 83),
(1434, 'Xã Tìa Dình', 83),
(1435, 'Xã Háng Lìa', 83),
(1436, 'Thị trấn Mường Ảng', 84),
(1437, 'Xã Mường Đăng', 84),
(1438, 'Xã Ngối Cáy', 84),
(1439, 'Xã Ẳng Tở', 84),
(1440, 'Xã Búng Lao', 84),
(1441, 'Xã Xuân Lao', 84),
(1442, 'Xã Ẳng Nưa', 84),
(1443, 'Xã Ẳng Cang', 84),
(1444, 'Xã Nặm Lịch', 84),
(1445, 'Xã Mường Lạn', 84),
(1446, 'Xã Nậm Tin', 85),
(1447, 'Xã Pa Tần', 85),
(1448, 'Xã Chà Cang', 85),
(1449, 'Xã Na Cô Sa', 85),
(1450, 'Xã Nà Khoa', 85),
(1451, 'Xã Nà Hỳ', 85),
(1452, 'Xã Nà Bủng', 85),
(1453, 'Xã Nậm Nhừ', 85),
(1454, 'Xã Nậm Chua', 85),
(1455, 'Xã Nậm Khăn', 85),
(1456, 'Xã Chà Tở', 85),
(1457, 'Xã Vàng Đán', 85),
(1458, 'Xã Chà Nưa', 85),
(1459, 'Xã Phìn Hồ', 85),
(1460, 'Xã Si Pa Phìn', 85),
(1461, 'Phường Quyết Thắng', 86),
(1462, 'Phường Tân Phong', 86),
(1463, 'Phường Quyết Tiến', 86),
(1464, 'Phường Đoàn Kết', 86),
(1465, 'Xã Sùng Phài', 86),
(1466, 'Phường Đông Phong', 86),
(1467, 'Xã San Thàng', 86),
(1468, 'Thị trấn Tam Đường', 87),
(1469, 'Xã Thèn Sin', 87),
(1470, 'Xã Tả Lèng', 87),
(1471, 'Xã Giang Ma', 87),
(1472, 'Xã Hồ Thầu', 87),
(1473, 'Xã Bình Lư', 87),
(1474, 'Xã Sơn Bình', 87),
(1475, 'Xã Nùng Nàng', 87),
(1476, 'Xã Bản Giang', 87),
(1477, 'Xã Bản Hon', 87),
(1478, 'Xã Bản Bo', 87),
(1479, 'Xã Nà Tăm', 87),
(1480, 'Xã Khun Há', 87),
(1481, 'Thị trấn Mường Tè', 88),
(1482, 'Xã Thu Lũm', 88),
(1483, 'Xã Ka Lăng', 88),
(1484, 'Xã Tá Bạ', 88),
(1485, 'Xã Pa ủ', 88),
(1486, 'Xã Mường Tè', 88),
(1487, 'Xã Pa Vệ Sử', 88),
(1488, 'Xã Mù Cả', 88),
(1489, 'Xã Bum Tở', 88),
(1490, 'Xã Nậm Khao', 88),
(1491, 'Xã Tà Tổng', 88),
(1492, 'Xã Bum Nưa', 88),
(1493, 'Xã Vàng San', 88),
(1494, 'Xã Kan Hồ', 88),
(1495, 'Thị trấn Sìn Hồ', 89),
(1496, 'Xã Chăn Nưa', 89),
(1497, 'Xã Pa Tần', 89),
(1498, 'Xã Phìn Hồ', 89),
(1499, 'Xã Hồng Thu', 89),
(1500, 'Xã Phăng Sô Lin', 89),
(1501, 'Xã Ma Quai', 89),
(1502, 'Xã Lùng Thàng', 89),
(1503, 'Xã Tả Phìn', 89),
(1504, 'Xã Sà Dề Phìn', 89),
(1505, 'Xã Nậm Tăm', 89),
(1506, 'Xã Tả Ngảo', 89),
(1507, 'Xã Pu Sam Cáp', 89),
(1508, 'Xã Nậm Cha', 89),
(1509, 'Xã Pa Khoá', 89),
(1510, 'Xã Làng Mô', 89),
(1511, 'Xã Noong Hẻo', 89),
(1512, 'Xã Nậm Mạ', 89),
(1513, 'Xã Căn Co', 89),
(1514, 'Xã Tủa Sín Chải', 89),
(1515, 'Xã Nậm Cuổi', 89),
(1516, 'Xã Nậm Hăn', 89),
(1517, 'Xã Lả Nhì Thàng', 90),
(1518, 'Xã Huổi Luông', 90),
(1519, 'Thị trấn Phong Thổ', 90),
(1520, 'Xã Sì Lở Lầu', 90),
(1521, 'Xã Mồ Sì San', 90),
(1522, 'Xã Pa Vây Sử', 90),
(1523, 'Xã Vàng Ma Chải', 90),
(1524, 'Xã Tông Qua Lìn', 90),
(1525, 'Xã Mù Sang', 90),
(1526, 'Xã Dào San', 90),
(1527, 'Xã Ma Ly Pho', 90),
(1528, 'Xã Bản Lang', 90),
(1529, 'Xã Hoang Thèn', 90),
(1530, 'Xã Khổng Lào', 90),
(1531, 'Xã Nậm Xe', 90),
(1532, 'Xã Mường So', 90),
(1533, 'Xã Sin Suối Hồ', 90),
(1534, 'Thị trấn Than Uyên', 91),
(1535, 'Xã Phúc Than', 91),
(1536, 'Xã Mường Than', 91),
(1537, 'Xã Mường Mít', 91),
(1538, 'Xã Pha Mu', 91),
(1539, 'Xã Mường Cang', 91),
(1540, 'Xã Hua Nà', 91),
(1541, 'Xã Tà Hừa', 91),
(1542, 'Xã Mường Kim', 91),
(1543, 'Xã Tà Mung', 91),
(1544, 'Xã Tà Gia', 91),
(1545, 'Xã Khoen On', 91),
(1546, 'Thị trấn Tân Uyên', 92),
(1547, 'Xã Mường Khoa', 92),
(1548, 'Xã Phúc Khoa', 92),
(1549, 'Xã Thân Thuộc', 92),
(1550, 'Xã Trung Đồng', 92),
(1551, 'Xã Hố Mít', 92),
(1552, 'Xã Nậm Cần', 92),
(1553, 'Xã Nậm Sỏ', 92),
(1554, 'Xã Pắc Ta', 92),
(1555, 'Xã Tà Mít', 92),
(1556, 'Thị trấn Nậm Nhùn', 93),
(1557, 'Xã Hua Bun', 93),
(1558, 'Xã Mường Mô', 93),
(1559, 'Xã Nậm Chà', 93),
(1560, 'Xã Nậm Manh', 93),
(1561, 'Xã Nậm Hàng', 93),
(1562, 'Xã Lê Lợi', 93),
(1563, 'Xã Pú Đao', 93),
(1564, 'Xã Nậm Pì', 93),
(1565, 'Xã Nậm Ban', 93),
(1566, 'Xã Trung Chải', 93),
(1567, 'Phường Chiềng Lề', 94),
(1568, 'Phường Tô Hiệu', 94),
(1569, 'Phường Quyết Thắng', 94),
(1570, 'Phường Quyết Tâm', 94),
(1571, 'Xã Chiềng Cọ', 94),
(1572, 'Xã Chiềng Đen', 94),
(1573, 'Xã Chiềng Xôm', 94),
(1574, 'Phường Chiềng An', 94),
(1575, 'Phường Chiềng Cơi', 94),
(1576, 'Xã Chiềng Ngần', 94),
(1577, 'Xã Hua La', 94),
(1578, 'Phường Chiềng Sinh', 94),
(1579, 'Xã Mường Chiên', 95),
(1580, 'Xã Cà Nàng', 95),
(1581, 'Xã Chiềng Khay', 95),
(1582, 'Xã Mường Giôn', 95),
(1583, 'Xã Pá Ma Pha Khinh', 95),
(1584, 'Xã Chiềng Ơn', 95),
(1585, 'Xã Mường Giàng', 95),
(1586, 'Xã Chiềng Bằng', 95),
(1587, 'Xã Mường Sại', 95),
(1588, 'Xã Nậm ét', 95),
(1589, 'Xã Chiềng Khoang', 95),
(1590, 'Thị trấn Thuận Châu', 96),
(1591, 'Xã Phổng Lái', 96),
(1592, 'Xã Mường é', 96),
(1593, 'Xã Chiềng Pha', 96),
(1594, 'Xã Chiềng La', 96),
(1595, 'Xã Chiềng Ngàm', 96),
(1596, 'Xã Liệp Tè', 96),
(1597, 'Xã é Tòng', 96),
(1598, 'Xã Phổng Lập', 96),
(1599, 'Xã Phổng Lăng', 96),
(1600, 'Xã Chiềng Ly', 96),
(1601, 'Xã Noong Lay', 96),
(1602, 'Xã Mường Khiêng', 96),
(1603, 'Xã Mường Bám', 96),
(1604, 'Xã Long Hẹ', 96),
(1605, 'Xã Chiềng Bôm', 96),
(1606, 'Xã Thôm Mòn', 96),
(1607, 'Xã Tông Lạnh', 96),
(1608, 'Xã Tông Cọ', 96),
(1609, 'Xã Bó Mười', 96),
(1610, 'Xã Co Mạ', 96),
(1611, 'Xã Púng Tra', 96),
(1612, 'Xã Chiềng Pấc', 96),
(1613, 'Xã Nậm Lầu', 96),
(1614, 'Xã Bon Phặng', 96),
(1615, 'Xã Co Tòng', 96),
(1616, 'Xã Muổi Nọi', 96),
(1617, 'Xã Pá Lông', 96),
(1618, 'Xã Bản Lầm', 96),
(1619, 'Thị trấn Ít Ong', 97),
(1620, 'Xã Nậm Giôn', 97),
(1621, 'Xã Chiềng Lao', 97),
(1622, 'Xã Hua Trai', 97),
(1623, 'Xã Ngọc Chiến', 97),
(1624, 'Xã Mường Trai', 97),
(1625, 'Xã Nậm Păm', 97),
(1626, 'Xã Chiềng Muôn', 97),
(1627, 'Xã Chiềng Ân', 97),
(1628, 'Xã Pi Toong', 97),
(1629, 'Xã Chiềng Công', 97),
(1630, 'Xã Tạ Bú', 97),
(1631, 'Xã Chiềng San', 97),
(1632, 'Xã Mường Bú', 97),
(1633, 'Xã Chiềng Hoa', 97),
(1634, 'Xã Mường Chùm', 97),
(1635, 'Thị trấn Bắc Yên', 98),
(1636, 'Xã Phiêng Ban', 98),
(1637, 'Xã Hang Chú', 98),
(1638, 'Xã Xím Vàng', 98),
(1639, 'Xã Tà Xùa', 98),
(1640, 'Xã Háng Đồng', 98),
(1641, 'Xã Pắc Ngà', 98),
(1642, 'Xã Làng Chếu', 98),
(1643, 'Xã Chim Vàn', 98),
(1644, 'Xã Mường Khoa', 98),
(1645, 'Xã Song Pe', 98),
(1646, 'Xã Hồng Ngài', 98),
(1647, 'Xã Tạ Khoa', 98),
(1648, 'Xã Hua Nhàn', 98),
(1649, 'Xã Phiêng Côn', 98),
(1650, 'Xã Chiềng Sại', 98),
(1651, 'Thị trấn Phù Yên', 99),
(1652, 'Xã Suối Tọ', 99),
(1653, 'Xã Mường Thải', 99),
(1654, 'Xã Mường Cơi', 99),
(1655, 'Xã Quang Huy', 99),
(1656, 'Xã Huy Bắc', 99),
(1657, 'Xã Huy Thượng', 99),
(1658, 'Xã Tân Lang', 99),
(1659, 'Xã Gia Phù', 99),
(1660, 'Xã Tường Phù', 99),
(1661, 'Xã Huy Hạ', 99),
(1662, 'Xã Huy Tân', 99),
(1663, 'Xã Mường Lang', 99),
(1664, 'Xã Suối Bau', 99),
(1665, 'Xã Huy Tường', 99),
(1666, 'Xã Mường Do', 99),
(1667, 'Xã Sập Xa', 99),
(1668, 'Xã Tường Thượng', 99),
(1669, 'Xã Tường Tiến', 99),
(1670, 'Xã Tường Phong', 99),
(1671, 'Xã Tường Hạ', 99),
(1672, 'Xã Kim Bon', 99),
(1673, 'Xã Mường Bang', 99),
(1674, 'Xã Đá Đỏ', 99),
(1675, 'Xã Tân Phong', 99),
(1676, 'Xã Nam Phong', 99),
(1677, 'Xã Bắc Phong', 99),
(1678, 'Thị trấn Mộc Châu', 100),
(1679, 'Thị trấn NT Mộc Châu', 100),
(1680, 'Xã Chiềng Sơn', 100),
(1681, 'Xã Tân Hợp', 100),
(1682, 'Xã Qui Hướng', 100),
(1683, 'Xã Tân Lập', 100),
(1684, 'Xã Nà Mường', 100),
(1685, 'Xã Tà Lai', 100),
(1686, 'Xã Chiềng Hắc', 100),
(1687, 'Xã Hua Păng', 100),
(1688, 'Xã Chiềng Khừa', 100),
(1689, 'Xã Mường Sang', 100),
(1690, 'Xã Đông Sang', 100),
(1691, 'Xã Phiêng Luông', 100),
(1692, 'Xã Lóng Sập', 100),
(1693, 'Thị trấn Yên Châu', 101),
(1694, 'Xã Chiềng Đông', 101),
(1695, 'Xã Sập Vạt', 101),
(1696, 'Xã Chiềng Sàng', 101),
(1697, 'Xã Chiềng Pằn', 101),
(1698, 'Xã Viêng Lán', 101),
(1699, 'Xã Chiềng Hặc', 101),
(1700, 'Xã Mường Lựm', 101),
(1701, 'Xã Chiềng On', 101),
(1702, 'Xã Yên Sơn', 101),
(1703, 'Xã Chiềng Khoi', 101),
(1704, 'Xã Tú Nang', 101),
(1705, 'Xã Lóng Phiêng', 101),
(1706, 'Xã Phiêng Khoài', 101),
(1707, 'Xã Chiềng Tương', 101),
(1708, 'Thị trấn Hát Lót', 102),
(1709, 'Xã Chiềng Sung', 102),
(1710, 'Xã Mường Bằng', 102),
(1711, 'Xã Chiềng Chăn', 102),
(1712, 'Xã Mương Chanh', 102),
(1713, 'Xã Chiềng Ban', 102),
(1714, 'Xã Chiềng Mung', 102),
(1715, 'Xã Mường Bon', 102),
(1716, 'Xã Chiềng Chung', 102),
(1717, 'Xã Chiềng Mai', 102),
(1718, 'Xã Hát Lót', 102),
(1719, 'Xã Nà Pó', 102),
(1720, 'Xã Cò Nòi', 102),
(1721, 'Xã Chiềng Nơi', 102),
(1722, 'Xã Phiêng Cằm', 102),
(1723, 'Xã Chiềng Dong', 102),
(1724, 'Xã Chiềng Kheo', 102),
(1725, 'Xã Chiềng Ve', 102),
(1726, 'Xã Chiềng Lương', 102),
(1727, 'Xã Phiêng Pằn', 102),
(1728, 'Xã Nà Ơt', 102),
(1729, 'Xã Tà Hộc', 102),
(1730, 'Thị trấn Sông Mã', 103),
(1731, 'Xã Bó Sinh', 103),
(1732, 'Xã Pú Pẩu', 103),
(1733, 'Xã Chiềng Phung', 103),
(1734, 'Xã Chiềng En', 103),
(1735, 'Xã Mường Lầm', 103),
(1736, 'Xã Nậm Ty', 103),
(1737, 'Xã Đứa Mòn', 103),
(1738, 'Xã Yên Hưng', 103),
(1739, 'Xã Chiềng Sơ', 103),
(1740, 'Xã Nà Nghịu', 103),
(1741, 'Xã Nậm Mằn', 103),
(1742, 'Xã Chiềng Khoong', 103),
(1743, 'Xã Chiềng Cang', 103),
(1744, 'Xã Huổi Một', 103),
(1745, 'Xã Mường Sai', 103),
(1746, 'Xã Mường Cai', 103),
(1747, 'Xã Mường Hung', 103),
(1748, 'Xã Chiềng Khương', 103),
(1749, 'Xã Sam Kha', 104),
(1750, 'Xã Púng Bánh', 104),
(1751, 'Xã Sốp Cộp', 104),
(1752, 'Xã Dồm Cang', 104),
(1753, 'Xã Nậm Lạnh', 104),
(1754, 'Xã Mường Lèo', 104),
(1755, 'Xã Mường Và', 104),
(1756, 'Xã Mường Lạn', 104),
(1757, 'Xã Suối Bàng', 105),
(1758, 'Xã Song Khủa', 105),
(1759, 'Xã Liên Hoà', 105),
(1760, 'Xã Tô Múa', 105),
(1761, 'Xã Mường Tè', 105),
(1762, 'Xã Chiềng Khoa', 105),
(1763, 'Xã Mường Men', 105),
(1764, 'Xã Quang Minh', 105),
(1765, 'Xã Vân Hồ', 105),
(1766, 'Xã Lóng Luông', 105),
(1767, 'Xã Chiềng Yên', 105),
(1768, 'Xã Chiềng Xuân', 105),
(1769, 'Xã Xuân Nha', 105),
(1770, 'Xã Tân Xuân', 105),
(1771, 'Phường Yên Thịnh', 106),
(1772, 'Phường Yên Ninh', 106),
(1773, 'Phường Minh Tân', 106),
(1774, 'Phường Nguyễn Thái Học', 106),
(1775, 'Phường Đồng Tâm', 106),
(1776, 'Phường Nguyễn Phúc', 106),
(1777, 'Phường Hồng Hà', 106),
(1778, 'Xã Minh Bảo', 106),
(1779, 'Phường Nam Cường', 106),
(1780, 'Xã Tuy Lộc', 106),
(1781, 'Xã Tân Thịnh', 106),
(1782, 'Xã Âu Lâu', 106),
(1783, 'Xã Giới Phiên', 106),
(1784, 'Phường Hợp Minh', 106),
(1785, 'Xã Văn Phú', 106),
(1786, 'Phường Pú Trạng', 107),
(1787, 'Phường Trung Tâm', 107),
(1788, 'Phường Tân An', 107),
(1789, 'Phường Cầu Thia', 107),
(1790, 'Xã Nghĩa Lợi', 107),
(1791, 'Xã Nghĩa Phúc', 107),
(1792, 'Xã Nghĩa An', 107),
(1793, 'Xã Nghĩa Lộ', 107),
(1794, 'Xã Sơn A', 107),
(1795, 'Xã Phù Nham', 107),
(1796, 'Xã Thanh Lương', 107),
(1797, 'Xã Hạnh Sơn', 107),
(1798, 'Xã Phúc Sơn', 107),
(1799, 'Xã Thạch Lương', 107),
(1800, 'Thị trấn Yên Thế', 108),
(1801, 'Xã Tân Phượng', 108),
(1802, 'Xã Lâm Thượng', 108),
(1803, 'Xã Khánh Thiện', 108),
(1804, 'Xã Minh Chuẩn', 108),
(1805, 'Xã Mai Sơn', 108),
(1806, 'Xã Khai Trung', 108),
(1807, 'Xã Mường Lai', 108),
(1808, 'Xã An Lạc', 108),
(1809, 'Xã Minh Xuân', 108),
(1810, 'Xã Tô Mậu', 108),
(1811, 'Xã Tân Lĩnh', 108),
(1812, 'Xã Yên Thắng', 108),
(1813, 'Xã Khánh Hoà', 108),
(1814, 'Xã Vĩnh Lạc', 108),
(1815, 'Xã Liễu Đô', 108),
(1816, 'Xã Động Quan', 108),
(1817, 'Xã Tân Lập', 108),
(1818, 'Xã Minh Tiến', 108),
(1819, 'Xã Trúc Lâu', 108),
(1820, 'Xã Phúc Lợi', 108),
(1821, 'Xã Phan Thanh', 108),
(1822, 'Xã An Phú', 108),
(1823, 'Xã Trung Tâm', 108),
(1824, 'Thị trấn Mậu A', 109),
(1825, 'Xã Lang Thíp', 109),
(1826, 'Xã Lâm Giang', 109),
(1827, 'Xã Châu Quế Thượng', 109),
(1828, 'Xã Châu Quế Hạ', 109),
(1829, 'Xã An Bình', 109),
(1830, 'Xã Quang Minh', 109),
(1831, 'Xã Đông An', 109),
(1832, 'Xã Đông Cuông', 109),
(1833, 'Xã Phong Dụ Hạ', 109),
(1834, 'Xã Mậu Đông', 109),
(1835, 'Xã Ngòi A', 109),
(1836, 'Xã Xuân Tầm', 109),
(1837, 'Xã Tân Hợp', 109),
(1838, 'Xã An Thịnh', 109),
(1839, 'Xã Yên Thái', 109),
(1840, 'Xã Phong Dụ Thượng', 109),
(1841, 'Xã Yên Hợp', 109),
(1842, 'Xã Đại Sơn', 109),
(1843, 'Xã Đại Phác', 109),
(1844, 'Xã Yên Phú', 109),
(1845, 'Xã Xuân Ái', 109),
(1846, 'Xã Viễn Sơn', 109),
(1847, 'Xã Mỏ Vàng', 109),
(1848, 'Xã Nà Hẩu', 109),
(1849, 'Thị trấn Mù Căng Chải', 110),
(1850, 'Xã Hồ Bốn', 110),
(1851, 'Xã Nậm Có', 110),
(1852, 'Xã Khao Mang', 110),
(1853, 'Xã Mồ Dề', 110),
(1854, 'Xã Chế Cu Nha', 110),
(1855, 'Xã Lao Chải', 110),
(1856, 'Xã Kim Nọi', 110),
(1857, 'Xã Cao Phạ', 110),
(1858, 'Xã La Pán Tẩn', 110),
(1859, 'Xã Dế Su Phình', 110),
(1860, 'Xã Chế Tạo', 110),
(1861, 'Xã Púng Luông', 110),
(1862, 'Xã Nậm Khắt', 110),
(1863, 'Thị trấn Cổ Phúc', 111),
(1864, 'Xã Tân Đồng', 111),
(1865, 'Xã Báo Đáp', 111),
(1866, 'Xã Đào Thịnh', 111),
(1867, 'Xã Việt Thành', 111),
(1868, 'Xã Hòa Cuông', 111),
(1869, 'Xã Minh Quán', 111),
(1870, 'Xã Quy Mông', 111),
(1871, 'Xã Cường Thịnh', 111),
(1872, 'Xã Kiên Thành', 111),
(1873, 'Xã Nga Quán', 111),
(1874, 'Xã Y Can', 111),
(1875, 'Xã Lương Thịnh', 111),
(1876, 'Xã Bảo Hưng', 111),
(1877, 'Xã Việt Cường', 111),
(1878, 'Xã Minh Quân', 111),
(1879, 'Xã Hồng Ca', 111),
(1880, 'Xã Hưng Thịnh', 111),
(1881, 'Xã Hưng Khánh', 111),
(1882, 'Xã Việt Hồng', 111),
(1883, 'Xã Vân Hội', 111),
(1884, 'Thị trấn Trạm Tấu', 112),
(1885, 'Xã Túc Đán', 112),
(1886, 'Xã Pá Lau', 112),
(1887, 'Xã Xà Hồ', 112),
(1888, 'Xã Phình Hồ', 112),
(1889, 'Xã Trạm Tấu', 112),
(1890, 'Xã Tà Si Láng', 112),
(1891, 'Xã Pá Hu', 112),
(1892, 'Xã Làng Nhì', 112),
(1893, 'Xã Bản Công', 112),
(1894, 'Xã Bản Mù', 112),
(1895, 'Xã Hát Lìu', 112),
(1896, 'Thị trấn NT Liên Sơn', 113),
(1897, 'Thị trấn NT Trần Phú', 113),
(1898, 'Xã Tú Lệ', 113),
(1899, 'Xã Nậm Búng', 113),
(1900, 'Xã Gia Hội', 113),
(1901, 'Xã Sùng Đô', 113),
(1902, 'Xã Nậm Mười', 113),
(1903, 'Xã An Lương', 113),
(1904, 'Xã Nậm Lành', 113),
(1905, 'Xã Sơn Lương', 113),
(1906, 'Xã Suối Quyền', 113),
(1907, 'Xã Suối Giàng', 113),
(1908, 'Xã Nghĩa Sơn', 113),
(1909, 'Xã Suối Bu', 113),
(1910, 'Thị trấn Sơn Thịnh', 113),
(1911, 'Xã Đại Lịch', 113),
(1912, 'Xã Đồng Khê', 113),
(1913, 'Xã Cát Thịnh', 113),
(1914, 'Xã Tân Thịnh', 113),
(1915, 'Xã Chấn Thịnh', 113),
(1916, 'Xã Bình Thuận', 113),
(1917, 'Xã Thượng Bằng La', 113),
(1918, 'Xã Minh An', 113),
(1919, 'Xã Nghĩa Tâm', 113),
(1920, 'Thị trấn Yên Bình', 114),
(1921, 'Thị trấn Thác Bà', 114),
(1922, 'Xã Xuân Long', 114),
(1923, 'Xã Cảm Nhân', 114),
(1924, 'Xã Ngọc Chấn', 114),
(1925, 'Xã Tân Nguyên', 114),
(1926, 'Xã Phúc Ninh', 114),
(1927, 'Xã Bảo Ái', 114),
(1928, 'Xã Mỹ Gia', 114),
(1929, 'Xã Xuân Lai', 114),
(1930, 'Xã Mông Sơn', 114),
(1931, 'Xã Cảm Ân', 114),
(1932, 'Xã Yên Thành', 114),
(1933, 'Xã Tân Hương', 114),
(1934, 'Xã Phúc An', 114);
INSERT INTO `wards` (`id`, `name`, `districts_id`) VALUES
(1935, 'Xã Bạch Hà', 114),
(1936, 'Xã Vũ Linh', 114),
(1937, 'Xã Đại Đồng', 114),
(1938, 'Xã Vĩnh Kiên', 114),
(1939, 'Xã Yên Bình', 114),
(1940, 'Xã Thịnh Hưng', 114),
(1941, 'Xã Hán Đà', 114),
(1942, 'Xã Phú Thịnh', 114),
(1943, 'Xã Đại Minh', 114),
(1944, 'Phường Thái Bình', 115),
(1945, 'Phường Tân Hòa', 115),
(1946, 'Phường Thịnh Lang', 115),
(1947, 'Phường Hữu Nghị', 115),
(1948, 'Phường Tân Thịnh', 115),
(1949, 'Phường Đồng Tiến', 115),
(1950, 'Phường Phương Lâm', 115),
(1951, 'Xã Yên Mông', 115),
(1952, 'Phường Quỳnh Lâm', 115),
(1953, 'Phường Dân Chủ', 115),
(1954, 'Xã Hòa Bình', 115),
(1955, 'Phường Thống Nhất', 115),
(1956, 'Phường Kỳ Sơn', 115),
(1957, 'Xã Thịnh Minh', 115),
(1958, 'Xã Hợp Thành', 115),
(1959, 'Xã Quang Tiến', 115),
(1960, 'Xã Mông Hóa', 115),
(1961, 'Phường Trung Minh', 115),
(1962, 'Xã Độc Lập', 115),
(1963, 'Thị trấn Đà Bắc', 116),
(1964, 'Xã Nánh Nghê', 116),
(1965, 'Xã Giáp Đắt', 116),
(1966, 'Xã Mường Chiềng', 116),
(1967, 'Xã Tân Pheo', 116),
(1968, 'Xã Đồng Chum', 116),
(1969, 'Xã Tân Minh', 116),
(1970, 'Xã Đoàn Kết', 116),
(1971, 'Xã Đồng Ruộng', 116),
(1972, 'Xã Tú Lý', 116),
(1973, 'Xã Trung Thành', 116),
(1974, 'Xã Yên Hòa', 116),
(1975, 'Xã Cao Sơn', 116),
(1976, 'Xã Toàn Sơn', 116),
(1977, 'Xã Hiền Lương', 116),
(1978, 'Xã Tiền Phong', 116),
(1979, 'Xã Vầy Nưa', 116),
(1980, 'Thị trấn Lương Sơn', 117),
(1981, 'Xã Lâm Sơn', 117),
(1982, 'Xã Hòa Sơn', 117),
(1983, 'Xã Tân Vinh', 117),
(1984, 'Xã Nhuận Trạch', 117),
(1985, 'Xã Cao Sơn', 117),
(1986, 'Xã Cư Yên', 117),
(1987, 'Xã Liên Sơn', 117),
(1988, 'Xã Cao Dương', 117),
(1989, 'Xã Thanh Sơn', 117),
(1990, 'Xã Thanh Cao', 117),
(1991, 'Thị trấn Bo', 118),
(1992, 'Xã Đú Sáng', 118),
(1993, 'Xã Hùng Sơn', 118),
(1994, 'Xã Bình Sơn', 118),
(1995, 'Xã Tú Sơn', 118),
(1996, 'Xã Vĩnh Tiến', 118),
(1997, 'Xã Đông Bắc', 118),
(1998, 'Xã Xuân Thủy', 118),
(1999, 'Xã Vĩnh Đồng', 118),
(2000, 'Xã Kim Lập', 118),
(2001, 'Xã Hợp Tiến', 118),
(2002, 'Xã Kim Bôi', 118),
(2003, 'Xã Nam Thượng', 118),
(2004, 'Xã Cuối Hạ', 118),
(2005, 'Xã Sào Báy', 118),
(2006, 'Xã Mi Hòa', 118),
(2007, 'Xã Nuông Dăm', 118),
(2008, 'Thị trấn Cao Phong', 119),
(2009, 'Xã Bình Thanh', 119),
(2010, 'Xã Thung Nai', 119),
(2011, 'Xã Bắc Phong', 119),
(2012, 'Xã Thu Phong', 119),
(2013, 'Xã Hợp Phong', 119),
(2014, 'Xã Tây Phong', 119),
(2015, 'Xã Dũng Phong', 119),
(2016, 'Xã Nam Phong', 119),
(2017, 'Xã Thạch Yên', 119),
(2018, 'Thị trấn Mãn Đức', 120),
(2019, 'Xã Suối Hoa', 120),
(2020, 'Xã Phú Vinh', 120),
(2021, 'Xã Phú Cường', 120),
(2022, 'Xã Mỹ Hòa', 120),
(2023, 'Xã Quyết Chiến', 120),
(2024, 'Xã Phong Phú', 120),
(2025, 'Xã Tử Nê', 120),
(2026, 'Xã Thanh Hối', 120),
(2027, 'Xã Ngọc Mỹ', 120),
(2028, 'Xã Đông Lai', 120),
(2029, 'Xã Vân Sơn', 120),
(2030, 'Xã Nhân Mỹ', 120),
(2031, 'Xã Lỗ Sơn', 120),
(2032, 'Xã Ngổ Luông', 120),
(2033, 'Xã Gia Mô', 120),
(2034, 'Xã Tân Thành', 121),
(2035, 'Thị trấn Mai Châu', 121),
(2036, 'Xã Sơn Thủy', 121),
(2037, 'Xã Pà Cò', 121),
(2038, 'Xã Hang Kia', 121),
(2039, 'Xã Đồng Tân', 121),
(2040, 'Xã Cun Pheo', 121),
(2041, 'Xã Bao La', 121),
(2042, 'Xã Tòng Đậu', 121),
(2043, 'Xã Nà Phòn', 121),
(2044, 'Xã Săm Khóe', 121),
(2045, 'Xã Chiềng Châu', 121),
(2046, 'Xã Mai Hạ', 121),
(2047, 'Xã Thành Sơn', 121),
(2048, 'Xã Mai Hịch', 121),
(2049, 'Xã Vạn Mai', 121),
(2050, 'Thị trấn Vụ Bản', 122),
(2051, 'Xã Quý Hòa', 122),
(2052, 'Xã Miền Đồi', 122),
(2053, 'Xã Mỹ Thành', 122),
(2054, 'Xã Tuân Đạo', 122),
(2055, 'Xã Văn Nghĩa', 122),
(2056, 'Xã Văn Sơn', 122),
(2057, 'Xã Tân Lập', 122),
(2058, 'Xã Nhân Nghĩa', 122),
(2059, 'Xã Thượng Cốc', 122),
(2060, 'Xã Quyết Thắng', 122),
(2061, 'Xã Xuất Hóa', 122),
(2062, 'Xã Yên Phú', 122),
(2063, 'Xã Bình Hẻm', 122),
(2064, 'Xã Định Cư', 122),
(2065, 'Xã Chí Đạo', 122),
(2066, 'Xã Ngọc Sơn', 122),
(2067, 'Xã Hương Nhượng', 122),
(2068, 'Xã Vũ Bình', 122),
(2069, 'Xã Tự Do', 122),
(2070, 'Xã Yên Nghiệp', 122),
(2071, 'Xã Tân Mỹ', 122),
(2072, 'Xã Ân Nghĩa', 122),
(2073, 'Xã Ngọc Lâu', 122),
(2074, 'Thị trấn Hàng Trạm', 123),
(2075, 'Xã Lạc Sỹ', 123),
(2076, 'Xã Lạc Lương', 123),
(2077, 'Xã Bảo Hiệu', 123),
(2078, 'Xã Đa Phúc', 123),
(2079, 'Xã Hữu Lợi', 123),
(2080, 'Xã Lạc Thịnh', 123),
(2081, 'Xã Đoàn Kết', 123),
(2082, 'Xã Phú Lai', 123),
(2083, 'Xã Yên Trị', 123),
(2084, 'Xã Ngọc Lương', 123),
(2085, 'Thị trấn Ba Hàng Đồi', 124),
(2086, 'Thị trấn Chi Nê', 124),
(2087, 'Xã Phú Nghĩa', 124),
(2088, 'Xã Phú Thành', 124),
(2089, 'Xã Hưng Thi', 124),
(2090, 'Xã Khoan Dụ', 124),
(2091, 'Xã Đồng Tâm', 124),
(2092, 'Xã Yên Bồng', 124),
(2093, 'Xã Thống Nhất', 124),
(2094, 'Xã An Bình', 124),
(2095, 'Phường Quán Triều', 125),
(2096, 'Phường Quang Vinh', 125),
(2097, 'Phường Túc Duyên', 125),
(2098, 'Phường Hoàng Văn Thụ', 125),
(2099, 'Phường Trưng Vương', 125),
(2100, 'Phường Quang Trung', 125),
(2101, 'Phường Phan Đình Phùng', 125),
(2102, 'Phường Tân Thịnh', 125),
(2103, 'Phường Thịnh Đán', 125),
(2104, 'Phường Đồng Quang', 125),
(2105, 'Phường Gia Sàng', 125),
(2106, 'Phường Tân Lập', 125),
(2107, 'Phường Cam Giá', 125),
(2108, 'Phường Phú Xá', 125),
(2109, 'Phường Hương Sơn', 125),
(2110, 'Phường Trung Thành', 125),
(2111, 'Phường Tân Thành', 125),
(2112, 'Phường Tân Long', 125),
(2113, 'Xã Phúc Hà', 125),
(2114, 'Xã Phúc Xuân', 125),
(2115, 'Xã Quyết Thắng', 125),
(2116, 'Xã Phúc Trìu', 125),
(2117, 'Xã Thịnh Đức', 125),
(2118, 'Phường Tích Lương', 125),
(2119, 'Xã Tân Cương', 125),
(2120, 'Xã Sơn Cẩm', 125),
(2121, 'Phường Chùa Hang', 125),
(2122, 'Xã Cao Ngạn', 125),
(2123, 'Xã Linh Sơn', 125),
(2124, 'Phường Đồng Bẩm', 125),
(2125, 'Xã Huống Thượng', 125),
(2126, 'Xã Đồng Liên', 125),
(2127, 'Phường Lương Sơn', 126),
(2128, 'Phường Châu Sơn', 126),
(2129, 'Phường Mỏ Chè', 126),
(2130, 'Phường Cải Đan', 126),
(2131, 'Phường Thắng Lợi', 126),
(2132, 'Phường Phố Cò', 126),
(2133, 'Xã Tân Quang', 126),
(2134, 'Phường Bách Quang', 126),
(2135, 'Xã Bình Sơn', 126),
(2136, 'Xã Bá Xuyên', 126),
(2137, 'Thị trấn Chợ Chu', 127),
(2138, 'Xã Linh Thông', 127),
(2139, 'Xã Lam Vỹ', 127),
(2140, 'Xã Quy Kỳ', 127),
(2141, 'Xã Tân Thịnh', 127),
(2142, 'Xã Kim Phượng', 127),
(2143, 'Xã Bảo Linh', 127),
(2144, 'Xã Phúc Chu', 127),
(2145, 'Xã Tân Dương', 127),
(2146, 'Xã Phượng Tiến', 127),
(2147, 'Xã Bảo Cường', 127),
(2148, 'Xã Đồng Thịnh', 127),
(2149, 'Xã Định Biên', 127),
(2150, 'Xã Thanh Định', 127),
(2151, 'Xã Trung Hội', 127),
(2152, 'Xã Trung Lương', 127),
(2153, 'Xã Bình Yên', 127),
(2154, 'Xã Điềm Mặc', 127),
(2155, 'Xã Phú Tiến', 127),
(2156, 'Xã Bộc Nhiêu', 127),
(2157, 'Xã Sơn Phú', 127),
(2158, 'Xã Phú Đình', 127),
(2159, 'Xã Bình Thành', 127),
(2160, 'Thị trấn Giang Tiên', 128),
(2161, 'Thị trấn Đu', 128),
(2162, 'Xã Yên Ninh', 128),
(2163, 'Xã Yên Trạch', 128),
(2164, 'Xã Yên Đổ', 128),
(2165, 'Xã Yên Lạc', 128),
(2166, 'Xã Ôn Lương', 128),
(2167, 'Xã Động Đạt', 128),
(2168, 'Xã Phủ Lý', 128),
(2169, 'Xã Phú Đô', 128),
(2170, 'Xã Hợp Thành', 128),
(2171, 'Xã Tức Tranh', 128),
(2172, 'Xã Phấn Mễ', 128),
(2173, 'Xã Vô Tranh', 128),
(2174, 'Xã Cổ Lũng', 128),
(2175, 'Thị trấn Sông Cầu', 129),
(2176, 'Thị trấn Trại Cau', 129),
(2177, 'Xã Văn Lăng', 129),
(2178, 'Xã Tân Long', 129),
(2179, 'Xã Hòa Bình', 129),
(2180, 'Xã Quang Sơn', 129),
(2181, 'Xã Minh Lập', 129),
(2182, 'Xã Văn Hán', 129),
(2183, 'Xã Hóa Trung', 129),
(2184, 'Xã Khe Mo', 129),
(2185, 'Xã Cây Thị', 129),
(2186, 'Xã Hóa Thượng', 129),
(2187, 'Xã Hợp Tiến', 129),
(2188, 'Xã Tân Lợi', 129),
(2189, 'Xã Nam Hòa', 129),
(2190, 'Thị trấn Đình Cả', 130),
(2191, 'Xã Sảng Mộc', 130),
(2192, 'Xã Nghinh Tường', 130),
(2193, 'Xã Thần Xa', 130),
(2194, 'Xã Vũ Chấn', 130),
(2195, 'Xã Thượng Nung', 130),
(2196, 'Xã Phú Thượng', 130),
(2197, 'Xã Cúc Đường', 130),
(2198, 'Xã La Hiên', 130),
(2199, 'Xã Lâu Thượng', 130),
(2200, 'Xã Tràng Xá', 130),
(2201, 'Xã Phương Giao', 130),
(2202, 'Xã Liên Minh', 130),
(2203, 'Xã Dân Tiến', 130),
(2204, 'Xã Bình Long', 130),
(2205, 'Thị trấn Hùng Sơn', 131),
(2206, 'Thị trấn Quân Chu', 131),
(2207, 'Xã Phúc Lương', 131),
(2208, 'Xã Minh Tiến', 131),
(2209, 'Xã Yên Lãng', 131),
(2210, 'Xã Đức Lương', 131),
(2211, 'Xã Phú Cường', 131),
(2212, 'Xã Na Mao', 131),
(2213, 'Xã Phú Lạc', 131),
(2214, 'Xã Tân Linh', 131),
(2215, 'Xã Phú Thịnh', 131),
(2216, 'Xã Phục Linh', 131),
(2217, 'Xã Phú Xuyên', 131),
(2218, 'Xã Bản Ngoại', 131),
(2219, 'Xã Tiên Hội', 131),
(2220, 'Xã Cù Vân', 131),
(2221, 'Xã Hà Thượng', 131),
(2222, 'Xã La Bằng', 131),
(2223, 'Xã Hoàng Nông', 131),
(2224, 'Xã Khôi Kỳ', 131),
(2225, 'Xã An Khánh', 131),
(2226, 'Xã Tân Thái', 131),
(2227, 'Xã Bình Thuận', 131),
(2228, 'Xã Lục Ba', 131),
(2229, 'Xã Mỹ Yên', 131),
(2230, 'Xã Vạn Thọ', 131),
(2231, 'Xã Văn Yên', 131),
(2232, 'Xã Ký Phú', 131),
(2233, 'Xã Cát Nê', 131),
(2234, 'Xã Quân Chu', 131),
(2235, 'Phường Bãi Bông', 132),
(2236, 'Phường Bắc Sơn', 132),
(2237, 'Phường Ba Hàng', 132),
(2238, 'Xã Phúc Tân', 132),
(2239, 'Xã Phúc Thuận', 132),
(2240, 'Xã Hồng Tiến', 132),
(2241, 'Xã Minh Đức', 132),
(2242, 'Xã Đắc Sơn', 132),
(2243, 'Phường Đồng Tiến', 132),
(2244, 'Xã Thành Công', 132),
(2245, 'Xã Tiên Phong', 132),
(2246, 'Xã Vạn Phái', 132),
(2247, 'Xã Nam Tiến', 132),
(2248, 'Xã Tân Hương', 132),
(2249, 'Xã Đông Cao', 132),
(2250, 'Xã Trung Thành', 132),
(2251, 'Xã Tân Phú', 132),
(2252, 'Xã Thuận Thành', 132),
(2253, 'Thị trấn Hương Sơn', 133),
(2254, 'Xã Bàn Đạt', 133),
(2255, 'Xã Tân Khánh', 133),
(2256, 'Xã Tân Kim', 133),
(2257, 'Xã Tân Thành', 133),
(2258, 'Xã Đào Xá', 133),
(2259, 'Xã Bảo Lý', 133),
(2260, 'Xã Thượng Đình', 133),
(2261, 'Xã Tân Hòa', 133),
(2262, 'Xã Nhã Lộng', 133),
(2263, 'Xã Điềm Thụy', 133),
(2264, 'Xã Xuân Phương', 133),
(2265, 'Xã Tân Đức', 133),
(2266, 'Xã Úc Kỳ', 133),
(2267, 'Xã Lương Phú', 133),
(2268, 'Xã Nga My', 133),
(2269, 'Xã Kha Sơn', 133),
(2270, 'Xã Thanh Ninh', 133),
(2271, 'Xã Dương Thành', 133),
(2272, 'Xã Hà Châu', 133),
(2273, 'Phường Hoàng Văn Thụ', 134),
(2274, 'Phường Tam Thanh', 134),
(2275, 'Phường Vĩnh Trại', 134),
(2276, 'Phường Đông Kinh', 134),
(2277, 'Phường Chi Lăng', 134),
(2278, 'Xã Hoàng Đồng', 134),
(2279, 'Xã Quảng Lạc', 134),
(2280, 'Xã Mai Pha', 134),
(2281, 'Thị trấn Thất Khê', 135),
(2282, 'Xã Khánh Long', 135),
(2283, 'Xã Đoàn Kết', 135),
(2284, 'Xã Quốc Khánh', 135),
(2285, 'Xã Vĩnh Tiến', 135),
(2286, 'Xã Cao Minh', 135),
(2287, 'Xã Chí Minh', 135),
(2288, 'Xã Tri Phương', 135),
(2289, 'Xã Tân Tiến', 135),
(2290, 'Xã Tân Yên', 135),
(2291, 'Xã Đội Cấn', 135),
(2292, 'Xã Tân Minh', 135),
(2293, 'Xã Kim Đồng', 135),
(2294, 'Xã Chi Lăng', 135),
(2295, 'Xã Trung Thành', 135),
(2296, 'Xã Đại Đồng', 135),
(2297, 'Xã Đào Viên', 135),
(2298, 'Xã Đề Thám', 135),
(2299, 'Xã Kháng Chiến', 135),
(2300, 'Xã Hùng Sơn', 135),
(2301, 'Xã Quốc Việt', 135),
(2302, 'Xã Hùng Việt', 135),
(2303, 'Xã Hưng Đạo', 136),
(2304, 'Xã Vĩnh Yên', 136),
(2305, 'Xã Hoa Thám', 136),
(2306, 'Xã Quý Hòa', 136),
(2307, 'Xã Hồng Phong', 136),
(2308, 'Xã Yên Lỗ', 136),
(2309, 'Xã Thiện Hòa', 136),
(2310, 'Xã Quang Trung', 136),
(2311, 'Xã Thiện Thuật', 136),
(2312, 'Xã Minh Khai', 136),
(2313, 'Xã Thiện Long', 136),
(2314, 'Xã Hoàng Văn Thụ', 136),
(2315, 'Xã Hòa Bình', 136),
(2316, 'Xã Mông Ân', 136),
(2317, 'Xã Tân Hòa', 136),
(2318, 'Thị trấn Bình Gia', 136),
(2319, 'Xã Hồng Thái', 136),
(2320, 'Xã Bình La', 136),
(2321, 'Xã Tân Văn', 136),
(2322, 'Thị trấn Na Sầm', 137),
(2323, 'Xã Trùng Khánh', 137),
(2324, 'Xã Bắc La', 137),
(2325, 'Xã Thụy Hùng', 137),
(2326, 'Xã Bắc Hùng', 137),
(2327, 'Xã Tân Tác', 137),
(2328, 'Xã Thanh Long', 137),
(2329, 'Xã Hội Hoan', 137),
(2330, 'Xã Bắc Việt', 137),
(2331, 'Xã Hoàng Việt', 137),
(2332, 'Xã Gia Miễn', 137),
(2333, 'Xã Thành Hòa', 137),
(2334, 'Xã Tân Thanh', 137),
(2335, 'Xã Tân Mỹ', 137),
(2336, 'Xã Hồng Thái', 137),
(2337, 'Xã Hoàng Văn Thụ', 137),
(2338, 'Xã Nhạc Kỳ', 137),
(2339, 'Thị trấn Đồng Đăng', 138),
(2340, 'Thị trấn Cao Lộc', 138),
(2341, 'Xã Bảo Lâm', 138),
(2342, 'Xã Thanh Lòa', 138),
(2343, 'Xã Cao Lâu', 138),
(2344, 'Xã Thạch Đạn', 138),
(2345, 'Xã Xuất Lễ', 138),
(2346, 'Xã Hồng Phong', 138),
(2347, 'Xã Thụy Hùng', 138),
(2348, 'Xã Lộc Yên', 138),
(2349, 'Xã Phú Xá', 138),
(2350, 'Xã Bình Trung', 138),
(2351, 'Xã Hải Yến', 138),
(2352, 'Xã Hòa Cư', 138),
(2353, 'Xã Hợp Thành', 138),
(2354, 'Xã Công Sơn', 138),
(2355, 'Xã Gia Cát', 138),
(2356, 'Xã Mẫu Sơn', 138),
(2357, 'Xã Xuân Long', 138),
(2358, 'Xã Tân Liên', 138),
(2359, 'Xã Yên Trạch', 138),
(2360, 'Xã Tân Thành', 138),
(2361, 'Thị trấn Văn Quan', 139),
(2362, 'Xã Trấn Ninh', 139),
(2363, 'Xã Liên Hội', 139),
(2364, 'Xã Hòa Bình', 139),
(2365, 'Xã Tú Xuyên', 139),
(2366, 'Xã Điềm He', 139),
(2367, 'Xã An Sơn', 139),
(2368, 'Xã Khánh Khê', 139),
(2369, 'Xã Lương Năng', 139),
(2370, 'Xã Đồng Giáp', 139),
(2371, 'Xã Bình Phúc', 139),
(2372, 'Xã Tràng Các', 139),
(2373, 'Xã Tân Đoàn', 139),
(2374, 'Xã Tri Lễ', 139),
(2375, 'Xã Tràng Phái', 139),
(2376, 'Xã Yên Phúc', 139),
(2377, 'Xã Hữu Lễ', 139),
(2378, 'Thị trấn Bắc Sơn', 140),
(2379, 'Xã Long Đống', 140),
(2380, 'Xã Vạn Thủy', 140),
(2381, 'Xã Đồng ý', 140),
(2382, 'Xã Tân Tri', 140),
(2383, 'Xã Bắc Quỳnh', 140),
(2384, 'Xã Hưng Vũ', 140),
(2385, 'Xã Tân Lập', 140),
(2386, 'Xã Vũ Sơn', 140),
(2387, 'Xã Chiêu Vũ', 140),
(2388, 'Xã Tân Hương', 140),
(2389, 'Xã Chiến Thắng', 140),
(2390, 'Xã Vũ Lăng', 140),
(2391, 'Xã Trấn Yên', 140),
(2392, 'Xã Vũ Lễ', 140),
(2393, 'Xã Nhất Hòa', 140),
(2394, 'Xã Tân Thành', 140),
(2395, 'Xã Nhất Tiến', 140),
(2396, 'Thị trấn Hữu Lũng', 141),
(2397, 'Xã Hữu Liên', 141),
(2398, 'Xã Yên Bình', 141),
(2399, 'Xã Quyết Thắng', 141),
(2400, 'Xã Hòa Bình', 141),
(2401, 'Xã Yên Thịnh', 141),
(2402, 'Xã Yên Sơn', 141),
(2403, 'Xã Thiện Tân', 141),
(2404, 'Xã Yên Vượng', 141),
(2405, 'Xã Minh Tiến', 141),
(2406, 'Xã Nhật Tiến', 141),
(2407, 'Xã Thanh Sơn', 141),
(2408, 'Xã Đồng Tân', 141),
(2409, 'Xã Cai Kinh', 141),
(2410, 'Xã Hòa Lạc', 141),
(2411, 'Xã Vân Nham', 141),
(2412, 'Xã Đồng Tiến', 141),
(2413, 'Xã Tân Thành', 141),
(2414, 'Xã Hòa Sơn', 141),
(2415, 'Xã Minh Sơn', 141),
(2416, 'Xã Hồ Sơn', 141),
(2417, 'Xã Sơn Hà', 141),
(2418, 'Xã Minh Hòa', 141),
(2419, 'Xã Hòa Thắng', 141),
(2420, 'Thị trấn Đồng Mỏ', 142),
(2421, 'Thị trấn Chi Lăng', 142),
(2422, 'Xã Vân An', 142),
(2423, 'Xã Vân Thủy', 142),
(2424, 'Xã Gia Lộc', 142),
(2425, 'Xã Bắc Thủy', 142),
(2426, 'Xã Chiến Thắng', 142),
(2427, 'Xã Mai Sao', 142),
(2428, 'Xã Bằng Hữu', 142),
(2429, 'Xã Thượng Cường', 142),
(2430, 'Xã Bằng Mạc', 142),
(2431, 'Xã Nhân Lý', 142),
(2432, 'Xã Lâm Sơn', 142),
(2433, 'Xã Liên Sơn', 142),
(2434, 'Xã Vạn Linh', 142),
(2435, 'Xã Hòa Bình', 142),
(2436, 'Xã Hữu Kiên', 142),
(2437, 'Xã Quan Sơn', 142),
(2438, 'Xã Y Tịch', 142),
(2439, 'Xã Chi Lăng', 142),
(2440, 'Thị trấn Na Dương', 143),
(2441, 'Thị trấn Lộc Bình', 143),
(2442, 'Xã Mẫu Sơn', 143),
(2443, 'Xã Yên Khoái', 143),
(2444, 'Xã Khánh Xuân', 143),
(2445, 'Xã Tú Mịch', 143),
(2446, 'Xã Hữu Khánh', 143),
(2447, 'Xã Đồng Bục', 143),
(2448, 'Xã Tam Gia', 143),
(2449, 'Xã Tú Đoạn', 143),
(2450, 'Xã Khuất Xá', 143),
(2451, 'Xã Tĩnh Bắc', 143),
(2452, 'Xã Thống Nhất', 143),
(2453, 'Xã Sàn Viên', 143),
(2454, 'Xã Đông Quan', 143),
(2455, 'Xã Minh Hiệp', 143),
(2456, 'Xã Hữu Lân', 143),
(2457, 'Xã Lợi Bác', 143),
(2458, 'Xã Nam Quan', 143),
(2459, 'Xã Xuân Dương', 143),
(2460, 'Xã Ái Quốc', 143),
(2461, 'Thị trấn Đình Lập', 144),
(2462, 'Thị trấn NT Thái Bình', 144),
(2463, 'Xã Bắc Xa', 144),
(2464, 'Xã Bính Xá', 144),
(2465, 'Xã Kiên Mộc', 144),
(2466, 'Xã Đình Lập', 144),
(2467, 'Xã Thái Bình', 144),
(2468, 'Xã Cường Lợi', 144),
(2469, 'Xã Châu Sơn', 144),
(2470, 'Xã Lâm Ca', 144),
(2471, 'Xã Đồng Thắng', 144),
(2472, 'Xã Bắc Lãng', 144),
(2473, 'Phường Hà Khánh', 145),
(2474, 'Phường Hà Phong', 145),
(2475, 'Phường Hà Khẩu', 145),
(2476, 'Phường Cao Xanh', 145),
(2477, 'Phường Giếng Đáy', 145),
(2478, 'Phường Hà Tu', 145),
(2479, 'Phường Hà Trung', 145),
(2480, 'Phường Hà Lầm', 145),
(2481, 'Phường Bãi Cháy', 145),
(2482, 'Phường Cao Thắng', 145),
(2483, 'Phường Hùng Thắng', 145),
(2484, 'Phường Yết Kiêu', 145),
(2485, 'Phường Trần Hưng Đạo', 145),
(2486, 'Phường Hồng Hải', 145),
(2487, 'Phường Hồng Gai', 145),
(2488, 'Phường Bạch Đằng', 145),
(2489, 'Phường Hồng Hà', 145),
(2490, 'Phường Tuần Châu', 145),
(2491, 'Phường Việt Hưng', 145),
(2492, 'Phường Đại Yên', 145),
(2493, 'Phường Hoành Bồ', 145),
(2494, 'Xã Kỳ Thượng', 145),
(2495, 'Xã Đồng Sơn', 145),
(2496, 'Xã Tân Dân', 145),
(2497, 'Xã Đồng Lâm', 145),
(2498, 'Xã Hòa Bình', 145),
(2499, 'Xã Vũ Oai', 145),
(2500, 'Xã Dân Chủ', 145),
(2501, 'Xã Quảng La', 145),
(2502, 'Xã Bằng Cả', 145),
(2503, 'Xã Thống Nhất', 145),
(2504, 'Xã Sơn Dương', 145),
(2505, 'Xã Lê Lợi', 145),
(2506, 'Phường Ka Long', 146),
(2507, 'Phường Trần Phú', 146),
(2508, 'Phường Ninh Dương', 146),
(2509, 'Phường Hoà Lạc', 146),
(2510, 'Phường Trà Cổ', 146),
(2511, 'Xã Hải Sơn', 146),
(2512, 'Xã Bắc Sơn', 146),
(2513, 'Xã Hải Đông', 146),
(2514, 'Xã Hải Tiến', 146),
(2515, 'Phường Hải Yên', 146),
(2516, 'Xã Quảng Nghĩa', 146),
(2517, 'Phường Hải Hoà', 146),
(2518, 'Xã Hải Xuân', 146),
(2519, 'Xã Vạn Ninh', 146),
(2520, 'Phường Bình Ngọc', 146),
(2521, 'Xã Vĩnh Trung', 146),
(2522, 'Xã Vĩnh Thực', 146),
(2523, 'Phường Mông Dương', 147),
(2524, 'Phường Cửa Ông', 147),
(2525, 'Phường Cẩm Sơn', 147),
(2526, 'Phường Cẩm Đông', 147),
(2527, 'Phường Cẩm Phú', 147),
(2528, 'Phường Cẩm Tây', 147),
(2529, 'Phường Quang Hanh', 147),
(2530, 'Phường Cẩm Thịnh', 147),
(2531, 'Phường Cẩm Thủy', 147),
(2532, 'Phường Cẩm Thạch', 147),
(2533, 'Phường Cẩm Thành', 147),
(2534, 'Phường Cẩm Trung', 147),
(2535, 'Phường Cẩm Bình', 147),
(2536, 'Xã Cộng Hòa', 147),
(2537, 'Xã Cẩm Hải', 147),
(2538, 'Xã Dương Huy', 147),
(2539, 'Phường Vàng Danh', 148),
(2540, 'Phường Thanh Sơn', 148),
(2541, 'Phường Bắc Sơn', 148),
(2542, 'Phường Quang Trung', 148),
(2543, 'Phường Trưng Vương', 148),
(2544, 'Phường Nam Khê', 148),
(2545, 'Phường Yên Thanh', 148),
(2546, 'Xã Thượng Yên Công', 148),
(2547, 'Phường Phương Đông', 148),
(2548, 'Phường Phương Nam', 148),
(2549, 'Thị trấn Bình Liêu', 149),
(2550, 'Xã Hoành Mô', 149),
(2551, 'Xã Đồng Tâm', 149),
(2552, 'Xã Đồng Văn', 149),
(2553, 'Xã Vô Ngại', 149),
(2554, 'Xã Lục Hồn', 149),
(2555, 'Xã Húc Động', 149),
(2556, 'Thị trấn Tiên Yên', 150),
(2557, 'Xã Hà Lâu', 150),
(2558, 'Xã Đại Dực', 150),
(2559, 'Xã Phong Dụ', 150),
(2560, 'Xã Điền Xá', 150),
(2561, 'Xã Đông Ngũ', 150),
(2562, 'Xã Yên Than', 150),
(2563, 'Xã Đông Hải', 150),
(2564, 'Xã Hải Lạng', 150),
(2565, 'Xã Tiên Lãng', 150),
(2566, 'Xã Đồng Rui', 150),
(2567, 'Thị trấn Đầm Hà', 151),
(2568, 'Xã Quảng Lâm', 151),
(2569, 'Xã Quảng An', 151),
(2570, 'Xã Tân Bình', 151),
(2571, 'Xã Dực Yên', 151),
(2572, 'Xã Quảng Tân', 151),
(2573, 'Xã Đầm Hà', 151),
(2574, 'Xã Tân Lập', 151),
(2575, 'Xã Đại Bình', 151),
(2576, 'Thị trấn Quảng Hà', 152),
(2577, 'Xã Quảng Đức', 152),
(2578, 'Xã Quảng Sơn', 152),
(2579, 'Xã Quảng Thành', 152),
(2580, 'Xã Quảng Thịnh', 152),
(2581, 'Xã Quảng Minh', 152),
(2582, 'Xã Quảng Chính', 152),
(2583, 'Xã Quảng Long', 152),
(2584, 'Xã Đường Hoa', 152),
(2585, 'Xã Quảng Phong', 152),
(2586, 'Xã Cái Chiên', 152),
(2587, 'Thị trấn Ba Chẽ', 153),
(2588, 'Xã Thanh Sơn', 153),
(2589, 'Xã Thanh Lâm', 153),
(2590, 'Xã Đạp Thanh', 153),
(2591, 'Xã Nam Sơn', 153),
(2592, 'Xã Lương Mông', 153),
(2593, 'Xã Đồn Đạc', 153),
(2594, 'Xã Minh Cầm', 153),
(2595, 'Thị trấn Cái Rồng', 154),
(2596, 'Xã Đài Xuyên', 154),
(2597, 'Xã Bình Dân', 154),
(2598, 'Xã Vạn Yên', 154),
(2599, 'Xã Minh Châu', 154),
(2600, 'Xã Đoàn Kết', 154),
(2601, 'Xã Hạ Long', 154),
(2602, 'Xã Đông Xá', 154),
(2603, 'Xã Bản Sen', 154),
(2604, 'Xã Thắng Lợi', 154),
(2605, 'Xã Quan Lạn', 154),
(2606, 'Xã Ngọc Vừng', 154),
(2607, 'Phường Mạo Khê', 155),
(2608, 'Phường Đông Triều', 155),
(2609, 'Xã An Sinh', 155),
(2610, 'Xã Tràng Lương', 155),
(2611, 'Xã Bình Khê', 155),
(2612, 'Xã Việt Dân', 155),
(2613, 'Xã Tân Việt', 155),
(2614, 'Xã Bình Dương', 155),
(2615, 'Phường Đức Chính', 155),
(2616, 'Phường Tràng An', 155),
(2617, 'Xã Nguyễn Huệ', 155),
(2618, 'Xã Thủy An', 155),
(2619, 'Phường Xuân Sơn', 155),
(2620, 'Xã Hồng Thái Tây', 155),
(2621, 'Xã Hồng Thái Đông', 155),
(2622, 'Phường Hoàng Quế', 155),
(2623, 'Phường Yên Thọ', 155),
(2624, 'Phường Hồng Phong', 155),
(2625, 'Phường Kim Sơn', 155),
(2626, 'Phường Hưng Đạo', 155),
(2627, 'Xã Yên Đức', 155),
(2628, 'Phường Quảng Yên', 156),
(2629, 'Phường Đông Mai', 156),
(2630, 'Phường Minh Thành', 156),
(2631, 'Xã Sông Khoai', 156),
(2632, 'Xã Hiệp Hòa', 156),
(2633, 'Phường Cộng Hòa', 156),
(2634, 'Xã Tiền An', 156),
(2635, 'Xã Hoàng Tân', 156),
(2636, 'Phường Tân An', 156),
(2637, 'Phường Yên Giang', 156),
(2638, 'Phường Nam Hoà', 156),
(2639, 'Phường Hà An', 156),
(2640, 'Xã Cẩm La', 156),
(2641, 'Phường Phong Hải', 156),
(2642, 'Phường Yên Hải', 156),
(2643, 'Xã Liên Hòa', 156),
(2644, 'Phường Phong Cốc', 156),
(2645, 'Xã Liên Vị', 156),
(2646, 'Xã Tiền Phong', 156),
(2647, 'Thị trấn Cô Tô', 157),
(2648, 'Xã Đồng Tiến', 157),
(2649, 'Xã Thanh Lân', 157),
(2650, 'Phường Thọ Xương', 158),
(2651, 'Phường Trần Nguyên Hãn', 158),
(2652, 'Phường Ngô Quyền', 158),
(2653, 'Phường Hoàng Văn Thụ', 158),
(2654, 'Phường Trần Phú', 158),
(2655, 'Phường Mỹ Độ', 158),
(2656, 'Phường Lê Lợi', 158),
(2657, 'Xã Song Mai', 158),
(2658, 'Phường Xương Giang', 158),
(2659, 'Phường Đa Mai', 158),
(2660, 'Phường Dĩnh Kế', 158),
(2661, 'Xã Dĩnh Trì', 158),
(2662, 'Xã Tân Mỹ', 158),
(2663, 'Xã Đồng Sơn', 158),
(2664, 'Xã Tân Tiến', 158),
(2665, 'Xã Song Khê', 158),
(2666, 'Xã Đồng Tiến', 159),
(2667, 'Xã Canh Nậu', 159),
(2668, 'Xã Xuân Lương', 159),
(2669, 'Xã Tam Tiến', 159),
(2670, 'Xã Đồng Vương', 159),
(2671, 'Xã Đồng Hưu', 159),
(2672, 'Xã Đồng Tâm', 159),
(2673, 'Xã Tam Hiệp', 159),
(2674, 'Xã Tiến Thắng', 159),
(2675, 'Xã Hồng Kỳ', 159),
(2676, 'Xã Đồng Lạc', 159),
(2677, 'Xã Đông Sơn', 159),
(2678, 'Xã Tân Hiệp', 159),
(2679, 'Xã Hương Vĩ', 159),
(2680, 'Xã Đồng Kỳ', 159),
(2681, 'Xã An Thượng', 159),
(2682, 'Thị trấn Phồn Xương', 159),
(2683, 'Xã Tân Sỏi', 159),
(2684, 'Thị trấn Bố Hạ', 159),
(2685, 'Xã Lan Giới', 160),
(2686, 'Thị trấn Nhã Nam', 160),
(2687, 'Xã Tân Trung', 160),
(2688, 'Xã Đại Hóa', 160),
(2689, 'Xã Quang Tiến', 160),
(2690, 'Xã Phúc Sơn', 160),
(2691, 'Xã An Dương', 160),
(2692, 'Xã Phúc Hòa', 160),
(2693, 'Xã Liên Sơn', 160),
(2694, 'Xã Hợp Đức', 160),
(2695, 'Xã Lam Cốt', 160),
(2696, 'Xã Cao Xá', 160),
(2697, 'Thị trấn Cao Thượng', 160),
(2698, 'Xã Việt Ngọc', 160),
(2699, 'Xã Song Vân', 160),
(2700, 'Xã Ngọc Châu', 160),
(2701, 'Xã Ngọc Vân', 160),
(2702, 'Xã Việt Lập', 160),
(2703, 'Xã Liên Chung', 160),
(2704, 'Xã Ngọc Thiện', 160),
(2705, 'Xã Ngọc Lý', 160),
(2706, 'Xã Quế Nham', 160),
(2707, 'Thị trấn Vôi', 161),
(2708, 'Xã Nghĩa Hòa', 161),
(2709, 'Xã Nghĩa Hưng', 161),
(2710, 'Xã Quang Thịnh', 161),
(2711, 'Xã Hương Sơn', 161),
(2712, 'Xã Đào Mỹ', 161),
(2713, 'Xã Tiên Lục', 161),
(2714, 'Xã An Hà', 161),
(2715, 'Thị trấn Kép', 161),
(2716, 'Xã Mỹ Hà', 161),
(2717, 'Xã Hương Lạc', 161),
(2718, 'Xã Dương Đức', 161),
(2719, 'Xã Tân Thanh', 161),
(2720, 'Xã Yên Mỹ', 161),
(2721, 'Xã Tân Hưng', 161),
(2722, 'Xã Mỹ Thái', 161),
(2723, 'Xã Xương Lâm', 161),
(2724, 'Xã Xuân Hương', 161),
(2725, 'Xã Tân Dĩnh', 161),
(2726, 'Xã Đại Lâm', 161),
(2727, 'Xã Thái Đào', 161),
(2728, 'Thị trấn Đồi Ngô', 162),
(2729, 'Xã Đông Hưng', 162),
(2730, 'Xã Đông Phú', 162),
(2731, 'Xã Tam Dị', 162),
(2732, 'Xã Bảo Sơn', 162),
(2733, 'Xã Bảo Đài', 162),
(2734, 'Xã Thanh Lâm', 162),
(2735, 'Xã Tiên Nha', 162),
(2736, 'Xã Trường Giang', 162),
(2737, 'Xã Phương Sơn', 162),
(2738, 'Xã Chu Điện', 162),
(2739, 'Xã Cương Sơn', 162),
(2740, 'Xã Nghĩa Phương', 162),
(2741, 'Xã Vô Tranh', 162),
(2742, 'Xã Bình Sơn', 162),
(2743, 'Xã Lan Mẫu', 162),
(2744, 'Xã Yên Sơn', 162),
(2745, 'Xã Khám Lạng', 162),
(2746, 'Xã Huyền Sơn', 162),
(2747, 'Xã Trường Sơn', 162),
(2748, 'Xã Lục Sơn', 162),
(2749, 'Xã Bắc Lũng', 162),
(2750, 'Xã Vũ Xá', 162),
(2751, 'Xã Cẩm Lý', 162),
(2752, 'Xã Đan Hội', 162),
(2753, 'Thị trấn Chũ', 163),
(2754, 'Xã Cấm Sơn', 163),
(2755, 'Xã Tân Sơn', 163),
(2756, 'Xã Phong Minh', 163),
(2757, 'Xã Phong Vân', 163),
(2758, 'Xã Xa Lý', 163),
(2759, 'Xã Hộ Đáp', 163),
(2760, 'Xã Sơn Hải', 163),
(2761, 'Xã Thanh Hải', 163),
(2762, 'Xã Kiên Lao', 163),
(2763, 'Xã Biên Sơn', 163),
(2764, 'Xã Kiên Thành', 163),
(2765, 'Xã Hồng Giang', 163),
(2766, 'Xã Kim Sơn', 163),
(2767, 'Xã Tân Hoa', 163),
(2768, 'Xã Giáp Sơn', 163),
(2769, 'Xã Biển Động', 163),
(2770, 'Xã Quý Sơn', 163),
(2771, 'Xã Trù Hựu', 163),
(2772, 'Xã Phì Điền', 163),
(2773, 'Xã Tân Quang', 163),
(2774, 'Xã Đồng Cốc', 163),
(2775, 'Xã Tân Lập', 163),
(2776, 'Xã Phú Nhuận', 163),
(2777, 'Xã Mỹ An', 163),
(2778, 'Xã Nam Dương', 163),
(2779, 'Xã Tân Mộc', 163),
(2780, 'Xã Đèo Gia', 163),
(2781, 'Xã Phượng Sơn', 163),
(2782, 'Thị trấn An Châu', 164),
(2783, 'Thị trấn Tây Yên Tử', 164),
(2784, 'Xã Vân Sơn', 164),
(2785, 'Xã Hữu Sản', 164),
(2786, 'Xã Đại Sơn', 164),
(2787, 'Xã Phúc Sơn', 164),
(2788, 'Xã Giáo Liêm', 164),
(2789, 'Xã Cẩm Đàn', 164),
(2790, 'Xã An Lạc', 164),
(2791, 'Xã Vĩnh An', 164),
(2792, 'Xã Yên Định', 164),
(2793, 'Xã Lệ Viễn', 164),
(2794, 'Xã An Bá', 164),
(2795, 'Xã Tuấn Đạo', 164),
(2796, 'Xã Dương Hưu', 164),
(2797, 'Xã Long Sơn', 164),
(2798, 'Xã Thanh Luận', 164),
(2799, 'Thị trấn Nham Biền', 165),
(2800, 'Thị trấn Tân An', 165),
(2801, 'Xã Lão Hộ', 165),
(2802, 'Xã Hương Gián', 165),
(2803, 'Xã Quỳnh Sơn', 165),
(2804, 'Xã Nội Hoàng', 165),
(2805, 'Xã Tiền Phong', 165),
(2806, 'Xã Xuân Phú', 165),
(2807, 'Xã Tân Liễu', 165),
(2808, 'Xã Trí Yên', 165),
(2809, 'Xã Lãng Sơn', 165),
(2810, 'Xã Yên Lư', 165),
(2811, 'Xã Tiến Dũng', 165),
(2812, 'Xã Đức Giang', 165),
(2813, 'Xã Cảnh Thụy', 165),
(2814, 'Xã Tư Mại', 165),
(2815, 'Xã Đồng Việt', 165),
(2816, 'Xã Đồng Phúc', 165),
(2817, 'Xã Thượng Lan', 166),
(2818, 'Xã Việt Tiến', 166),
(2819, 'Xã Nghĩa Trung', 166),
(2820, 'Xã Minh Đức', 166),
(2821, 'Xã Hương Mai', 166),
(2822, 'Xã Tự Lạn', 166),
(2823, 'Thị trấn Bích Động', 166),
(2824, 'Xã Trung Sơn', 166),
(2825, 'Xã Hồng Thái', 166),
(2826, 'Xã Tiên Sơn', 166),
(2827, 'Xã Tăng Tiến', 166),
(2828, 'Xã Quảng Minh', 166),
(2829, 'Thị trấn Nếnh', 166),
(2830, 'Xã Ninh Sơn', 166),
(2831, 'Xã Vân Trung', 166),
(2832, 'Xã Vân Hà', 166),
(2833, 'Xã Quang Châu', 166),
(2834, 'Xã Đồng Tân', 167),
(2835, 'Xã Thanh Vân', 167),
(2836, 'Xã Hoàng Lương', 167),
(2837, 'Xã Hoàng Vân', 167),
(2838, 'Xã Hoàng Thanh', 167),
(2839, 'Xã Hoàng An', 167),
(2840, 'Xã Ngọc Sơn', 167),
(2841, 'Xã Thái Sơn', 167),
(2842, 'Xã Hòa Sơn', 167),
(2843, 'Thị trấn Thắng', 167),
(2844, 'Xã Quang Minh', 167),
(2845, 'Xã Lương Phong', 167),
(2846, 'Xã Hùng Sơn', 167),
(2847, 'Xã Đại Thành', 167),
(2848, 'Xã Thường Thắng', 167),
(2849, 'Xã Hợp Thịnh', 167),
(2850, 'Xã Danh Thắng', 167),
(2851, 'Xã Mai Trung', 167),
(2852, 'Xã Đoan Bái', 167),
(2853, 'Xã Bắc Lý', 167),
(2854, 'Xã Xuân Cẩm', 167),
(2855, 'Xã Hương Lâm', 167),
(2856, 'Xã Đông Lỗ', 167),
(2857, 'Xã Châu Minh', 167),
(2858, 'Xã Mai Đình', 167),
(2859, 'Phường Dữu Lâu', 168),
(2860, 'Phường Vân Cơ', 168),
(2861, 'Phường Nông Trang', 168),
(2862, 'Phường Tân Dân', 168),
(2863, 'Phường Gia Cẩm', 168),
(2864, 'Phường Tiên Cát', 168),
(2865, 'Phường Thọ Sơn', 168),
(2866, 'Phường Thanh Miếu', 168),
(2867, 'Phường Bạch Hạc', 168),
(2868, 'Phường Bến Gót', 168),
(2869, 'Phường Vân Phú', 168),
(2870, 'Xã Phượng Lâu', 168),
(2871, 'Xã Thụy Vân', 168),
(2872, 'Phường Minh Phương', 168),
(2873, 'Xã Trưng Vương', 168),
(2874, 'Phường Minh Nông', 168),
(2875, 'Xã Sông Lô', 168),
(2876, 'Xã Kim Đức', 168),
(2877, 'Xã Hùng Lô', 168),
(2878, 'Xã Hy Cương', 168),
(2879, 'Xã Chu Hóa', 168),
(2880, 'Xã Thanh Đình', 168),
(2881, 'Phường Hùng Vương', 169),
(2882, 'Phường Phong Châu', 169),
(2883, 'Phường Âu Cơ', 169),
(2884, 'Xã Hà Lộc', 169),
(2885, 'Xã Phú Hộ', 169),
(2886, 'Xã Văn Lung', 169),
(2887, 'Xã Thanh Minh', 169),
(2888, 'Xã Hà Thạch', 169),
(2889, 'Phường Thanh Vinh', 169),
(2890, 'Thị trấn Đoan Hùng', 170),
(2891, 'Xã Hùng Xuyên', 170),
(2892, 'Xã Bằng Luân', 170),
(2893, 'Xã Vân Du', 170),
(2894, 'Xã Phú Lâm', 170),
(2895, 'Xã Minh Lương', 170),
(2896, 'Xã Bằng Doãn', 170),
(2897, 'Xã Chí Đám', 170),
(2898, 'Xã Phúc Lai', 170),
(2899, 'Xã Ngọc Quan', 170),
(2900, 'Xã Hợp Nhất', 170),
(2901, 'Xã Sóc Đăng', 170),
(2902, 'Xã Tây Cốc', 170),
(2903, 'Xã Yên Kiện', 170),
(2904, 'Xã Hùng Long', 170),
(2905, 'Xã Vụ Quang', 170),
(2906, 'Xã Vân Đồn', 170),
(2907, 'Xã Tiêu Sơn', 170),
(2908, 'Xã Minh Tiến', 170),
(2909, 'Xã Minh Phú', 170),
(2910, 'Xã Chân Mộng', 170),
(2911, 'Xã Ca Đình', 170),
(2912, 'Thị trấn Hạ Hoà', 171),
(2913, 'Xã Đại Phạm', 171),
(2914, 'Xã Đan Thượng', 171),
(2915, 'Xã Hà Lương', 171),
(2916, 'Xã Tứ Hiệp', 171),
(2917, 'Xã Hiền Lương', 171),
(2918, 'Xã Phương Viên', 171),
(2919, 'Xã Gia Điền', 171),
(2920, 'Xã Ấm Hạ', 171),
(2921, 'Xã Hương Xạ', 171),
(2922, 'Xã Xuân Áng', 171),
(2923, 'Xã Yên Kỳ', 171),
(2924, 'Xã Minh Hạc', 171),
(2925, 'Xã Lang Sơn', 171),
(2926, 'Xã Bằng Giã', 171),
(2927, 'Xã Yên Luật', 171),
(2928, 'Xã Vô Tranh', 171),
(2929, 'Xã Văn Lang', 171),
(2930, 'Xã Minh Côi', 171),
(2931, 'Xã Vĩnh Chân', 171),
(2932, 'Thị trấn Thanh Ba', 172),
(2933, 'Xã Vân Lĩnh', 172),
(2934, 'Xã Đông Lĩnh', 172),
(2935, 'Xã Đại An', 172),
(2936, 'Xã Hanh Cù', 172),
(2937, 'Xã Đồng Xuân', 172),
(2938, 'Xã Quảng Yên', 172),
(2939, 'Xã Ninh Dân', 172),
(2940, 'Xã Võ Lao', 172),
(2941, 'Xã Khải Xuân', 172),
(2942, 'Xã Mạn Lạn', 172),
(2943, 'Xã Hoàng Cương', 172),
(2944, 'Xã Chí Tiên', 172),
(2945, 'Xã Đông Thành', 172),
(2946, 'Xã Sơn Cương', 172),
(2947, 'Xã Thanh Hà', 172),
(2948, 'Xã Đỗ Sơn', 172),
(2949, 'Xã Đỗ Xuyên', 172),
(2950, 'Xã Lương Lỗ', 172),
(2951, 'Thị trấn Phong Châu', 173),
(2952, 'Xã Phú Mỹ', 173),
(2953, 'Xã Lệ Mỹ', 173),
(2954, 'Xã Liên Hoa', 173),
(2955, 'Xã Trạm Thản', 173),
(2956, 'Xã Trị Quận', 173),
(2957, 'Xã Trung Giáp', 173),
(2958, 'Xã Tiên Phú', 173),
(2959, 'Xã Hạ Giáp', 173),
(2960, 'Xã Bảo Thanh', 173),
(2961, 'Xã Phú Lộc', 173),
(2962, 'Xã Gia Thanh', 173),
(2963, 'Xã Tiên Du', 173),
(2964, 'Xã Phú Nham', 173),
(2965, 'Xã An Đạo', 173),
(2966, 'Xã Bình Phú', 173),
(2967, 'Xã Phù Ninh', 173),
(2968, 'Thị trấn Yên Lập', 174),
(2969, 'Xã Mỹ Lung', 174),
(2970, 'Xã Mỹ Lương', 174),
(2971, 'Xã Lương Sơn', 174),
(2972, 'Xã Xuân An', 174),
(2973, 'Xã Xuân Viên', 174),
(2974, 'Xã Xuân Thủy', 174),
(2975, 'Xã Trung Sơn', 174),
(2976, 'Xã Hưng Long', 174),
(2977, 'Xã Nga Hoàng', 174),
(2978, 'Xã Đồng Lạc', 174),
(2979, 'Xã Thượng Long', 174),
(2980, 'Xã Đồng Thịnh', 174),
(2981, 'Xã Phúc Khánh', 174),
(2982, 'Xã Minh Hòa', 174),
(2983, 'Xã Ngọc Lập', 174),
(2984, 'Xã Ngọc Đồng', 174),
(2985, 'Thị trấn Cẩm Khê', 175),
(2986, 'Xã Tiên Lương', 175),
(2987, 'Xã Tuy Lộc', 175),
(2988, 'Xã Ngô Xá', 175),
(2989, 'Xã Minh Tân', 175),
(2990, 'Xã Phượng Vĩ', 175),
(2991, 'Xã Thụy Liễu', 175),
(2992, 'Xã Tùng Khê', 175),
(2993, 'Xã Tam Sơn', 175),
(2994, 'Xã Văn Bán', 175),
(2995, 'Xã Cấp Dẫn', 175),
(2996, 'Xã Xương Thịnh', 175),
(2997, 'Xã Phú Khê', 175),
(2998, 'Xã Sơn Tình', 175),
(2999, 'Xã Yên Tập', 175),
(3000, 'Xã Hương Lung', 175),
(3001, 'Xã Tạ Xá', 175),
(3002, 'Xã Phú Lạc', 175),
(3003, 'Xã Chương Xá', 175),
(3004, 'Xã Hùng Việt', 175),
(3005, 'Xã Văn Khúc', 175),
(3006, 'Xã Yên Dưỡng', 175),
(3007, 'Xã Điêu Lương', 175),
(3008, 'Xã Đồng Lương', 175),
(3009, 'Thị trấn Hưng Hoá', 176),
(3010, 'Xã Hiền Quan', 176),
(3011, 'Xã Bắc Sơn', 176),
(3012, 'Xã Thanh Uyên', 176),
(3013, 'Xã Lam Sơn', 176),
(3014, 'Xã Vạn Xuân', 176),
(3015, 'Xã Quang Húc', 176),
(3016, 'Xã Hương Nộn', 176),
(3017, 'Xã Tề Lễ', 176),
(3018, 'Xã Thọ Văn', 176),
(3019, 'Xã Dị Nậu', 176),
(3020, 'Xã Dân Quyền', 176),
(3021, 'Thị trấn Lâm Thao', 177),
(3022, 'Xã Tiên Kiên', 177),
(3023, 'Thị trấn Hùng Sơn', 177),
(3024, 'Xã Xuân Lũng', 177),
(3025, 'Xã Xuân Huy', 177),
(3026, 'Xã Thạch Sơn', 177),
(3027, 'Xã Sơn Vi', 177),
(3028, 'Xã Phùng Nguyên', 177),
(3029, 'Xã Cao Xá', 177),
(3030, 'Xã Vĩnh Lại', 177),
(3031, 'Xã Tứ Xã', 177),
(3032, 'Xã Bản Nguyên', 177),
(3033, 'Thị trấn Thanh Sơn', 178),
(3034, 'Xã Sơn Hùng', 178),
(3035, 'Xã Địch Quả', 178),
(3036, 'Xã Giáp Lai', 178),
(3037, 'Xã Thục Luyện', 178),
(3038, 'Xã Võ Miếu', 178),
(3039, 'Xã Thạch Khoán', 178),
(3040, 'Xã Cự Thắng', 178),
(3041, 'Xã Tất Thắng', 178),
(3042, 'Xã Văn Miếu', 178),
(3043, 'Xã Cự Đồng', 178),
(3044, 'Xã Thắng Sơn', 178),
(3045, 'Xã Tân Minh', 178),
(3046, 'Xã Hương Cần', 178),
(3047, 'Xã Khả Cửu', 178),
(3048, 'Xã Đông Cửu', 178),
(3049, 'Xã Tân Lập', 178),
(3050, 'Xã Yên Lãng', 178),
(3051, 'Xã Yên Lương', 178),
(3052, 'Xã Thượng Cửu', 178),
(3053, 'Xã Lương Nha', 178),
(3054, 'Xã Yên Sơn', 178),
(3055, 'Xã Tinh Nhuệ', 178),
(3056, 'Xã Đào Xá', 179),
(3057, 'Xã Thạch Đồng', 179),
(3058, 'Xã Xuân Lộc', 179),
(3059, 'Xã Tân Phương', 179),
(3060, 'Thị trấn Thanh Thủy', 179),
(3061, 'Xã Sơn Thủy', 179),
(3062, 'Xã Bảo Yên', 179),
(3063, 'Xã Đoan Hạ', 179),
(3064, 'Xã Đồng Trung', 179),
(3065, 'Xã Hoàng Xá', 179),
(3066, 'Xã Tu Vũ', 179),
(3067, 'Xã Thu Cúc', 180),
(3068, 'Xã Thạch Kiệt', 180),
(3069, 'Xã Thu Ngạc', 180),
(3070, 'Xã Kiệt Sơn', 180),
(3071, 'Xã Đồng Sơn', 180),
(3072, 'Xã Lai Đồng', 180),
(3073, 'Xã Tân Phú', 180),
(3074, 'Xã Mỹ Thuận', 180),
(3075, 'Xã Tân Sơn', 180),
(3076, 'Xã Xuân Đài', 180),
(3077, 'Xã Minh Đài', 180),
(3078, 'Xã Văn Luông', 180),
(3079, 'Xã Xuân Sơn', 180),
(3080, 'Xã Long Cốc', 180),
(3081, 'Xã Kim Thượng', 180),
(3082, 'Xã Tam Thanh', 180),
(3083, 'Xã Vinh Tiền', 180),
(3084, 'Phường Tích Sơn', 181),
(3085, 'Phường Liên Bảo', 181),
(3086, 'Phường Hội Hợp', 181),
(3087, 'Phường Đống Đa', 181),
(3088, 'Phường Ngô Quyền', 181),
(3089, 'Phường Đồng Tâm', 181),
(3090, 'Xã Định Trung', 181),
(3091, 'Phường Khai Quang', 181),
(3092, 'Xã Thanh Trù', 181),
(3093, 'Phường Trưng Trắc', 182),
(3094, 'Phường Hùng Vương', 182),
(3095, 'Phường Trưng Nhị', 182),
(3096, 'Phường Phúc Thắng', 182),
(3097, 'Phường Xuân Hoà', 182),
(3098, 'Phường Đồng Xuân', 182),
(3099, 'Xã Ngọc Thanh', 182),
(3100, 'Xã Cao Minh', 182),
(3101, 'Phường Nam Viêm', 182),
(3102, 'Phường Tiền Châu', 182),
(3103, 'Thị trấn Lập Thạch', 183),
(3104, 'Xã Quang Sơn', 183),
(3105, 'Xã Ngọc Mỹ', 183),
(3106, 'Xã Hợp Lý', 183),
(3107, 'Xã Bắc Bình', 183),
(3108, 'Xã Thái Hòa', 183),
(3109, 'Thị trấn Hoa Sơn', 183),
(3110, 'Xã Liễn Sơn', 183),
(3111, 'Xã Xuân Hòa', 183),
(3112, 'Xã Vân Trục', 183),
(3113, 'Xã Liên Hòa', 183),
(3114, 'Xã Tử Du', 183),
(3115, 'Xã Bàn Giản', 183),
(3116, 'Xã Xuân Lôi', 183),
(3117, 'Xã Đồng Ích', 183),
(3118, 'Xã Tiên Lữ', 183),
(3119, 'Xã Văn Quán', 183),
(3120, 'Xã Đình Chu', 183),
(3121, 'Xã Triệu Đề', 183),
(3122, 'Xã Sơn Đông', 183),
(3123, 'Thị trấn Hợp Hòa', 184),
(3124, 'Xã Hoàng Hoa', 184),
(3125, 'Xã Đồng Tĩnh', 184),
(3126, 'Xã Kim Long', 184),
(3127, 'Xã Hướng Đạo', 184),
(3128, 'Xã Đạo Tú', 184),
(3129, 'Xã An Hòa', 184),
(3130, 'Xã Thanh Vân', 184),
(3131, 'Xã Duy Phiên', 184),
(3132, 'Xã Hoàng Đan', 184),
(3133, 'Xã Hoàng Lâu', 184),
(3134, 'Xã Vân Hội', 184),
(3135, 'Xã Hợp Thịnh', 184),
(3136, 'Thị trấn Tam Đảo', 185),
(3137, 'Thị trấn Hợp Châu', 185),
(3138, 'Xã Đạo Trù', 185),
(3139, 'Xã Yên Dương', 185),
(3140, 'Xã Bồ Lý', 185),
(3141, 'Thị trấn Đại Đình', 185),
(3142, 'Xã Tam Quan', 185),
(3143, 'Xã Hồ Sơn', 185),
(3144, 'Xã Minh Quang', 185),
(3145, 'Thị trấn Hương Canh', 186),
(3146, 'Thị trấn Gia Khánh', 186),
(3147, 'Xã Trung Mỹ', 186),
(3148, 'Thị trấn Bá Hiến', 186),
(3149, 'Xã Thiện Kế', 186),
(3150, 'Xã Hương Sơn', 186),
(3151, 'Xã Tam Hợp', 186),
(3152, 'Xã Quất Lưu', 186),
(3153, 'Xã Sơn Lôi', 186),
(3154, 'Thị trấn Đạo Đức', 186),
(3155, 'Xã Tân Phong', 186),
(3156, 'Thị trấn Thanh Lãng', 186),
(3157, 'Xã Phú Xuân', 186),
(3158, 'Thị trấn Yên Lạc', 187),
(3159, 'Xã Đồng Cương', 187),
(3160, 'Xã Đồng Văn', 187),
(3161, 'Xã Bình Định', 187),
(3162, 'Xã Trung Nguyên', 187),
(3163, 'Xã Tề Lỗ', 187),
(3164, 'Xã Tam Hồng', 187),
(3165, 'Xã Yên Đồng', 187),
(3166, 'Xã Văn Tiến', 187),
(3167, 'Xã Nguyệt Đức', 187),
(3168, 'Xã Yên Phương', 187),
(3169, 'Xã Hồng Phương', 187),
(3170, 'Xã Trung Kiên', 187),
(3171, 'Xã Liên Châu', 187),
(3172, 'Xã Đại Tự', 187),
(3173, 'Xã Hồng Châu', 187),
(3174, 'Xã Trung Hà', 187),
(3175, 'Thị trấn Vĩnh Tường', 188),
(3176, 'Xã Kim Xá', 188),
(3177, 'Xã Yên Bình', 188),
(3178, 'Xã Chấn Hưng', 188),
(3179, 'Xã Nghĩa Hưng', 188),
(3180, 'Xã Yên Lập', 188),
(3181, 'Xã Việt Xuân', 188),
(3182, 'Xã Bồ Sao', 188),
(3183, 'Xã Đại Đồng', 188),
(3184, 'Xã Tân Tiến', 188),
(3185, 'Xã Lũng Hoà', 188),
(3186, 'Xã Cao Đại', 188),
(3187, 'Thị Trấn Thổ Tang', 188),
(3188, 'Xã Vĩnh Sơn', 188),
(3189, 'Xã Bình Dương', 188),
(3190, 'Xã Tân Phú', 188),
(3191, 'Xã Thượng Trưng', 188),
(3192, 'Xã Vũ Di', 188),
(3193, 'Xã Lý Nhân', 188),
(3194, 'Xã Tuân Chính', 188),
(3195, 'Xã Vân Xuân', 188),
(3196, 'Xã Tam Phúc', 188),
(3197, 'Thị trấn Tứ Trưng', 188),
(3198, 'Xã Ngũ Kiên', 188),
(3199, 'Xã An Tường', 188),
(3200, 'Xã Vĩnh Thịnh', 188),
(3201, 'Xã Phú Đa', 188),
(3202, 'Xã Vĩnh Ninh', 188),
(3203, 'Xã Lãng Công', 189),
(3204, 'Xã Quang Yên', 189),
(3205, 'Xã Bạch Lưu', 189),
(3206, 'Xã Hải Lựu', 189),
(3207, 'Xã Đồng Quế', 189),
(3208, 'Xã Nhân Đạo', 189),
(3209, 'Xã Đôn Nhân', 189),
(3210, 'Xã Phương Khoan', 189),
(3211, 'Xã Tân Lập', 189),
(3212, 'Xã Nhạo Sơn', 189),
(3213, 'Thị trấn Tam Sơn', 189),
(3214, 'Xã Như Thụy', 189),
(3215, 'Xã Yên Thạch', 189),
(3216, 'Xã Đồng Thịnh', 189),
(3217, 'Xã Tứ Yên', 189),
(3218, 'Xã Đức Bác', 189),
(3219, 'Xã Cao Phong', 189),
(3220, 'Phường Vũ Ninh', 190),
(3221, 'Phường Đáp Cầu', 190),
(3222, 'Phường Thị Cầu', 190),
(3223, 'Phường Kinh Bắc', 190),
(3224, 'Phường Vệ An', 190),
(3225, 'Phường Tiền An', 190),
(3226, 'Phường Đại Phúc', 190),
(3227, 'Phường Ninh Xá', 190),
(3228, 'Phường Suối Hoa', 190),
(3229, 'Phường Võ Cường', 190),
(3230, 'Phường Hòa Long', 190),
(3231, 'Phường Vạn An', 190),
(3232, 'Phường Khúc Xuyên', 190),
(3233, 'Phường Phong Khê', 190),
(3234, 'Phường Kim Chân', 190),
(3235, 'Phường Vân Dương', 190),
(3236, 'Phường Nam Sơn', 190),
(3237, 'Phường Khắc Niệm', 190),
(3238, 'Phường Hạp Lĩnh', 190),
(3239, 'Thị trấn Chờ', 191),
(3240, 'Xã Dũng Liệt', 191),
(3241, 'Xã Tam Đa', 191),
(3242, 'Xã Tam Giang', 191),
(3243, 'Xã Yên Trung', 191),
(3244, 'Xã Thụy Hòa', 191),
(3245, 'Xã Hòa Tiến', 191),
(3246, 'Xã Đông Tiến', 191),
(3247, 'Xã Yên Phụ', 191),
(3248, 'Xã Trung Nghĩa', 191),
(3249, 'Xã Đông Phong', 191),
(3250, 'Xã Long Châu', 191),
(3251, 'Xã Văn Môn', 191),
(3252, 'Xã Đông Thọ', 191),
(3253, 'Thị trấn Phố Mới', 192),
(3254, 'Xã Việt Thống', 192),
(3255, 'Xã Đại Xuân', 192),
(3256, 'Xã Nhân Hòa', 192),
(3257, 'Xã Bằng An', 192),
(3258, 'Xã Phương Liễu', 192),
(3259, 'Xã Quế Tân', 192),
(3260, 'Xã Phù Lương', 192),
(3261, 'Xã Phù Lãng', 192),
(3262, 'Xã Phượng Mao', 192),
(3263, 'Xã Việt Hùng', 192),
(3264, 'Xã Ngọc Xá', 192),
(3265, 'Xã Châu Phong', 192),
(3266, 'Xã Bồng Lai', 192),
(3267, 'Xã Cách Bi', 192),
(3268, 'Xã Đào Viên', 192),
(3269, 'Xã Yên Giả', 192),
(3270, 'Xã Mộ Đạo', 192),
(3271, 'Xã Đức Long', 192),
(3272, 'Xã Chi Lăng', 192),
(3273, 'Xã Hán Quảng', 192),
(3274, 'Thị trấn Lim', 193),
(3275, 'Xã Phú Lâm', 193),
(3276, 'Xã Nội Duệ', 193),
(3277, 'Xã Liên Bão', 193),
(3278, 'Xã Hiên Vân', 193),
(3279, 'Xã Hoàn Sơn', 193),
(3280, 'Xã Lạc Vệ', 193),
(3281, 'Xã Việt Đoàn', 193),
(3282, 'Xã Phật Tích', 193),
(3283, 'Xã Tân Chi', 193),
(3284, 'Xã Đại Đồng', 193),
(3285, 'Xã Tri Phương', 193),
(3286, 'Xã Minh Đạo', 193),
(3287, 'Xã Cảnh Hưng', 193),
(3288, 'Phường Đông Ngàn', 194),
(3289, 'Phường Tam Sơn', 194),
(3290, 'Phường Hương Mạc', 194),
(3291, 'Phường Tương Giang', 194),
(3292, 'Phường Phù Khê', 194),
(3293, 'Phường Đồng Kỵ', 194),
(3294, 'Phường Trang Hạ', 194),
(3295, 'Phường Đồng Nguyên', 194),
(3296, 'Phường Châu Khê', 194),
(3297, 'Phường Tân Hồng', 194),
(3298, 'Phường Đình Bảng', 194),
(3299, 'Phường Phù Chẩn', 194),
(3300, 'Thị trấn Hồ', 195),
(3301, 'Xã Hoài Thượng', 195),
(3302, 'Xã Đại Đồng Thành', 195),
(3303, 'Xã Mão Điền', 195),
(3304, 'Xã Song Hồ', 195),
(3305, 'Xã Đình Tổ', 195),
(3306, 'Xã An Bình', 195),
(3307, 'Xã Trí Quả', 195),
(3308, 'Xã Gia Đông', 195),
(3309, 'Xã Thanh Khương', 195),
(3310, 'Xã Trạm Lộ', 195),
(3311, 'Xã Xuân Lâm', 195),
(3312, 'Xã Hà Mãn', 195),
(3313, 'Xã Ngũ Thái', 195),
(3314, 'Xã Nguyệt Đức', 195),
(3315, 'Xã Ninh Xá', 195),
(3316, 'Xã Nghĩa Đạo', 195),
(3317, 'Xã Song Liễu', 195),
(3318, 'Thị trấn Gia Bình', 196),
(3319, 'Xã Vạn Ninh', 196),
(3320, 'Xã Thái Bảo', 196),
(3321, 'Xã Giang Sơn', 196),
(3322, 'Xã Cao Đức', 196),
(3323, 'Xã Đại Lai', 196),
(3324, 'Xã Song Giang', 196),
(3325, 'Xã Bình Dương', 196),
(3326, 'Xã Lãng Ngâm', 196),
(3327, 'Xã Nhân Thắng', 196),
(3328, 'Xã Xuân Lai', 196),
(3329, 'Xã Đông Cứu', 196),
(3330, 'Xã Đại Bái', 196),
(3331, 'Xã Quỳnh Phú', 196),
(3332, 'Thị trấn Thứa', 197),
(3333, 'Xã An Thịnh', 197),
(3334, 'Xã Trung Kênh', 197),
(3335, 'Xã Phú Hòa', 197),
(3336, 'Xã Mỹ Hương', 197),
(3337, 'Xã Tân Lãng', 197),
(3338, 'Xã Quảng Phú', 197),
(3339, 'Xã Trừng Xá', 197),
(3340, 'Xã Lai Hạ', 197),
(3341, 'Xã Trung Chính', 197),
(3342, 'Xã Minh Tân', 197),
(3343, 'Xã Bình Định', 197),
(3344, 'Xã Phú Lương', 197),
(3345, 'Xã Lâm Thao', 197),
(3346, 'Phường Cẩm Thượng', 198),
(3347, 'Phường Bình Hàn', 198),
(3348, 'Phường Ngọc Châu', 198),
(3349, 'Phường Nhị Châu', 198),
(3350, 'Phường Quang Trung', 198),
(3351, 'Phường Nguyễn Trãi', 198),
(3352, 'Phường Phạm Ngũ Lão', 198),
(3353, 'Phường Trần Hưng Đạo', 198),
(3354, 'Phường Trần Phú', 198),
(3355, 'Phường Thanh Bình', 198),
(3356, 'Phường Tân Bình', 198),
(3357, 'Phường Lê Thanh Nghị', 198),
(3358, 'Phường Hải Tân', 198),
(3359, 'Phường Tứ Minh', 198),
(3360, 'Phường Việt Hoà', 198),
(3361, 'Phường Ái Quốc', 198),
(3362, 'Xã An Thượng', 198),
(3363, 'Phường Nam Đồng', 198),
(3364, 'Xã Quyết Thắng', 198),
(3365, 'Xã Tiền Tiến', 198),
(3366, 'Phường Thạch Khôi', 198),
(3367, 'Xã Liên Hồng', 198),
(3368, 'Phường Tân Hưng', 198),
(3369, 'Xã Gia Xuyên', 198),
(3370, 'Xã Ngọc Sơn', 198),
(3371, 'Phường Phả Lại', 199),
(3372, 'Phường Sao Đỏ', 199),
(3373, 'Phường Bến Tắm', 199),
(3374, 'Xã Hoàng Hoa Thám', 199),
(3375, 'Xã Bắc An', 199),
(3376, 'Xã Hưng Đạo', 199),
(3377, 'Xã Lê Lợi', 199),
(3378, 'Phường Hoàng Tiến', 199),
(3379, 'Phường Cộng Hoà', 199),
(3380, 'Phường Hoàng Tân', 199),
(3381, 'Phường Cổ Thành', 199),
(3382, 'Phường Văn An', 199),
(3383, 'Phường Chí Minh', 199),
(3384, 'Phường Văn Đức', 199),
(3385, 'Phường Thái Học', 199),
(3386, 'Xã Nhân Huệ', 199),
(3387, 'Phường An Lạc', 199),
(3388, 'Phường Đồng Lạc', 199),
(3389, 'Phường Tân Dân', 199),
(3390, 'Thị trấn Nam Sách', 200),
(3391, 'Xã Nam Hưng', 200),
(3392, 'Xã Nam Tân', 200),
(3393, 'Xã Hợp Tiến', 200),
(3394, 'Xã Hiệp Cát', 200),
(3395, 'Xã Thanh Quang', 200),
(3396, 'Xã Quốc Tuấn', 200),
(3397, 'Xã Nam Chính', 200),
(3398, 'Xã An Bình', 200),
(3399, 'Xã Nam Trung', 200),
(3400, 'Xã An Sơn', 200),
(3401, 'Xã Cộng Hòa', 200),
(3402, 'Xã Thái Tân', 200),
(3403, 'Xã An Lâm', 200),
(3404, 'Xã Phú Điền', 200),
(3405, 'Xã Nam Hồng', 200),
(3406, 'Xã Hồng Phong', 200),
(3407, 'Xã Đồng Lạc', 200),
(3408, 'Xã Minh Tân', 200),
(3409, 'Phường An Lưu', 201),
(3410, 'Xã Bạch Đằng', 201),
(3411, 'Phường Thất Hùng', 201),
(3412, 'Xã Lê Ninh', 201),
(3413, 'Xã Hoành Sơn', 201),
(3414, 'Phường Phạm Thái', 201),
(3415, 'Phường Duy Tân', 201),
(3416, 'Phường Tân Dân', 201),
(3417, 'Phường Minh Tân', 201),
(3418, 'Xã Quang Thành', 201),
(3419, 'Xã Hiệp Hòa', 201),
(3420, 'Phường Phú Thứ', 201),
(3421, 'Xã Thăng Long', 201),
(3422, 'Xã Lạc Long', 201),
(3423, 'Phường An Sinh', 201),
(3424, 'Phường Hiệp Sơn', 201),
(3425, 'Xã Thượng Quận', 201),
(3426, 'Phường An Phụ', 201),
(3427, 'Phường Hiệp An', 201),
(3428, 'Phường Long Xuyên', 201),
(3429, 'Phường Thái Thịnh', 201),
(3430, 'Phường Hiến Thành', 201),
(3431, 'Xã Minh Hòa', 201),
(3432, 'Thị trấn Phú Thái', 202),
(3433, 'Xã Lai Vu', 202),
(3434, 'Xã Cộng Hòa', 202),
(3435, 'Xã Thượng Vũ', 202),
(3436, 'Xã Cổ Dũng', 202),
(3437, 'Xã Tuấn Việt', 202),
(3438, 'Xã Kim Xuyên', 202),
(3439, 'Xã Phúc Thành A', 202),
(3440, 'Xã Ngũ Phúc', 202),
(3441, 'Xã Kim Anh', 202),
(3442, 'Xã Kim Liên', 202),
(3443, 'Xã Kim Tân', 202),
(3444, 'Xã Kim Đính', 202),
(3445, 'Xã Bình Dân', 202),
(3446, 'Xã Tam Kỳ', 202),
(3447, 'Xã Đồng Cẩm', 202),
(3448, 'Xã Liên Hòa', 202),
(3449, 'Xã Đại Đức', 202),
(3450, 'Thị trấn Thanh Hà', 203),
(3451, 'Xã Hồng Lạc', 203),
(3452, 'Xã Việt Hồng', 203),
(3453, 'Xã Tân Việt', 203),
(3454, 'Xã Cẩm Chế', 203),
(3455, 'Xã Thanh An', 203),
(3456, 'Xã Thanh Lang', 203),
(3457, 'Xã Tân An', 203),
(3458, 'Xã Liên Mạc', 203),
(3459, 'Xã Thanh Hải', 203),
(3460, 'Xã Thanh Khê', 203),
(3461, 'Xã Thanh Xá', 203),
(3462, 'Xã Thanh Xuân', 203),
(3463, 'Xã Thanh Thủy', 203),
(3464, 'Xã An Phượng', 203),
(3465, 'Xã Thanh Sơn', 203),
(3466, 'Xã Thanh Quang', 203),
(3467, 'Xã Thanh Hồng', 203),
(3468, 'Xã Thanh Cường', 203),
(3469, 'Xã Vĩnh Lập', 203),
(3470, 'Thị trấn Cẩm Giang', 204),
(3471, 'Thị trấn Lai Cách', 204),
(3472, 'Xã Cẩm Hưng', 204),
(3473, 'Xã Cẩm Hoàng', 204),
(3474, 'Xã Cẩm Văn', 204),
(3475, 'Xã Ngọc Liên', 204),
(3476, 'Xã Thạch Lỗi', 204),
(3477, 'Xã Cẩm Vũ', 204),
(3478, 'Xã Đức Chính', 204),
(3479, 'Xã Định Sơn', 204),
(3480, 'Xã Lương Điền', 204),
(3481, 'Xã Cao An', 204),
(3482, 'Xã Tân Trường', 204),
(3483, 'Xã Cẩm Phúc', 204),
(3484, 'Xã Cẩm Điền', 204),
(3485, 'Xã Cẩm Đông', 204),
(3486, 'Xã Cẩm Đoài', 204),
(3487, 'Thị trấn Kẻ Sặt', 205),
(3488, 'Xã Vĩnh Hưng', 205),
(3489, 'Xã Hùng Thắng', 205),
(3490, 'Xã Vĩnh Hồng', 205),
(3491, 'Xã Long Xuyên', 205),
(3492, 'Xã Tân Việt', 205),
(3493, 'Xã Thúc Kháng', 205),
(3494, 'Xã Tân Hồng', 205),
(3495, 'Xã Bình Minh', 205),
(3496, 'Xã Hồng Khê', 205),
(3497, 'Xã Thái Học', 205),
(3498, 'Xã Cổ Bì', 205),
(3499, 'Xã Nhân Quyền', 205),
(3500, 'Xã Thái Dương', 205),
(3501, 'Xã Thái Hòa', 205),
(3502, 'Xã Bình Xuyên', 205),
(3503, 'Thị trấn Gia Lộc', 206),
(3504, 'Xã Thống Nhất', 206),
(3505, 'Xã Yết Kiêu', 206),
(3506, 'Xã Gia Tân', 206),
(3507, 'Xã Tân Tiến', 206),
(3508, 'Xã Gia Khánh', 206),
(3509, 'Xã Gia Lương', 206),
(3510, 'Xã Lê Lợi', 206),
(3511, 'Xã Toàn Thắng', 206),
(3512, 'Xã Hoàng Diệu', 206),
(3513, 'Xã Hồng Hưng', 206),
(3514, 'Xã Phạm Trấn', 206),
(3515, 'Xã Đoàn Thượng', 206),
(3516, 'Xã Thống Kênh', 206),
(3517, 'Xã Quang Minh', 206),
(3518, 'Xã Đồng Quang', 206),
(3519, 'Xã Nhật Tân', 206),
(3520, 'Xã Đức Xương', 206),
(3521, 'Thị trấn Tứ Kỳ', 207),
(3522, 'Xã Đại Sơn', 207),
(3523, 'Xã Hưng Đạo', 207),
(3524, 'Xã Ngọc Kỳ', 207),
(3525, 'Xã Bình Lăng', 207),
(3526, 'Xã Chí Minh', 207),
(3527, 'Xã Tái Sơn', 207),
(3528, 'Xã Quang Phục', 207),
(3529, 'Xã Dân Chủ', 207),
(3530, 'Xã Tân Kỳ', 207),
(3531, 'Xã Quang Khải', 207),
(3532, 'Xã Đại Hợp', 207),
(3533, 'Xã Quảng Nghiệp', 207),
(3534, 'Xã An Thanh', 207),
(3535, 'Xã Minh Đức', 207),
(3536, 'Xã Văn Tố', 207),
(3537, 'Xã Quang Trung', 207),
(3538, 'Xã Phượng Kỳ', 207),
(3539, 'Xã Cộng Lạc', 207),
(3540, 'Xã Tiên Động', 207),
(3541, 'Xã Nguyên Giáp', 207),
(3542, 'Xã Hà Kỳ', 207),
(3543, 'Xã Hà Thanh', 207),
(3544, 'Thị trấn Ninh Giang', 208),
(3545, 'Xã Ứng Hoè', 208),
(3546, 'Xã Nghĩa An', 208),
(3547, 'Xã Hồng Đức', 208),
(3548, 'Xã An Đức', 208),
(3549, 'Xã Vạn Phúc', 208),
(3550, 'Xã Tân Hương', 208),
(3551, 'Xã Vĩnh Hòa', 208),
(3552, 'Xã Đông Xuyên', 208),
(3553, 'Xã Tân Phong', 208),
(3554, 'Xã Ninh Hải', 208),
(3555, 'Xã Đồng Tâm', 208),
(3556, 'Xã Tân Quang', 208),
(3557, 'Xã Kiến Quốc', 208),
(3558, 'Xã Hồng Dụ', 208),
(3559, 'Xã Văn Hội', 208),
(3560, 'Xã Hồng Phong', 208),
(3561, 'Xã Hiệp Lực', 208),
(3562, 'Xã Hồng Phúc', 208),
(3563, 'Xã Hưng Long', 208),
(3564, 'Thị trấn Thanh Miện', 209),
(3565, 'Xã Thanh Tùng', 209),
(3566, 'Xã Phạm Kha', 209),
(3567, 'Xã Ngô Quyền', 209),
(3568, 'Xã Đoàn Tùng', 209),
(3569, 'Xã Hồng Quang', 209),
(3570, 'Xã Tân Trào', 209),
(3571, 'Xã Lam Sơn', 209),
(3572, 'Xã Đoàn Kết', 209),
(3573, 'Xã Lê Hồng', 209),
(3574, 'Xã Tứ Cường', 209),
(3575, 'Xã Ngũ Hùng', 209),
(3576, 'Xã Cao Thắng', 209),
(3577, 'Xã Chi Lăng Bắc', 209),
(3578, 'Xã Chi Lăng Nam', 209),
(3579, 'Xã Thanh Giang', 209),
(3580, 'Xã Hồng Phong', 209),
(3581, 'Phường Quán Toan', 210),
(3582, 'Phường Hùng Vương', 210),
(3583, 'Phường Sở Dầu', 210),
(3584, 'Phường Thượng Lý', 210),
(3585, 'Phường Hạ Lý', 210),
(3586, 'Phường Minh Khai', 210),
(3587, 'Phường Trại Chuối', 210),
(3588, 'Phường Hoàng Văn Thụ', 210),
(3589, 'Phường Phan Bội Châu', 210),
(3590, 'Phường Máy Chai', 211),
(3591, 'Phường Máy Tơ', 211),
(3592, 'Phường Vạn Mỹ', 211),
(3593, 'Phường Cầu Tre', 211),
(3594, 'Phường Lạc Viên', 211),
(3595, 'Phường Gia Viên', 211),
(3596, 'Phường Đông Khê', 211),
(3597, 'Phường Cầu Đất', 211),
(3598, 'Phường Lê Lợi', 211),
(3599, 'Phường Đằng Giang', 211),
(3600, 'Phường Lạch Tray', 211),
(3601, 'Phường Đổng Quốc Bình', 211),
(3602, 'Phường Cát Dài', 212),
(3603, 'Phường An Biên', 212),
(3604, 'Phường Lam Sơn', 212),
(3605, 'Phường An Dương', 212),
(3606, 'Phường Trần Nguyên Hãn', 212),
(3607, 'Phường Hồ Nam', 212),
(3608, 'Phường Trại Cau', 212),
(3609, 'Phường Dư Hàng', 212),
(3610, 'Phường Hàng Kênh', 212),
(3611, 'Phường Đông Hải', 212),
(3612, 'Phường Niệm Nghĩa', 212),
(3613, 'Phường Nghĩa Xá', 212),
(3614, 'Phường Dư Hàng Kênh', 212),
(3615, 'Phường Kênh Dương', 212),
(3616, 'Phường Vĩnh Niệm', 212),
(3617, 'Phường Đông Hải 1', 213),
(3618, 'Phường Đông Hải 2', 213),
(3619, 'Phường Đằng Lâm', 213),
(3620, 'Phường Thành Tô', 213),
(3621, 'Phường Đằng Hải', 213),
(3622, 'Phường Nam Hải', 213),
(3623, 'Phường Cát Bi', 213),
(3624, 'Phường Tràng Cát', 213),
(3625, 'Phường Quán Trữ', 214),
(3626, 'Phường Lãm Hà', 214),
(3627, 'Phường Đồng Hoà', 214),
(3628, 'Phường Bắc Sơn', 214),
(3629, 'Phường Nam Sơn', 214),
(3630, 'Phường Ngọc Sơn', 214),
(3631, 'Phường Trần Thành Ngọ', 214),
(3632, 'Phường Văn Đẩu', 214),
(3633, 'Phường Phù Liễn', 214),
(3634, 'Phường Tràng Minh', 214),
(3635, 'Phường Ngọc Xuyên', 215),
(3636, 'Phường Hải Sơn', 215),
(3637, 'Phường Vạn Hương', 215),
(3638, 'Phường Minh Đức', 215),
(3639, 'Phường Bàng La', 215),
(3640, 'Phường Hợp Đức', 215),
(3641, 'Phường Đa Phúc', 216),
(3642, 'Phường Hưng Đạo', 216),
(3643, 'Phường Anh Dũng', 216),
(3644, 'Phường Hải Thành', 216),
(3645, 'Phường Hoà Nghĩa', 216),
(3646, 'Phường Tân Thành', 216),
(3647, 'Thị trấn Núi Đèo', 217),
(3648, 'Thị trấn Minh Đức', 217),
(3649, 'Xã Lại Xuân', 217),
(3650, 'Xã An Sơn', 217),
(3651, 'Xã Kỳ Sơn', 217),
(3652, 'Xã Liên Khê', 217),
(3653, 'Xã Lưu Kiếm', 217),
(3654, 'Xã Lưu Kỳ', 217),
(3655, 'Xã Gia Minh', 217),
(3656, 'Xã Gia Đức', 217),
(3657, 'Xã Minh Tân', 217),
(3658, 'Xã Phù Ninh', 217),
(3659, 'Xã Quảng Thanh', 217),
(3660, 'Xã Chính Mỹ', 217),
(3661, 'Xã Kênh Giang', 217),
(3662, 'Xã Hợp Thành', 217),
(3663, 'Xã Cao Nhân', 217),
(3664, 'Xã Mỹ Đồng', 217),
(3665, 'Xã Đông Sơn', 217),
(3666, 'Xã Hoà Bình', 217),
(3667, 'Xã Trung Hà', 217),
(3668, 'Xã An Lư', 217),
(3669, 'Xã Thuỷ Triều', 217),
(3670, 'Xã Ngũ Lão', 217),
(3671, 'Xã Phục Lễ', 217),
(3672, 'Xã Tam Hưng', 217),
(3673, 'Xã Phả Lễ', 217),
(3674, 'Xã Lập Lễ', 217),
(3675, 'Xã Kiền Bái', 217),
(3676, 'Xã Thiên Hương', 217),
(3677, 'Xã Thuỷ Sơn', 217),
(3678, 'Xã Thuỷ Đường', 217),
(3679, 'Xã Hoàng Động', 217),
(3680, 'Xã Lâm Động', 217),
(3681, 'Xã Hoa Động', 217),
(3682, 'Xã Tân Dương', 217),
(3683, 'Xã Dương Quan', 217),
(3684, 'Thị trấn An Dương', 218),
(3685, 'Xã Lê Thiện', 218),
(3686, 'Xã Đại Bản', 218),
(3687, 'Xã An Hoà', 218),
(3688, 'Xã Hồng Phong', 218),
(3689, 'Xã Tân Tiến', 218),
(3690, 'Xã An Hưng', 218),
(3691, 'Xã An Hồng', 218),
(3692, 'Xã Bắc Sơn', 218),
(3693, 'Xã Nam Sơn', 218),
(3694, 'Xã Lê Lợi', 218),
(3695, 'Xã Đặng Cương', 218),
(3696, 'Xã Đồng Thái', 218),
(3697, 'Xã Quốc Tuấn', 218),
(3698, 'Xã An Đồng', 218),
(3699, 'Xã Hồng Thái', 218),
(3700, 'Thị trấn An Lão', 219),
(3701, 'Xã Bát Trang', 219),
(3702, 'Xã Trường Thọ', 219),
(3703, 'Xã Trường Thành', 219),
(3704, 'Xã An Tiến', 219),
(3705, 'Xã Quang Hưng', 219),
(3706, 'Xã Quang Trung', 219),
(3707, 'Xã Quốc Tuấn', 219),
(3708, 'Xã An Thắng', 219),
(3709, 'Thị trấn Trường Sơn', 219),
(3710, 'Xã Tân Dân', 219),
(3711, 'Xã Thái Sơn', 219),
(3712, 'Xã Tân Viên', 219),
(3713, 'Xã Mỹ Đức', 219),
(3714, 'Xã Chiến Thắng', 219),
(3715, 'Xã An Thọ', 219),
(3716, 'Xã An Thái', 219),
(3717, 'Thị trấn Núi Đối', 220),
(3718, 'Xã Đông Phương', 220),
(3719, 'Xã Thuận Thiên', 220),
(3720, 'Xã Hữu Bằng', 220),
(3721, 'Xã Đại Đồng', 220),
(3722, 'Xã Ngũ Phúc', 220),
(3723, 'Xã Kiến Quốc', 220),
(3724, 'Xã Du Lễ', 220),
(3725, 'Xã Thuỵ Hương', 220),
(3726, 'Xã Thanh Sơn', 220),
(3727, 'Xã Minh Tân', 220),
(3728, 'Xã Đại Hà', 220),
(3729, 'Xã Ngũ Đoan', 220),
(3730, 'Xã Tân Phong', 220),
(3731, 'Xã Tân Trào', 220),
(3732, 'Xã Đoàn Xá', 220),
(3733, 'Xã Tú Sơn', 220),
(3734, 'Xã Đại Hợp', 220),
(3735, 'Thị trấn Tiên Lãng', 221),
(3736, 'Xã Đại Thắng', 221),
(3737, 'Xã Tiên Cường', 221),
(3738, 'Xã Tự Cường', 221),
(3739, 'Xã Quyết Tiến', 221),
(3740, 'Xã Khởi Nghĩa', 221),
(3741, 'Xã Tiên Thanh', 221),
(3742, 'Xã Cấp Tiến', 221),
(3743, 'Xã Kiến Thiết', 221),
(3744, 'Xã Đoàn Lập', 221),
(3745, 'Xã Bạch Đằng', 221),
(3746, 'Xã Quang Phục', 221),
(3747, 'Xã Toàn Thắng', 221),
(3748, 'Xã Tiên Thắng', 221),
(3749, 'Xã Tiên Minh', 221),
(3750, 'Xã Bắc Hưng', 221),
(3751, 'Xã Nam Hưng', 221),
(3752, 'Xã Hùng Thắng', 221),
(3753, 'Xã Tây Hưng', 221),
(3754, 'Xã Đông Hưng', 221),
(3755, 'Xã Vinh Quang', 221),
(3756, 'Thị trấn Vĩnh Bảo', 222),
(3757, 'Xã Dũng Tiến', 222),
(3758, 'Xã Giang Biên', 222),
(3759, 'Xã Thắng Thuỷ', 222),
(3760, 'Xã Trung Lập', 222),
(3761, 'Xã Việt Tiến', 222),
(3762, 'Xã Vĩnh An', 222),
(3763, 'Xã Vĩnh Long', 222),
(3764, 'Xã Hiệp Hoà', 222),
(3765, 'Xã Hùng Tiến', 222);
INSERT INTO `wards` (`id`, `name`, `districts_id`) VALUES
(3766, 'Xã An Hoà', 222),
(3767, 'Xã Tân Hưng', 222),
(3768, 'Xã Tân Liên', 222),
(3769, 'Xã Nhân Hoà', 222),
(3770, 'Xã Tam Đa', 222),
(3771, 'Xã Hưng Nhân', 222),
(3772, 'Xã Vinh Quang', 222),
(3773, 'Xã Đồng Minh', 222),
(3774, 'Xã Thanh Lương', 222),
(3775, 'Xã Liên Am', 222),
(3776, 'Xã Lý Học', 222),
(3777, 'Xã Tam Cường', 222),
(3778, 'Xã Hoà Bình', 222),
(3779, 'Xã Tiền Phong', 222),
(3780, 'Xã Vĩnh Phong', 222),
(3781, 'Xã Cộng Hiền', 222),
(3782, 'Xã Cao Minh', 222),
(3783, 'Xã Cổ Am', 222),
(3784, 'Xã Vĩnh Tiến', 222),
(3785, 'Xã Trấn Dương', 222),
(3786, 'Thị trấn Cát Bà', 223),
(3787, 'Thị trấn Cát Hải', 223),
(3788, 'Xã Nghĩa Lộ', 223),
(3789, 'Xã Đồng Bài', 223),
(3790, 'Xã Hoàng Châu', 223),
(3791, 'Xã Văn Phong', 223),
(3792, 'Xã Phù Long', 223),
(3793, 'Xã Gia Luận', 223),
(3794, 'Xã Hiền Hào', 223),
(3795, 'Xã Trân Châu', 223),
(3796, 'Xã Việt Hải', 223),
(3797, 'Xã Xuân Đám', 223),
(3798, 'Phường Lam Sơn', 225),
(3799, 'Phường Hiến Nam', 225),
(3800, 'Phường An Tảo', 225),
(3801, 'Phường Lê Lợi', 225),
(3802, 'Phường Minh Khai', 225),
(3803, 'Phường Quang Trung', 225),
(3804, 'Phường Hồng Châu', 225),
(3805, 'Xã Trung Nghĩa', 225),
(3806, 'Xã Liên Phương', 225),
(3807, 'Xã Hồng Nam', 225),
(3808, 'Xã Quảng Châu', 225),
(3809, 'Xã Bảo Khê', 225),
(3810, 'Xã Phú Cường', 225),
(3811, 'Xã Hùng Cường', 225),
(3812, 'Xã Phương Chiểu', 225),
(3813, 'Xã Tân Hưng', 225),
(3814, 'Xã Hoàng Hanh', 225),
(3815, 'Thị trấn Như Quỳnh', 226),
(3816, 'Xã Lạc Đạo', 226),
(3817, 'Xã Chỉ Đạo', 226),
(3818, 'Xã Đại Đồng', 226),
(3819, 'Xã Việt Hưng', 226),
(3820, 'Xã Tân Quang', 226),
(3821, 'Xã Đình Dù', 226),
(3822, 'Xã Minh Hải', 226),
(3823, 'Xã Lương Tài', 226),
(3824, 'Xã Trưng Trắc', 226),
(3825, 'Xã Lạc Hồng', 226),
(3826, 'Thị trấn Văn Giang', 227),
(3827, 'Xã Xuân Quan', 227),
(3828, 'Xã Cửu Cao', 227),
(3829, 'Xã Phụng Công', 227),
(3830, 'Xã Nghĩa Trụ', 227),
(3831, 'Xã Long Hưng', 227),
(3832, 'Xã Vĩnh Khúc', 227),
(3833, 'Xã Liên Nghĩa', 227),
(3834, 'Xã Tân Tiến', 227),
(3835, 'Xã Thắng Lợi', 227),
(3836, 'Xã Mễ Sở', 227),
(3837, 'Thị trấn Yên Mỹ', 228),
(3838, 'Xã Giai Phạm', 228),
(3839, 'Xã Nghĩa Hiệp', 228),
(3840, 'Xã Đồng Than', 228),
(3841, 'Xã Ngọc Long', 228),
(3842, 'Xã Liêu Xá', 228),
(3843, 'Xã Hoàn Long', 228),
(3844, 'Xã Tân Lập', 228),
(3845, 'Xã Thanh Long', 228),
(3846, 'Xã Yên Phú', 228),
(3847, 'Xã Việt Cường', 228),
(3848, 'Xã Trung Hòa', 228),
(3849, 'Xã Yên Hòa', 228),
(3850, 'Xã Minh Châu', 228),
(3851, 'Xã Trung Hưng', 228),
(3852, 'Xã Lý Thường Kiệt', 228),
(3853, 'Xã Tân Việt', 228),
(3854, 'Phường Bần Yên Nhân', 229),
(3855, 'Phường Phan Đình Phùng', 229),
(3856, 'Xã Cẩm Xá', 229),
(3857, 'Xã Dương Quang', 229),
(3858, 'Xã Hòa Phong', 229),
(3859, 'Phường Nhân Hòa', 229),
(3860, 'Phường Dị Sử', 229),
(3861, 'Phường Bạch Sam', 229),
(3862, 'Phường Minh Đức', 229),
(3863, 'Phường Phùng Chí Kiên', 229),
(3864, 'Xã Xuân Dục', 229),
(3865, 'Xã Ngọc Lâm', 229),
(3866, 'Xã Hưng Long', 229),
(3867, 'Thị trấn Ân Thi', 230),
(3868, 'Xã Phù Ủng', 230),
(3869, 'Xã Bắc Sơn', 230),
(3870, 'Xã Bãi Sậy', 230),
(3871, 'Xã Đào Dương', 230),
(3872, 'Xã Tân Phúc', 230),
(3873, 'Xã Vân Du', 230),
(3874, 'Xã Quang Vinh', 230),
(3875, 'Xã Xuân Trúc', 230),
(3876, 'Xã Hoàng Hoa Thám', 230),
(3877, 'Xã Quảng Lãng', 230),
(3878, 'Xã Văn Nhuệ', 230),
(3879, 'Xã Đặng Lễ', 230),
(3880, 'Xã Cẩm Ninh', 230),
(3881, 'Xã Nguyễn Trãi', 230),
(3882, 'Xã Đa Lộc', 230),
(3883, 'Xã Hồ Tùng Mậu', 230),
(3884, 'Xã Tiền Phong', 230),
(3885, 'Xã Hồng Vân', 230),
(3886, 'Xã Hồng Quang', 230),
(3887, 'Xã Hạ Lễ', 230),
(3888, 'Thị trấn Khoái Châu', 231),
(3889, 'Xã Đông Tảo', 231),
(3890, 'Xã Bình Minh', 231),
(3891, 'Xã Dạ Trạch', 231),
(3892, 'Xã Hàm Tử', 231),
(3893, 'Xã Ông Đình', 231),
(3894, 'Xã Tân Dân', 231),
(3895, 'Xã Tứ Dân', 231),
(3896, 'Xã An Vĩ', 231),
(3897, 'Xã Đông Kết', 231),
(3898, 'Xã Bình Kiều', 231),
(3899, 'Xã Dân Tiến', 231),
(3900, 'Xã Đồng Tiến', 231),
(3901, 'Xã Hồng Tiến', 231),
(3902, 'Xã Tân Châu', 231),
(3903, 'Xã Liên Khê', 231),
(3904, 'Xã Phùng Hưng', 231),
(3905, 'Xã Việt Hòa', 231),
(3906, 'Xã Đông Ninh', 231),
(3907, 'Xã Đại Tập', 231),
(3908, 'Xã Chí Tân', 231),
(3909, 'Xã Đại Hưng', 231),
(3910, 'Xã Thuần Hưng', 231),
(3911, 'Xã Thành Công', 231),
(3912, 'Xã Nhuế Dương', 231),
(3913, 'Thị trấn Lương Bằng', 232),
(3914, 'Xã Nghĩa Dân', 232),
(3915, 'Xã Toàn Thắng', 232),
(3916, 'Xã Vĩnh Xá', 232),
(3917, 'Xã Phạm Ngũ Lão', 232),
(3918, 'Xã Thọ Vinh', 232),
(3919, 'Xã Đồng Thanh', 232),
(3920, 'Xã Song Mai', 232),
(3921, 'Xã Chính Nghĩa', 232),
(3922, 'Xã Nhân La', 232),
(3923, 'Xã Phú Thịnh', 232),
(3924, 'Xã Mai Động', 232),
(3925, 'Xã Đức Hợp', 232),
(3926, 'Xã Hùng An', 232),
(3927, 'Xã Ngọc Thanh', 232),
(3928, 'Xã Vũ Xá', 232),
(3929, 'Xã Hiệp Cường', 232),
(3930, 'Thị trấn Vương', 233),
(3931, 'Xã Hưng Đạo', 233),
(3932, 'Xã Ngô Quyền', 233),
(3933, 'Xã Nhật Tân', 233),
(3934, 'Xã Dị Chế', 233),
(3935, 'Xã Lệ Xá', 233),
(3936, 'Xã An Viên', 233),
(3937, 'Xã Đức Thắng', 233),
(3938, 'Xã Trung Dũng', 233),
(3939, 'Xã Hải Triều', 233),
(3940, 'Xã Thủ Sỹ', 233),
(3941, 'Xã Thiện Phiến', 233),
(3942, 'Xã Thụy Lôi', 233),
(3943, 'Xã Cương Chính', 233),
(3944, 'Xã Minh Phượng', 233),
(3945, 'Thị trấn Trần Cao', 234),
(3946, 'Xã Minh Tân', 234),
(3947, 'Xã Phan Sào Nam', 234),
(3948, 'Xã Quang Hưng', 234),
(3949, 'Xã Minh Hoàng', 234),
(3950, 'Xã Đoàn Đào', 234),
(3951, 'Xã Tống Phan', 234),
(3952, 'Xã Đình Cao', 234),
(3953, 'Xã Nhật Quang', 234),
(3954, 'Xã Tiền Tiến', 234),
(3955, 'Xã Tam Đa', 234),
(3956, 'Xã Minh Tiến', 234),
(3957, 'Xã Nguyên Hòa', 234),
(3958, 'Xã Tống Trân', 234),
(3959, 'Phường Lê Hồng Phong', 235),
(3960, 'Phường Bồ Xuyên', 235),
(3961, 'Phường Đề Thám', 235),
(3962, 'Phường Kỳ Bá', 235),
(3963, 'Phường Quang Trung', 235),
(3964, 'Phường Phú Khánh', 235),
(3965, 'Phường Tiền Phong', 235),
(3966, 'Phường Trần Hưng Đạo', 235),
(3967, 'Phường Trần Lãm', 235),
(3968, 'Xã Đông Hòa', 235),
(3969, 'Phường Hoàng Diệu', 235),
(3970, 'Xã Phú Xuân', 235),
(3971, 'Xã Vũ Phúc', 235),
(3972, 'Xã Vũ Chính', 235),
(3973, 'Xã Đông Mỹ', 235),
(3974, 'Xã Đông Thọ', 235),
(3975, 'Xã Vũ Đông', 235),
(3976, 'Xã Vũ Lạc', 235),
(3977, 'Xã Tân Bình', 235),
(3978, 'Thị trấn Quỳnh Côi', 236),
(3979, 'Xã An Khê', 236),
(3980, 'Xã An Đồng', 236),
(3981, 'Xã Quỳnh Hoa', 236),
(3982, 'Xã Quỳnh Lâm', 236),
(3983, 'Xã Quỳnh Thọ', 236),
(3984, 'Xã An Hiệp', 236),
(3985, 'Xã Quỳnh Hoàng', 236),
(3986, 'Xã Quỳnh Giao', 236),
(3987, 'Xã An Thái', 236),
(3988, 'Xã An Cầu', 236),
(3989, 'Xã Quỳnh Hồng', 236),
(3990, 'Xã Quỳnh Khê', 236),
(3991, 'Xã Quỳnh Minh', 236),
(3992, 'Xã An Ninh', 236),
(3993, 'Xã Quỳnh Ngọc', 236),
(3994, 'Xã Quỳnh Hải', 236),
(3995, 'Thị trấn An Bài', 236),
(3996, 'Xã An Ấp', 236),
(3997, 'Xã Quỳnh Hội', 236),
(3998, 'Xã Châu Sơn', 236),
(3999, 'Xã Quỳnh Mỹ', 236),
(4000, 'Xã An Quí', 236),
(4001, 'Xã An Thanh', 236),
(4002, 'Xã An Vũ', 236),
(4003, 'Xã An Lễ', 236),
(4004, 'Xã Quỳnh Hưng', 236),
(4005, 'Xã Quỳnh Bảo', 236),
(4006, 'Xã An Mỹ', 236),
(4007, 'Xã Quỳnh Nguyên', 236),
(4008, 'Xã An Vinh', 236),
(4009, 'Xã Quỳnh Xá', 236),
(4010, 'Xã An Dục', 236),
(4011, 'Xã Đông Hải', 236),
(4012, 'Xã Quỳnh Trang', 236),
(4013, 'Xã An Tràng', 236),
(4014, 'Xã Đồng Tiến', 236),
(4015, 'Thị trấn Hưng Hà', 237),
(4016, 'Xã Điệp Nông', 237),
(4017, 'Xã Tân Lễ', 237),
(4018, 'Xã Cộng Hòa', 237),
(4019, 'Xã Dân Chủ', 237),
(4020, 'Xã Canh Tân', 237),
(4021, 'Xã Hòa Tiến', 237),
(4022, 'Xã Hùng Dũng', 237),
(4023, 'Xã Tân Tiến', 237),
(4024, 'Thị trấn Hưng Nhân', 237),
(4025, 'Xã Đoan Hùng', 237),
(4026, 'Xã Duyên Hải', 237),
(4027, 'Xã Tân Hòa', 237),
(4028, 'Xã Văn Cẩm', 237),
(4029, 'Xã Bắc Sơn', 237),
(4030, 'Xã Đông Đô', 237),
(4031, 'Xã Phúc Khánh', 237),
(4032, 'Xã Liên Hiệp', 237),
(4033, 'Xã Tây Đô', 237),
(4034, 'Xã Thống Nhất', 237),
(4035, 'Xã Tiến Đức', 237),
(4036, 'Xã Thái Hưng', 237),
(4037, 'Xã Thái Phương', 237),
(4038, 'Xã Hòa Bình', 237),
(4039, 'Xã Chi Lăng', 237),
(4040, 'Xã Minh Khai', 237),
(4041, 'Xã Hồng An', 237),
(4042, 'Xã Kim Chung', 237),
(4043, 'Xã Hồng Lĩnh', 237),
(4044, 'Xã Minh Tân', 237),
(4045, 'Xã Văn Lang', 237),
(4046, 'Xã Độc Lập', 237),
(4047, 'Xã Chí Hòa', 237),
(4048, 'Xã Minh Hòa', 237),
(4049, 'Xã Hồng Minh', 237),
(4050, 'Thị trấn Đông Hưng', 238),
(4051, 'Xã Đô Lương', 238),
(4052, 'Xã Đông Phương', 238),
(4053, 'Xã Liên Giang', 238),
(4054, 'Xã An Châu', 238),
(4055, 'Xã Đông Sơn', 238),
(4056, 'Xã Đông Cường', 238),
(4057, 'Xã Phú Lương', 238),
(4058, 'Xã Mê Linh', 238),
(4059, 'Xã Lô Giang', 238),
(4060, 'Xã Đông La', 238),
(4061, 'Xã Minh Tân', 238),
(4062, 'Xã Đông Xá', 238),
(4063, 'Xã Chương Dương', 238),
(4064, 'Xã Nguyên Xá', 238),
(4065, 'Xã Phong Châu', 238),
(4066, 'Xã Hợp Tiến', 238),
(4067, 'Xã Hồng Việt', 238),
(4068, 'Xã Hà Giang', 238),
(4069, 'Xã Đông Kinh', 238),
(4070, 'Xã Đông Hợp', 238),
(4071, 'Xã Thăng Long', 238),
(4072, 'Xã Đông Các', 238),
(4073, 'Xã Phú Châu', 238),
(4074, 'Xã Liên Hoa', 238),
(4075, 'Xã Đông Tân', 238),
(4076, 'Xã Đông Vinh', 238),
(4077, 'Xã Đông Động', 238),
(4078, 'Xã Hồng Bạch', 238),
(4079, 'Xã Trọng Quan', 238),
(4080, 'Xã Hồng Giang', 238),
(4081, 'Xã Đông Quan', 238),
(4082, 'Xã Đông Quang', 238),
(4083, 'Xã Đông Xuân', 238),
(4084, 'Xã Đông Á', 238),
(4085, 'Xã Đông Hoàng', 238),
(4086, 'Xã Đông Dương', 238),
(4087, 'Xã Minh Phú', 238),
(4088, 'Thị trấn Diêm Điền', 239),
(4089, 'Xã Thụy Trường', 239),
(4090, 'Xã Hồng Dũng', 239),
(4091, 'Xã Thụy Quỳnh', 239),
(4092, 'Xã An Tân', 239),
(4093, 'Xã Thụy Ninh', 239),
(4094, 'Xã Thụy Hưng', 239),
(4095, 'Xã Thụy Việt', 239),
(4096, 'Xã Thụy Văn', 239),
(4097, 'Xã Thụy Xuân', 239),
(4098, 'Xã Dương Phúc', 239),
(4099, 'Xã Thụy Trình', 239),
(4100, 'Xã Thụy Bình', 239),
(4101, 'Xã Thụy Chính', 239),
(4102, 'Xã Thụy Dân', 239),
(4103, 'Xã Thụy Hải', 239),
(4104, 'Xã Thụy Liên', 239),
(4105, 'Xã Thụy Duyên', 239),
(4106, 'Xã Thụy Thanh', 239),
(4107, 'Xã Thụy Sơn', 239),
(4108, 'Xã Thụy Phong', 239),
(4109, 'Xã Thái Thượng', 239),
(4110, 'Xã Thái Nguyên', 239),
(4111, 'Xã Dương Hồng Thủy', 239),
(4112, 'Xã Thái Giang', 239),
(4113, 'Xã Hòa An', 239),
(4114, 'Xã Sơn Hà', 239),
(4115, 'Xã Thái Phúc', 239),
(4116, 'Xã Thái Hưng', 239),
(4117, 'Xã Thái Đô', 239),
(4118, 'Xã Thái Xuyên', 239),
(4119, 'Xã Mỹ Lộc', 239),
(4120, 'Xã Tân Học', 239),
(4121, 'Xã Thái Thịnh', 239),
(4122, 'Xã Thuần Thành', 239),
(4123, 'Xã Thái Thọ', 239),
(4124, 'Thị trấn Tiền Hải', 240),
(4125, 'Xã Đông Trà', 240),
(4126, 'Xã Đông Long', 240),
(4127, 'Xã Đông Quí', 240),
(4128, 'Xã Vũ Lăng', 240),
(4129, 'Xã Đông Xuyên', 240),
(4130, 'Xã Tây Lương', 240),
(4131, 'Xã Tây Ninh', 240),
(4132, 'Xã Đông Trung', 240),
(4133, 'Xã Đông Hoàng', 240),
(4134, 'Xã Đông Minh', 240),
(4135, 'Xã Đông Phong', 240),
(4136, 'Xã An Ninh', 240),
(4137, 'Xã Đông Cơ', 240),
(4138, 'Xã Tây Giang', 240),
(4139, 'Xã Đông Lâm', 240),
(4140, 'Xã Phương Công', 240),
(4141, 'Xã Tây Phong', 240),
(4142, 'Xã Tây Tiến', 240),
(4143, 'Xã Nam Cường', 240),
(4144, 'Xã Vân Trường', 240),
(4145, 'Xã Nam Thắng', 240),
(4146, 'Xã Nam Chính', 240),
(4147, 'Xã Bắc Hải', 240),
(4148, 'Xã Nam Thịnh', 240),
(4149, 'Xã Nam Hà', 240),
(4150, 'Xã Nam Thanh', 240),
(4151, 'Xã Nam Trung', 240),
(4152, 'Xã Nam Hồng', 240),
(4153, 'Xã Nam Hưng', 240),
(4154, 'Xã Nam Hải', 240),
(4155, 'Xã Nam Phú', 240),
(4156, 'Thị trấn Kiến Xương', 241),
(4157, 'Xã Trà Giang', 241),
(4158, 'Xã Quốc Tuấn', 241),
(4159, 'Xã An Bình', 241),
(4160, 'Xã Tây Sơn', 241),
(4161, 'Xã Hồng Thái', 241),
(4162, 'Xã Bình Nguyên', 241),
(4163, 'Xã Lê Lợi', 241),
(4164, 'Xã Vũ Lễ', 241),
(4165, 'Xã Thanh Tân', 241),
(4166, 'Xã Thượng Hiền', 241),
(4167, 'Xã Nam Cao', 241),
(4168, 'Xã Đình Phùng', 241),
(4169, 'Xã Vũ Ninh', 241),
(4170, 'Xã Vũ An', 241),
(4171, 'Xã Quang Lịch', 241),
(4172, 'Xã Hòa Bình', 241),
(4173, 'Xã Bình Minh', 241),
(4174, 'Xã Vũ Quí', 241),
(4175, 'Xã Quang Bình', 241),
(4176, 'Xã Vũ Trung', 241),
(4177, 'Xã Vũ Thắng', 241),
(4178, 'Xã Vũ Công', 241),
(4179, 'Xã Vũ Hòa', 241),
(4180, 'Xã Quang Minh', 241),
(4181, 'Xã Quang Trung', 241),
(4182, 'Xã Minh Quang', 241),
(4183, 'Xã Vũ Bình', 241),
(4184, 'Xã Minh Tân', 241),
(4185, 'Xã Nam Bình', 241),
(4186, 'Xã Bình Thanh', 241),
(4187, 'Xã Bình Định', 241),
(4188, 'Xã Hồng Tiến', 241),
(4189, 'Thị trấn Vũ Thư', 242),
(4190, 'Xã Hồng Lý', 242),
(4191, 'Xã Đồng Thanh', 242),
(4192, 'Xã Xuân Hòa', 242),
(4193, 'Xã Hiệp Hòa', 242),
(4194, 'Xã Phúc Thành', 242),
(4195, 'Xã Tân Phong', 242),
(4196, 'Xã Song Lãng', 242),
(4197, 'Xã Tân Hòa', 242),
(4198, 'Xã Việt Hùng', 242),
(4199, 'Xã Minh Lãng', 242),
(4200, 'Xã Minh Khai', 242),
(4201, 'Xã Dũng Nghĩa', 242),
(4202, 'Xã Minh Quang', 242),
(4203, 'Xã Tam Quang', 242),
(4204, 'Xã Tân Lập', 242),
(4205, 'Xã Bách Thuận', 242),
(4206, 'Xã Tự Tân', 242),
(4207, 'Xã Song An', 242),
(4208, 'Xã Trung An', 242),
(4209, 'Xã Vũ Hội', 242),
(4210, 'Xã Hòa Bình', 242),
(4211, 'Xã Nguyên Xá', 242),
(4212, 'Xã Việt Thuận', 242),
(4213, 'Xã Vũ Vinh', 242),
(4214, 'Xã Vũ Đoài', 242),
(4215, 'Xã Vũ Tiến', 242),
(4216, 'Xã Vũ Vân', 242),
(4217, 'Xã Duy Nhất', 242),
(4218, 'Xã Hồng Phong', 242),
(4219, 'Phường Quang Trung', 243),
(4220, 'Phường Lương Khánh Thiện', 243),
(4221, 'Phường Lê Hồng Phong', 243),
(4222, 'Phường Minh Khai', 243),
(4223, 'Phường Hai Bà Trưng', 243),
(4224, 'Phường Trần Hưng Đạo', 243),
(4225, 'Phường Lam Hạ', 243),
(4226, 'Xã Phù Vân', 243),
(4227, 'Phường Liêm Chính', 243),
(4228, 'Xã Liêm Chung', 243),
(4229, 'Phường Thanh Châu', 243),
(4230, 'Phường Châu Sơn', 243),
(4231, 'Xã Tiên Tân', 243),
(4232, 'Xã Tiên Hiệp', 243),
(4233, 'Xã Tiên Hải', 243),
(4234, 'Xã Kim Bình', 243),
(4235, 'Xã Liêm Tuyền', 243),
(4236, 'Xã Liêm Tiết', 243),
(4237, 'Phường Thanh Tuyền', 243),
(4238, 'Xã Đinh Xá', 243),
(4239, 'Xã Trịnh Xá', 243),
(4240, 'Phường Đồng Văn', 244),
(4241, 'Phường Hòa Mạc', 244),
(4242, 'Xã Mộc Bắc', 244),
(4243, 'Phường Châu Giang', 244),
(4244, 'Phường Bạch Thượng', 244),
(4245, 'Phường Duy Minh', 244),
(4246, 'Xã Mộc Nam', 244),
(4247, 'Phường Duy Hải', 244),
(4248, 'Xã Chuyên Ngoại', 244),
(4249, 'Phường Yên Bắc', 244),
(4250, 'Xã Trác Văn', 244),
(4251, 'Phường Tiên Nội', 244),
(4252, 'Phường Hoàng Đông', 244),
(4253, 'Xã Yên Nam', 244),
(4254, 'Xã Tiên Ngoại', 244),
(4255, 'Xã Tiên Sơn', 244),
(4256, 'Thị trấn Quế', 245),
(4257, 'Xã Nguyễn Úy', 245),
(4258, 'Xã Đại Cương', 245),
(4259, 'Xã Lê Hồ', 245),
(4260, 'Xã Tượng Lĩnh', 245),
(4261, 'Xã Nhật Tựu', 245),
(4262, 'Xã Nhật Tân', 245),
(4263, 'Xã Đồng Hóa', 245),
(4264, 'Xã Hoàng Tây', 245),
(4265, 'Xã Tân Sơn', 245),
(4266, 'Xã Thụy Lôi', 245),
(4267, 'Xã Văn Xá', 245),
(4268, 'Xã Khả Phong', 245),
(4269, 'Xã Ngọc Sơn', 245),
(4270, 'Thị trấn Ba Sao', 245),
(4271, 'Xã Liên Sơn', 245),
(4272, 'Xã Thi Sơn', 245),
(4273, 'Xã Thanh Sơn', 245),
(4274, 'Thị trấn Kiện Khê', 246),
(4275, 'Xã Liêm Phong', 246),
(4276, 'Xã Thanh Hà', 246),
(4277, 'Xã Liêm Cần', 246),
(4278, 'Xã Liêm Thuận', 246),
(4279, 'Xã Thanh Thủy', 246),
(4280, 'Xã Thanh Phong', 246),
(4281, 'Thị trấn Tân Thanh', 246),
(4282, 'Xã Thanh Tân', 246),
(4283, 'Xã Liêm Túc', 246),
(4284, 'Xã Liêm Sơn', 246),
(4285, 'Xã Thanh Hương', 246),
(4286, 'Xã Thanh Nghị', 246),
(4287, 'Xã Thanh Tâm', 246),
(4288, 'Xã Thanh Nguyên', 246),
(4289, 'Xã Thanh Hải', 246),
(4290, 'Thị trấn Bình Mỹ', 247),
(4291, 'Xã Bình Nghĩa', 247),
(4292, 'Xã Tràng An', 247),
(4293, 'Xã Đồng Du', 247),
(4294, 'Xã Ngọc Lũ', 247),
(4295, 'Xã Hưng Công', 247),
(4296, 'Xã Đồn Xá', 247),
(4297, 'Xã An Ninh', 247),
(4298, 'Xã Bồ Đề', 247),
(4299, 'Xã Bối Cầu', 247),
(4300, 'Xã An Nội', 247),
(4301, 'Xã Vũ Bản', 247),
(4302, 'Xã Trung Lương', 247),
(4303, 'Xã An Đổ', 247),
(4304, 'Xã La Sơn', 247),
(4305, 'Xã Tiêu Động', 247),
(4306, 'Xã An Lão', 247),
(4307, 'Xã Hợp Lý', 248),
(4308, 'Xã Nguyên Lý', 248),
(4309, 'Xã Chính Lý', 248),
(4310, 'Xã Chân Lý', 248),
(4311, 'Xã Đạo Lý', 248),
(4312, 'Xã Công Lý', 248),
(4313, 'Xã Văn Lý', 248),
(4314, 'Xã Bắc Lý', 248),
(4315, 'Xã Đức Lý', 248),
(4316, 'Xã Trần Hưng Đạo', 248),
(4317, 'Thị trấn Vĩnh Trụ', 248),
(4318, 'Xã Nhân Thịnh', 248),
(4319, 'Xã Nhân Khang', 248),
(4320, 'Xã Nhân Mỹ', 248),
(4321, 'Xã Nhân Nghĩa', 248),
(4322, 'Xã Nhân Chính', 248),
(4323, 'Xã Nhân Bình', 248),
(4324, 'Xã Phú Phúc', 248),
(4325, 'Xã Xuân Khê', 248),
(4326, 'Xã Tiến Thắng', 248),
(4327, 'Xã Hòa Hậu', 248),
(4328, 'Phường Hạ Long', 249),
(4329, 'Phường Trần Tế Xương', 249),
(4330, 'Phường Vị Hoàng', 249),
(4331, 'Phường Vị Xuyên', 249),
(4332, 'Phường Quang Trung', 249),
(4333, 'Phường Cửa Bắc', 249),
(4334, 'Phường Nguyễn Du', 249),
(4335, 'Phường Bà Triệu', 249),
(4336, 'Phường Trường Thi', 249),
(4337, 'Phường Phan Đình Phùng', 249),
(4338, 'Phường Ngô Quyền', 249),
(4339, 'Phường Trần Hưng Đạo', 249),
(4340, 'Phường Trần Đăng Ninh', 249),
(4341, 'Phường Năng Tĩnh', 249),
(4342, 'Phường Văn Miếu', 249),
(4343, 'Phường Trần Quang Khải', 249),
(4344, 'Phường Thống Nhất', 249),
(4345, 'Phường Lộc Hạ', 249),
(4346, 'Phường Lộc Vượng', 249),
(4347, 'Phường Cửa Nam', 249),
(4348, 'Phường Lộc Hòa', 249),
(4349, 'Xã Nam Phong', 249),
(4350, 'Phường Mỹ Xá', 249),
(4351, 'Xã Lộc An', 249),
(4352, 'Xã Nam Vân', 249),
(4353, 'Thị trấn Mỹ Lộc', 250),
(4354, 'Xã Mỹ Hà', 250),
(4355, 'Xã Mỹ Tiến', 250),
(4356, 'Xã Mỹ Thắng', 250),
(4357, 'Xã Mỹ Trung', 250),
(4358, 'Xã Mỹ Tân', 250),
(4359, 'Xã Mỹ Phúc', 250),
(4360, 'Xã Mỹ Hưng', 250),
(4361, 'Xã Mỹ Thuận', 250),
(4362, 'Xã Mỹ Thịnh', 250),
(4363, 'Xã Mỹ Thành', 250),
(4364, 'Thị trấn Gôi', 251),
(4365, 'Xã Minh Thuận', 251),
(4366, 'Xã Hiển Khánh', 251),
(4367, 'Xã Tân Khánh', 251),
(4368, 'Xã Hợp Hưng', 251),
(4369, 'Xã Đại An', 251),
(4370, 'Xã Tân Thành', 251),
(4371, 'Xã Cộng Hòa', 251),
(4372, 'Xã Trung Thành', 251),
(4373, 'Xã Quang Trung', 251),
(4374, 'Xã Minh Tân', 251),
(4375, 'Xã Liên Bảo', 251),
(4376, 'Xã Thành Lợi', 251),
(4377, 'Xã Kim Thái', 251),
(4378, 'Xã Liên Minh', 251),
(4379, 'Xã Đại Thắng', 251),
(4380, 'Xã Tam Thanh', 251),
(4381, 'Xã Vĩnh Hào', 251),
(4382, 'Thị trấn Lâm', 252),
(4383, 'Xã Yên Trung', 252),
(4384, 'Xã Yên Thành', 252),
(4385, 'Xã Yên Tân', 252),
(4386, 'Xã Yên Lợi', 252),
(4387, 'Xã Yên Thọ', 252),
(4388, 'Xã Yên Nghĩa', 252),
(4389, 'Xã Yên Minh', 252),
(4390, 'Xã Yên Phương', 252),
(4391, 'Xã Yên Chính', 252),
(4392, 'Xã Yên Bình', 252),
(4393, 'Xã Yên Phú', 252),
(4394, 'Xã Yên Mỹ', 252),
(4395, 'Xã Yên Dương', 252),
(4396, 'Xã Yên Hưng', 252),
(4397, 'Xã Yên Khánh', 252),
(4398, 'Xã Yên Phong', 252),
(4399, 'Xã Yên Ninh', 252),
(4400, 'Xã Yên Lương', 252),
(4401, 'Xã Yên Hồng', 252),
(4402, 'Xã Yên Quang', 252),
(4403, 'Xã Yên Tiến', 252),
(4404, 'Xã Yên Thắng', 252),
(4405, 'Xã Yên Phúc', 252),
(4406, 'Xã Yên Cường', 252),
(4407, 'Xã Yên Lộc', 252),
(4408, 'Xã Yên Bằng', 252),
(4409, 'Xã Yên Đồng', 252),
(4410, 'Xã Yên Khang', 252),
(4411, 'Xã Yên Nhân', 252),
(4412, 'Xã Yên Trị', 252),
(4413, 'Thị trấn Liễu Đề', 253),
(4414, 'Thị trấn Rạng Đông', 253),
(4415, 'Xã Nghĩa Đồng', 253),
(4416, 'Xã Nghĩa Thịnh', 253),
(4417, 'Xã Nghĩa Minh', 253),
(4418, 'Xã Nghĩa Thái', 253),
(4419, 'Xã Hoàng Nam', 253),
(4420, 'Xã Nghĩa Châu', 253),
(4421, 'Xã Nghĩa Trung', 253),
(4422, 'Xã Nghĩa Sơn', 253),
(4423, 'Xã Nghĩa Lạc', 253),
(4424, 'Xã Nghĩa Hồng', 253),
(4425, 'Xã Nghĩa Phong', 253),
(4426, 'Xã Nghĩa Phú', 253),
(4427, 'Xã Nghĩa Bình', 253),
(4428, 'Thị trấn Quỹ Nhất', 253),
(4429, 'Xã Nghĩa Tân', 253),
(4430, 'Xã Nghĩa Hùng', 253),
(4431, 'Xã Nghĩa Lâm', 253),
(4432, 'Xã Nghĩa Thành', 253),
(4433, 'Xã Phúc Thắng', 253),
(4434, 'Xã Nghĩa Lợi', 253),
(4435, 'Xã Nghĩa Hải', 253),
(4436, 'Xã Nam Điền', 253),
(4437, 'Thị trấn Nam Giang', 254),
(4438, 'Xã Nam Mỹ', 254),
(4439, 'Xã Điền Xá', 254),
(4440, 'Xã Nghĩa An', 254),
(4441, 'Xã Nam Thắng', 254),
(4442, 'Xã Nam Toàn', 254),
(4443, 'Xã Hồng Quang', 254),
(4444, 'Xã Tân Thịnh', 254),
(4445, 'Xã Nam Cường', 254),
(4446, 'Xã Nam Hồng', 254),
(4447, 'Xã Nam Hùng', 254),
(4448, 'Xã Nam Hoa', 254),
(4449, 'Xã Nam Dương', 254),
(4450, 'Xã Nam Thanh', 254),
(4451, 'Xã Nam Lợi', 254),
(4452, 'Xã Bình Minh', 254),
(4453, 'Xã Đồng Sơn', 254),
(4454, 'Xã Nam Tiến', 254),
(4455, 'Xã Nam Hải', 254),
(4456, 'Xã Nam Thái', 254),
(4457, 'Thị trấn Cổ Lễ', 255),
(4458, 'Xã Phương Định', 255),
(4459, 'Xã Trực Chính', 255),
(4460, 'Xã Trung Đông', 255),
(4461, 'Xã Liêm Hải', 255),
(4462, 'Xã Trực Tuấn', 255),
(4463, 'Xã Việt Hùng', 255),
(4464, 'Xã Trực Đạo', 255),
(4465, 'Xã Trực Hưng', 255),
(4466, 'Xã Trực Nội', 255),
(4467, 'Thị trấn Cát Thành', 255),
(4468, 'Xã Trực Thanh', 255),
(4469, 'Xã Trực Khang', 255),
(4470, 'Xã Trực Thuận', 255),
(4471, 'Xã Trực Mỹ', 255),
(4472, 'Xã Trực Đại', 255),
(4473, 'Xã Trực Cường', 255),
(4474, 'Thị trấn Ninh Cường', 255),
(4475, 'Xã Trực Thái', 255),
(4476, 'Xã Trực Hùng', 255),
(4477, 'Xã Trực Thắng', 255),
(4478, 'Thị trấn Xuân Trường', 256),
(4479, 'Xã Xuân Châu', 256),
(4480, 'Xã Xuân Hồng', 256),
(4481, 'Xã Xuân Thành', 256),
(4482, 'Xã Xuân Thượng', 256),
(4483, 'Xã Xuân Phong', 256),
(4484, 'Xã Xuân Đài', 256),
(4485, 'Xã Xuân Tân', 256),
(4486, 'Xã Xuân Thủy', 256),
(4487, 'Xã Xuân Ngọc', 256),
(4488, 'Xã Xuân Bắc', 256),
(4489, 'Xã Xuân Phương', 256),
(4490, 'Xã Thọ Nghiệp', 256),
(4491, 'Xã Xuân Phú', 256),
(4492, 'Xã Xuân Trung', 256),
(4493, 'Xã Xuân Vinh', 256),
(4494, 'Xã Xuân Kiên', 256),
(4495, 'Xã Xuân Tiến', 256),
(4496, 'Xã Xuân Ninh', 256),
(4497, 'Xã Xuân Hòa', 256),
(4498, 'Thị trấn Ngô Đồng', 257),
(4499, 'Thị trấn Quất Lâm', 257),
(4500, 'Xã Giao Hương', 257),
(4501, 'Xã Hồng Thuận', 257),
(4502, 'Xã Giao Thiện', 257),
(4503, 'Xã Giao Thanh', 257),
(4504, 'Xã Hoành Sơn', 257),
(4505, 'Xã Bình Hòa', 257),
(4506, 'Xã Giao Tiến', 257),
(4507, 'Xã Giao Hà', 257),
(4508, 'Xã Giao Nhân', 257),
(4509, 'Xã Giao An', 257),
(4510, 'Xã Giao Lạc', 257),
(4511, 'Xã Giao Châu', 257),
(4512, 'Xã Giao Tân', 257),
(4513, 'Xã Giao Yến', 257),
(4514, 'Xã Giao Xuân', 257),
(4515, 'Xã Giao Thịnh', 257),
(4516, 'Xã Giao Hải', 257),
(4517, 'Xã Bạch Long', 257),
(4518, 'Xã Giao Long', 257),
(4519, 'Xã Giao Phong', 257),
(4520, 'Thị trấn Yên Định', 258),
(4521, 'Thị trấn Cồn', 258),
(4522, 'Thị trấn Thịnh Long', 258),
(4523, 'Xã Hải Nam', 258),
(4524, 'Xã Hải Trung', 258),
(4525, 'Xã Hải Vân', 258),
(4526, 'Xã Hải Minh', 258),
(4527, 'Xã Hải Anh', 258),
(4528, 'Xã Hải Hưng', 258),
(4529, 'Xã Hải Bắc', 258),
(4530, 'Xã Hải Phúc', 258),
(4531, 'Xã Hải Thanh', 258),
(4532, 'Xã Hải Hà', 258),
(4533, 'Xã Hải Long', 258),
(4534, 'Xã Hải Phương', 258),
(4535, 'Xã Hải Đường', 258),
(4536, 'Xã Hải Lộc', 258),
(4537, 'Xã Hải Quang', 258),
(4538, 'Xã Hải Đông', 258),
(4539, 'Xã Hải Sơn', 258),
(4540, 'Xã Hải Tân', 258),
(4541, 'Xã Hải Phong', 258),
(4542, 'Xã Hải An', 258),
(4543, 'Xã Hải Tây', 258),
(4544, 'Xã Hải Lý', 258),
(4545, 'Xã Hải Phú', 258),
(4546, 'Xã Hải Giang', 258),
(4547, 'Xã Hải Cường', 258),
(4548, 'Xã Hải Ninh', 258),
(4549, 'Xã Hải Chính', 258),
(4550, 'Xã Hải Xuân', 258),
(4551, 'Xã Hải Châu', 258),
(4552, 'Xã Hải Triều', 258),
(4553, 'Xã Hải Hòa', 258),
(4554, 'Phường Đông Thành', 259),
(4555, 'Phường Tân Thành', 259),
(4556, 'Phường Thanh Bình', 259),
(4557, 'Phường Vân Giang', 259),
(4558, 'Phường Bích Đào', 259),
(4559, 'Phường Phúc Thành', 259),
(4560, 'Phường Nam Bình', 259),
(4561, 'Phường Nam Thành', 259),
(4562, 'Phường Ninh Khánh', 259),
(4563, 'Xã Ninh Nhất', 259),
(4564, 'Xã Ninh Tiến', 259),
(4565, 'Xã Ninh Phúc', 259),
(4566, 'Phường Ninh Sơn', 259),
(4567, 'Phường Ninh Phong', 259),
(4568, 'Phường Bắc Sơn', 260),
(4569, 'Phường Trung Sơn', 260),
(4570, 'Phường Nam Sơn', 260),
(4571, 'Phường Tây Sơn', 260),
(4572, 'Xã Yên Sơn', 260),
(4573, 'Phường Yên Bình', 260),
(4574, 'Phường Tân Bình', 260),
(4575, 'Xã Quang Sơn', 260),
(4576, 'Xã Đông Sơn', 260),
(4577, 'Thị trấn Nho Quan', 261),
(4578, 'Xã Xích Thổ', 261),
(4579, 'Xã Gia Lâm', 261),
(4580, 'Xã Gia Sơn', 261),
(4581, 'Xã Thạch Bình', 261),
(4582, 'Xã Gia Thủy', 261),
(4583, 'Xã Gia Tường', 261),
(4584, 'Xã Cúc Phương', 261),
(4585, 'Xã Phú Sơn', 261),
(4586, 'Xã Đức Long', 261),
(4587, 'Xã Lạc Vân', 261),
(4588, 'Xã Đồng Phong', 261),
(4589, 'Xã Yên Quang', 261),
(4590, 'Xã Lạng Phong', 261),
(4591, 'Xã Thượng Hòa', 261),
(4592, 'Xã Văn Phong', 261),
(4593, 'Xã Văn Phương', 261),
(4594, 'Xã Thanh Lạc', 261),
(4595, 'Xã Sơn Lai', 261),
(4596, 'Xã Sơn Thành', 261),
(4597, 'Xã Văn Phú', 261),
(4598, 'Xã Phú Lộc', 261),
(4599, 'Xã Kỳ Phú', 261),
(4600, 'Xã Quỳnh Lưu', 261),
(4601, 'Xã Sơn Hà', 261),
(4602, 'Xã Phú Long', 261),
(4603, 'Xã Quảng Lạc', 261),
(4604, 'Thị trấn Me', 262),
(4605, 'Xã Gia Hòa', 262),
(4606, 'Xã Gia Hưng', 262),
(4607, 'Xã Liên Sơn', 262),
(4608, 'Xã Gia Thanh', 262),
(4609, 'Xã Gia Vân', 262),
(4610, 'Xã Gia Phú', 262),
(4611, 'Xã Gia Xuân', 262),
(4612, 'Xã Gia Lập', 262),
(4613, 'Xã Gia Vượng', 262),
(4614, 'Xã Gia Trấn', 262),
(4615, 'Xã Gia Thịnh', 262),
(4616, 'Xã Gia Phương', 262),
(4617, 'Xã Gia Tân', 262),
(4618, 'Xã Gia Thắng', 262),
(4619, 'Xã Gia Trung', 262),
(4620, 'Xã Gia Minh', 262),
(4621, 'Xã Gia Lạc', 262),
(4622, 'Xã Gia Tiến', 262),
(4623, 'Xã Gia Sinh', 262),
(4624, 'Xã Gia Phong', 262),
(4625, 'Thị trấn Thiên Tôn', 263),
(4626, 'Xã Ninh Giang', 263),
(4627, 'Xã Trường Yên', 263),
(4628, 'Xã Ninh Khang', 263),
(4629, 'Xã Ninh Mỹ', 263),
(4630, 'Xã Ninh Hòa', 263),
(4631, 'Xã Ninh Xuân', 263),
(4632, 'Xã Ninh Hải', 263),
(4633, 'Xã Ninh Thắng', 263),
(4634, 'Xã Ninh Vân', 263),
(4635, 'Xã Ninh An', 263),
(4636, 'Thị trấn Yên Ninh', 264),
(4637, 'Xã Khánh Tiên', 264),
(4638, 'Xã Khánh Phú', 264),
(4639, 'Xã Khánh Hòa', 264),
(4640, 'Xã Khánh Lợi', 264),
(4641, 'Xã Khánh An', 264),
(4642, 'Xã Khánh Cường', 264),
(4643, 'Xã Khánh Cư', 264),
(4644, 'Xã Khánh Thiện', 264),
(4645, 'Xã Khánh Hải', 264),
(4646, 'Xã Khánh Trung', 264),
(4647, 'Xã Khánh Mậu', 264),
(4648, 'Xã Khánh Vân', 264),
(4649, 'Xã Khánh Hội', 264),
(4650, 'Xã Khánh Công', 264),
(4651, 'Xã Khánh Thành', 264),
(4652, 'Xã Khánh Nhạc', 264),
(4653, 'Xã Khánh Thủy', 264),
(4654, 'Xã Khánh Hồng', 264),
(4655, 'Thị trấn Phát Diệm', 265),
(4656, 'Thị trấn Bình Minh', 265),
(4657, 'Xã Hồi Ninh', 265),
(4658, 'Xã Xuân Chính', 265),
(4659, 'Xã Kim Định', 265),
(4660, 'Xã Ân Hòa', 265),
(4661, 'Xã Hùng Tiến', 265),
(4662, 'Xã Quang Thiện', 265),
(4663, 'Xã Như Hòa', 265),
(4664, 'Xã Chất Bình', 265),
(4665, 'Xã Đồng Hướng', 265),
(4666, 'Xã Kim Chính', 265),
(4667, 'Xã Thượng Kiệm', 265),
(4668, 'Xã Lưu Phương', 265),
(4669, 'Xã Tân Thành', 265),
(4670, 'Xã Yên Lộc', 265),
(4671, 'Xã Lai Thành', 265),
(4672, 'Xã Định Hóa', 265),
(4673, 'Xã Văn Hải', 265),
(4674, 'Xã Kim Tân', 265),
(4675, 'Xã Kim Mỹ', 265),
(4676, 'Xã Cồn Thoi', 265),
(4677, 'Xã Kim Hải', 265),
(4678, 'Xã Kim Trung', 265),
(4679, 'Xã Kim Đông', 265),
(4680, 'Thị trấn Yên Thịnh', 266),
(4681, 'Xã Khánh Thượng', 266),
(4682, 'Xã Khánh Dương', 266),
(4683, 'Xã Mai Sơn', 266),
(4684, 'Xã Khánh Thịnh', 266),
(4685, 'Xã Yên Phong', 266),
(4686, 'Xã Yên Hòa', 266),
(4687, 'Xã Yên Thắng', 266),
(4688, 'Xã Yên Từ', 266),
(4689, 'Xã Yên Hưng', 266),
(4690, 'Xã Yên Thành', 266),
(4691, 'Xã Yên Nhân', 266),
(4692, 'Xã Yên Mỹ', 266),
(4693, 'Xã Yên Mạc', 266),
(4694, 'Xã Yên Đồng', 266),
(4695, 'Xã Yên Thái', 266),
(4696, 'Xã Yên Lâm', 266),
(4697, 'Phường Hàm Rồng', 267),
(4698, 'Phường Đông Thọ', 267),
(4699, 'Phường Nam Ngạn', 267),
(4700, 'Phường Trường Thi', 267),
(4701, 'Phường Điện Biên', 267),
(4702, 'Phường Phú Sơn', 267),
(4703, 'Phường Lam Sơn', 267),
(4704, 'Phường Ba Đình', 267),
(4705, 'Phường Ngọc Trạo', 267),
(4706, 'Phường Đông Vệ', 267),
(4707, 'Phường Đông Sơn', 267),
(4708, 'Phường Tân Sơn', 267),
(4709, 'Phường Đông Cương', 267),
(4710, 'Phường Đông Hương', 267),
(4711, 'Phường Đông Hải', 267),
(4712, 'Phường Quảng Hưng', 267),
(4713, 'Phường Quảng Thắng', 267),
(4714, 'Phường Quảng Thành', 267),
(4715, 'Xã Thiệu Vân', 267),
(4716, 'Phường Thiệu Khánh', 267),
(4717, 'Phường Thiệu Dương', 267),
(4718, 'Phường Tào Xuyên', 267),
(4719, 'Phường Long Anh', 267),
(4720, 'Xã Hoằng Quang', 267),
(4721, 'Xã Hoằng Đại', 267),
(4722, 'Phường Đông Lĩnh', 267),
(4723, 'Xã Đông Vinh', 267),
(4724, 'Phường Đông Tân', 267),
(4725, 'Phường An Hưng', 267),
(4726, 'Phường Quảng Thịnh', 267),
(4727, 'Phường Quảng Đông', 267),
(4728, 'Phường Quảng Cát', 267),
(4729, 'Phường Quảng Phú', 267),
(4730, 'Phường Quảng Tâm', 267),
(4731, 'Phường Bắc Sơn', 268),
(4732, 'Phường Ba Đình', 268),
(4733, 'Phường Lam Sơn', 268),
(4734, 'Phường Ngọc Trạo', 268),
(4735, 'Phường Đông Sơn', 268),
(4736, 'Phường Phú Sơn', 268),
(4737, 'Xã Quang Trung', 268),
(4738, 'Phường Trung Sơn', 269),
(4739, 'Phường Bắc Sơn', 269),
(4740, 'Phường Trường Sơn', 269),
(4741, 'Phường Quảng Cư', 269),
(4742, 'Phường Quảng Tiến', 269),
(4743, 'Xã Quảng Minh', 269),
(4744, 'Xã Quảng Hùng', 269),
(4745, 'Phường Quảng Thọ', 269),
(4746, 'Phường Quảng Châu', 269),
(4747, 'Phường Quảng Vinh', 269),
(4748, 'Xã Quảng Đại', 269),
(4749, 'Thị trấn Mường Lát', 270),
(4750, 'Xã Tam Chung', 270),
(4751, 'Xã Mường Lý', 270),
(4752, 'Xã Trung Lý', 270),
(4753, 'Xã Quang Chiểu', 270),
(4754, 'Xã Pù Nhi', 270),
(4755, 'Xã Nhi Sơn', 270),
(4756, 'Xã Mường Chanh', 270),
(4757, 'Thị trấn Hồi Xuân', 271),
(4758, 'Xã Thành Sơn', 271),
(4759, 'Xã Trung Sơn', 271),
(4760, 'Xã Phú Thanh', 271),
(4761, 'Xã Trung Thành', 271),
(4762, 'Xã Phú Lệ', 271),
(4763, 'Xã Phú Sơn', 271),
(4764, 'Xã Phú Xuân', 271),
(4765, 'Xã Hiền Chung', 271),
(4766, 'Xã Hiền Kiệt', 271),
(4767, 'Xã Nam Tiến', 271),
(4768, 'Xã Thiên Phủ', 271),
(4769, 'Xã Phú Nghiêm', 271),
(4770, 'Xã Nam Xuân', 271),
(4771, 'Xã Nam Động', 271),
(4772, 'Thị trấn Cành Nàng', 272),
(4773, 'Xã Điền Thượng', 272),
(4774, 'Xã Điền Hạ', 272),
(4775, 'Xã Điền Quang', 272),
(4776, 'Xã Điền Trung', 272),
(4777, 'Xã Thành Sơn', 272),
(4778, 'Xã Lương Ngoại', 272),
(4779, 'Xã Ái Thượng', 272),
(4780, 'Xã Lương Nội', 272),
(4781, 'Xã Điền Lư', 272),
(4782, 'Xã Lương Trung', 272),
(4783, 'Xã Lũng Niêm', 272),
(4784, 'Xã Lũng Cao', 272),
(4785, 'Xã Hạ Trung', 272),
(4786, 'Xã Cổ Lũng', 272),
(4787, 'Xã Thành Lâm', 272),
(4788, 'Xã Ban Công', 272),
(4789, 'Xã Kỳ Tân', 272),
(4790, 'Xã Văn Nho', 272),
(4791, 'Xã Thiết Ống', 272),
(4792, 'Xã Thiết Kế', 272),
(4793, 'Xã Trung Xuân', 273),
(4794, 'Xã Trung Thượng', 273),
(4795, 'Xã Trung Tiến', 273),
(4796, 'Xã Trung Hạ', 273),
(4797, 'Xã Sơn Hà', 273),
(4798, 'Xã Tam Thanh', 273),
(4799, 'Xã Sơn Thủy', 273),
(4800, 'Xã Na Mèo', 273),
(4801, 'Thị trấn Sơn Lư', 273),
(4802, 'Xã Tam Lư', 273),
(4803, 'Xã Sơn Điện', 273),
(4804, 'Xã Mường Mìn', 273),
(4805, 'Xã Yên Khương', 274),
(4806, 'Xã Yên Thắng', 274),
(4807, 'Xã Trí Nang', 274),
(4808, 'Xã Giao An', 274),
(4809, 'Xã Giao Thiện', 274),
(4810, 'Xã Tân Phúc', 274),
(4811, 'Xã Tam Văn', 274),
(4812, 'Xã Lâm Phú', 274),
(4813, 'Thị trấn Lang Chánh', 274),
(4814, 'Xã Đồng Lương', 274),
(4815, 'Thị Trấn Ngọc Lặc', 275),
(4816, 'Xã Lam Sơn', 275),
(4817, 'Xã Mỹ Tân', 275),
(4818, 'Xã Thúy Sơn', 275),
(4819, 'Xã Thạch Lập', 275),
(4820, 'Xã Vân Âm', 275),
(4821, 'Xã Cao Ngọc', 275),
(4822, 'Xã Quang Trung', 275),
(4823, 'Xã Đồng Thịnh', 275),
(4824, 'Xã Ngọc Liên', 275),
(4825, 'Xã Ngọc Sơn', 275),
(4826, 'Xã Lộc Thịnh', 275),
(4827, 'Xã Cao Thịnh', 275),
(4828, 'Xã Ngọc Trung', 275),
(4829, 'Xã Phùng Giáo', 275),
(4830, 'Xã Phùng Minh', 275),
(4831, 'Xã Phúc Thịnh', 275),
(4832, 'Xã Nguyệt Ấn', 275),
(4833, 'Xã Kiên Thọ', 275),
(4834, 'Xã Minh Tiến', 275),
(4835, 'Xã Minh Sơn', 275),
(4836, 'Thị trấn Phong Sơn', 276),
(4837, 'Xã Cẩm Thành', 276),
(4838, 'Xã Cẩm Quý', 276),
(4839, 'Xã Cẩm Lương', 276),
(4840, 'Xã Cẩm Thạch', 276),
(4841, 'Xã Cẩm Liên', 276),
(4842, 'Xã Cẩm Giang', 276),
(4843, 'Xã Cẩm Bình', 276),
(4844, 'Xã Cẩm Tú', 276),
(4845, 'Xã Cẩm Châu', 276),
(4846, 'Xã Cẩm Tâm', 276),
(4847, 'Xã Cẩm Ngọc', 276),
(4848, 'Xã Cẩm Long', 276),
(4849, 'Xã Cẩm Yên', 276),
(4850, 'Xã Cẩm Tân', 276),
(4851, 'Xã Cẩm Phú', 276),
(4852, 'Xã Cẩm Vân', 276),
(4853, 'Thị trấn Kim Tân', 277),
(4854, 'Thị trấn Vân Du', 277),
(4855, 'Xã Thạch Lâm', 277),
(4856, 'Xã Thạch Quảng', 277),
(4857, 'Xã Thạch Tượng', 277),
(4858, 'Xã Thạch Cẩm', 277),
(4859, 'Xã Thạch Sơn', 277),
(4860, 'Xã Thạch Bình', 277),
(4861, 'Xã Thạch Định', 277),
(4862, 'Xã Thạch Đồng', 277),
(4863, 'Xã Thạch Long', 277),
(4864, 'Xã Thành Mỹ', 277),
(4865, 'Xã Thành Yên', 277),
(4866, 'Xã Thành Vinh', 277),
(4867, 'Xã Thành Minh', 277),
(4868, 'Xã Thành Công', 277),
(4869, 'Xã Thành Tân', 277),
(4870, 'Xã Thành Trực', 277),
(4871, 'Xã Thành Tâm', 277),
(4872, 'Xã Thành An', 277),
(4873, 'Xã Thành Thọ', 277),
(4874, 'Xã Thành Tiến', 277),
(4875, 'Xã Thành Long', 277),
(4876, 'Xã Thành Hưng', 277),
(4877, 'Xã Ngọc Trạo', 277),
(4878, 'Thị trấn Hà Trung', 278),
(4879, 'Xã Hà Long', 278),
(4880, 'Xã Hà Vinh', 278),
(4881, 'Xã Hà Bắc', 278),
(4882, 'Xã Hoạt Giang', 278),
(4883, 'Xã Yên Dương', 278),
(4884, 'Xã Hà Giang', 278),
(4885, 'Xã Lĩnh Toại', 278),
(4886, 'Xã Hà Ngọc', 278),
(4887, 'Xã Yến Sơn', 278),
(4888, 'Xã Hà Sơn', 278),
(4889, 'Xã Hà Lĩnh', 278),
(4890, 'Xã Hà Đông', 278),
(4891, 'Xã Hà Tân', 278),
(4892, 'Xã Hà Tiến', 278),
(4893, 'Xã Hà Bình', 278),
(4894, 'Xã Hà Lai', 278),
(4895, 'Xã Hà Châu', 278),
(4896, 'Xã Hà Thái', 278),
(4897, 'Xã Hà Hải', 278),
(4898, 'Thị trấn Vĩnh Lộc', 279),
(4899, 'Xã Vĩnh Quang', 279),
(4900, 'Xã Vĩnh Yên', 279),
(4901, 'Xã Vĩnh Tiến', 279),
(4902, 'Xã Vĩnh Long', 279),
(4903, 'Xã Vĩnh Phúc', 279),
(4904, 'Xã Vĩnh Hưng', 279),
(4905, 'Xã Vĩnh Hòa', 279),
(4906, 'Xã Vĩnh Hùng', 279),
(4907, 'Xã Minh Tân', 279),
(4908, 'Xã Ninh Khang', 279),
(4909, 'Xã Vĩnh Thịnh', 279),
(4910, 'Xã Vĩnh An', 279),
(4911, 'Thị trấn Thống Nhất', 280),
(4912, 'Xã Yên Lâm', 280),
(4913, 'Xã Yên Tâm', 280),
(4914, 'Xã Yên Phú', 280),
(4915, 'Xã Quí Lộc', 280),
(4916, 'Xã Yên Thọ', 280),
(4917, 'Xã Yên Trung', 280),
(4918, 'Xã Yên Trường', 280),
(4919, 'Xã Yên Phong', 280),
(4920, 'Xã Yên Thái', 280),
(4921, 'Xã Yên Hùng', 280),
(4922, 'Xã Yên Thịnh', 280),
(4923, 'Xã Yên Ninh', 280),
(4924, 'Xã Yên Lạc', 280),
(4925, 'Xã Định Tăng', 280),
(4926, 'Xã Định Hòa', 280),
(4927, 'Xã Định Thành', 280),
(4928, 'Xã Định Công', 280),
(4929, 'Xã Định Tân', 280),
(4930, 'Xã Định Tiến', 280),
(4931, 'Xã Định Long', 280),
(4932, 'Xã Định Liên', 280),
(4933, 'Thị trấn Quán Lào', 280),
(4934, 'Xã Định Hưng', 280),
(4935, 'Xã Định Hải', 280),
(4936, 'Xã Định Bình', 280),
(4937, 'Xã Xuân Hồng', 281),
(4938, 'Thị trấn Thọ Xuân', 281),
(4939, 'Xã Bắc Lương', 281),
(4940, 'Xã Nam Giang', 281),
(4941, 'Xã Xuân Phong', 281),
(4942, 'Xã Thọ Lộc', 281),
(4943, 'Xã Xuân Trường', 281),
(4944, 'Xã Xuân Hòa', 281),
(4945, 'Xã Thọ Hải', 281),
(4946, 'Xã Tây Hồ', 281),
(4947, 'Xã Xuân Giang', 281),
(4948, 'Xã Xuân Sinh', 281),
(4949, 'Xã Xuân Hưng', 281),
(4950, 'Xã Thọ Diên', 281),
(4951, 'Xã Thọ Lâm', 281),
(4952, 'Xã Thọ Xương', 281),
(4953, 'Xã Xuân Bái', 281),
(4954, 'Xã Xuân Phú', 281),
(4955, 'Thị trấn Sao Vàng', 281),
(4956, 'Thị trấn Lam Sơn', 281),
(4957, 'Xã Xuân Thiên', 281),
(4958, 'Xã Thuận Minh', 281),
(4959, 'Xã Thọ Lập', 281),
(4960, 'Xã Quảng Phú', 281),
(4961, 'Xã Xuân Tín', 281),
(4962, 'Xã Phú Xuân', 281),
(4963, 'Xã Xuân Lai', 281),
(4964, 'Xã Xuân Lập', 281),
(4965, 'Xã Xuân Minh', 281),
(4966, 'Xã Trường Xuân', 281),
(4967, 'Xã Bát Mọt', 282),
(4968, 'Xã Yên Nhân', 282),
(4969, 'Xã Xuân Lẹ', 282),
(4970, 'Xã Vạn Xuân', 282),
(4971, 'Xã Lương Sơn', 282),
(4972, 'Xã Xuân Cao', 282),
(4973, 'Xã Luận Thành', 282),
(4974, 'Xã Luận Khê', 282),
(4975, 'Xã Xuân Thắng', 282),
(4976, 'Xã Xuân Lộc', 282),
(4977, 'Thị trấn Thường Xuân', 282),
(4978, 'Xã Xuân Dương', 282),
(4979, 'Xã Thọ Thanh', 282),
(4980, 'Xã Ngọc Phụng', 282),
(4981, 'Xã Xuân Chinh', 282),
(4982, 'Xã Tân Thành', 282),
(4983, 'Thị trấn Triệu Sơn', 283),
(4984, 'Xã Thọ Sơn', 283),
(4985, 'Xã Thọ Bình', 283),
(4986, 'Xã Thọ Tiến', 283),
(4987, 'Xã Hợp Lý', 283),
(4988, 'Xã Hợp Tiến', 283),
(4989, 'Xã Hợp Thành', 283),
(4990, 'Xã Triệu Thành', 283),
(4991, 'Xã Hợp Thắng', 283),
(4992, 'Xã Minh Sơn', 283),
(4993, 'Xã Dân Lực', 283),
(4994, 'Xã Dân Lý', 283),
(4995, 'Xã Dân Quyền', 283),
(4996, 'Xã An Nông', 283),
(4997, 'Xã Văn Sơn', 283),
(4998, 'Xã Thái Hòa', 283),
(4999, 'Thị trấn Nưa', 283),
(5000, 'Xã Đồng Lợi', 283),
(5001, 'Xã Đồng Tiến', 283),
(5002, 'Xã Đồng Thắng', 283),
(5003, 'Xã Tiến Nông', 283),
(5004, 'Xã Khuyến Nông', 283),
(5005, 'Xã Xuân Thịnh', 283),
(5006, 'Xã Xuân Lộc', 283),
(5007, 'Xã Thọ Dân', 283),
(5008, 'Xã Xuân Thọ', 283),
(5009, 'Xã Thọ Tân', 283),
(5010, 'Xã Thọ Ngọc', 283),
(5011, 'Xã Thọ Cường', 283),
(5012, 'Xã Thọ Phú', 283),
(5013, 'Xã Thọ Vực', 283),
(5014, 'Xã Thọ Thế', 283),
(5015, 'Xã Nông Trường', 283),
(5016, 'Xã Bình Sơn', 283),
(5017, 'Thị trấn Thiệu Hóa', 284),
(5018, 'Xã Thiệu Ngọc', 284),
(5019, 'Xã Thiệu Vũ', 284),
(5020, 'Xã Thiệu Phúc', 284),
(5021, 'Xã Thiệu Tiến', 284),
(5022, 'Xã Thiệu Công', 284),
(5023, 'Xã Thiệu Phú', 284),
(5024, 'Xã Thiệu Long', 284),
(5025, 'Xã Thiệu Giang', 284),
(5026, 'Xã Thiệu Duy', 284),
(5027, 'Xã Thiệu Nguyên', 284),
(5028, 'Xã Thiệu Hợp', 284),
(5029, 'Xã Thiệu Thịnh', 284),
(5030, 'Xã Thiệu Quang', 284),
(5031, 'Xã Thiệu Thành', 284),
(5032, 'Xã Thiệu Toán', 284),
(5033, 'Xã Thiệu Chính', 284),
(5034, 'Xã Thiệu Hòa', 284),
(5035, 'Xã Minh Tâm', 284),
(5036, 'Xã Thiệu Viên', 284),
(5037, 'Xã Thiệu Lý', 284),
(5038, 'Xã Thiệu Vận', 284),
(5039, 'Xã Thiệu Trung', 284),
(5040, 'Xã Tân Châu', 284),
(5041, 'Xã Thiệu Giao', 284),
(5042, 'Thị trấn Bút Sơn', 285),
(5043, 'Xã Hoằng Giang', 285),
(5044, 'Xã Hoằng Xuân', 285),
(5045, 'Xã Hoằng Phượng', 285),
(5046, 'Xã Hoằng Phú', 285),
(5047, 'Xã Hoằng Quỳ', 285),
(5048, 'Xã Hoằng Kim', 285),
(5049, 'Xã Hoằng Trung', 285),
(5050, 'Xã Hoằng Trinh', 285),
(5051, 'Xã Hoằng Sơn', 285),
(5052, 'Xã Hoằng Cát', 285),
(5053, 'Xã Hoằng Xuyên', 285),
(5054, 'Xã Hoằng Quý', 285),
(5055, 'Xã Hoằng Hợp', 285),
(5056, 'Xã Hoằng Đức', 285),
(5057, 'Xã Hoằng Hà', 285),
(5058, 'Xã Hoằng Đạt', 285),
(5059, 'Xã Hoằng Đạo', 285),
(5060, 'Xã Hoằng Thắng', 285),
(5061, 'Xã Hoằng Đồng', 285),
(5062, 'Xã Hoằng Thái', 285),
(5063, 'Xã Hoằng Thịnh', 285),
(5064, 'Xã Hoằng Thành', 285),
(5065, 'Xã Hoằng Lộc', 285),
(5066, 'Xã Hoằng Trạch', 285),
(5067, 'Xã Hoằng Phong', 285),
(5068, 'Xã Hoằng Lưu', 285),
(5069, 'Xã Hoằng Châu', 285),
(5070, 'Xã Hoằng Tân', 285),
(5071, 'Xã Hoằng Yến', 285),
(5072, 'Xã Hoằng Tiến', 285),
(5073, 'Xã Hoằng Hải', 285),
(5074, 'Xã Hoằng Ngọc', 285),
(5075, 'Xã Hoằng Đông', 285),
(5076, 'Xã Hoằng Thanh', 285),
(5077, 'Xã Hoằng Phụ', 285),
(5078, 'Xã Hoằng Trường', 285),
(5079, 'Thị trấn Hậu Lộc', 286),
(5080, 'Xã Đồng Lộc', 286),
(5081, 'Xã Đại Lộc', 286),
(5082, 'Xã Triệu Lộc', 286),
(5083, 'Xã Tiến Lộc', 286),
(5084, 'Xã Lộc Sơn', 286),
(5085, 'Xã Cầu Lộc', 286),
(5086, 'Xã Thành Lộc', 286),
(5087, 'Xã Tuy Lộc', 286),
(5088, 'Xã Phong Lộc', 286),
(5089, 'Xã Mỹ Lộc', 286),
(5090, 'Xã Thuần Lộc', 286),
(5091, 'Xã Xuân Lộc', 286),
(5092, 'Xã Hoa Lộc', 286),
(5093, 'Xã Liên Lộc', 286),
(5094, 'Xã Quang Lộc', 286),
(5095, 'Xã Phú Lộc', 286),
(5096, 'Xã Hòa Lộc', 286),
(5097, 'Xã Minh Lộc', 286),
(5098, 'Xã Hưng Lộc', 286),
(5099, 'Xã Hải Lộc', 286),
(5100, 'Xã Đa Lộc', 286),
(5101, 'Xã Ngư Lộc', 286),
(5102, 'Thị trấn Nga Sơn', 287),
(5103, 'Xã Ba Đình', 287),
(5104, 'Xã Nga Vịnh', 287),
(5105, 'Xã Nga Văn', 287),
(5106, 'Xã Nga Thiện', 287),
(5107, 'Xã Nga Tiến', 287),
(5108, 'Xã Nga Phượng', 287),
(5109, 'Xã Nga Trung', 287),
(5110, 'Xã Nga Bạch', 287),
(5111, 'Xã Nga Thanh', 287),
(5112, 'Xã Nga Yên', 287),
(5113, 'Xã Nga Giáp', 287),
(5114, 'Xã Nga Hải', 287),
(5115, 'Xã Nga Thành', 287),
(5116, 'Xã Nga An', 287),
(5117, 'Xã Nga Phú', 287),
(5118, 'Xã Nga Điền', 287),
(5119, 'Xã Nga Tân', 287),
(5120, 'Xã Nga Thủy', 287),
(5121, 'Xã Nga Liên', 287),
(5122, 'Xã Nga Thái', 287),
(5123, 'Xã Nga Thạch', 287),
(5124, 'Xã Nga Thắng', 287),
(5125, 'Xã Nga Trường', 287),
(5126, 'Thị trấn Yên Cát', 288),
(5127, 'Xã Bãi Trành', 288),
(5128, 'Xã Xuân Hòa', 288),
(5129, 'Xã Xuân Bình', 288),
(5130, 'Xã Hóa Quỳ', 288),
(5131, 'Xã Cát Vân', 288),
(5132, 'Xã Cát Tân', 288),
(5133, 'Xã Tân Bình', 288),
(5134, 'Xã Bình Lương', 288),
(5135, 'Xã Thanh Quân', 288),
(5136, 'Xã Thanh Xuân', 288),
(5137, 'Xã Thanh Hòa', 288),
(5138, 'Xã Thanh Phong', 288),
(5139, 'Xã Thanh Lâm', 288),
(5140, 'Xã Thanh Sơn', 288),
(5141, 'Xã Thượng Ninh', 288),
(5142, 'Thị trấn Bến Sung', 289),
(5143, 'Xã Cán Khê', 289),
(5144, 'Xã Xuân Du', 289),
(5145, 'Xã Phượng Nghi', 289),
(5146, 'Xã Mậu Lâm', 289),
(5147, 'Xã Xuân Khang', 289),
(5148, 'Xã Phú Nhuận', 289),
(5149, 'Xã Hải Long', 289),
(5150, 'Xã Xuân Thái', 289),
(5151, 'Xã Xuân Phúc', 289),
(5152, 'Xã Yên Thọ', 289),
(5153, 'Xã Yên Lạc', 289),
(5154, 'Xã Thanh Tân', 289),
(5155, 'Xã Thanh Kỳ', 289),
(5156, 'Thị trấn Nông Cống', 290),
(5157, 'Xã Tân Phúc', 290),
(5158, 'Xã Tân Thọ', 290),
(5159, 'Xã Hoàng Sơn', 290),
(5160, 'Xã Tân Khang', 290),
(5161, 'Xã Hoàng Giang', 290),
(5162, 'Xã Trung Chính', 290),
(5163, 'Xã Trung Thành', 290),
(5164, 'Xã Tế Thắng', 290),
(5165, 'Xã Tế Lợi', 290),
(5166, 'Xã Tế Nông', 290),
(5167, 'Xã Minh Nghĩa', 290),
(5168, 'Xã Minh Khôi', 290),
(5169, 'Xã Vạn Hòa', 290),
(5170, 'Xã Trường Trung', 290),
(5171, 'Xã Vạn Thắng', 290),
(5172, 'Xã Trường Giang', 290),
(5173, 'Xã Vạn Thiện', 290),
(5174, 'Xã Thăng Long', 290),
(5175, 'Xã Trường Minh', 290),
(5176, 'Xã Trường Sơn', 290),
(5177, 'Xã Thăng Bình', 290),
(5178, 'Xã Công Liêm', 290),
(5179, 'Xã Tượng Văn', 290),
(5180, 'Xã Thăng Thọ', 290),
(5181, 'Xã Tượng Lĩnh', 290),
(5182, 'Xã Tượng Sơn', 290),
(5183, 'Xã Công Chính', 290),
(5184, 'Xã Yên Mỹ', 290),
(5185, 'Thị trấn Rừng Thông', 291),
(5186, 'Xã Đông Hoàng', 291),
(5187, 'Xã Đông Ninh', 291),
(5188, 'Xã Đông Hòa', 291),
(5189, 'Xã Đông Yên', 291),
(5190, 'Xã Đông Minh', 291),
(5191, 'Xã Đông Thanh', 291),
(5192, 'Xã Đông Tiến', 291),
(5193, 'Xã Đông Khê', 291),
(5194, 'Xã Đông Thịnh', 291),
(5195, 'Xã Đông Văn', 291),
(5196, 'Xã Đông Phú', 291),
(5197, 'Xã Đông Nam', 291),
(5198, 'Xã Đông Quang', 291),
(5199, 'Thị trấn Tân Phong', 292),
(5200, 'Xã Quảng Trạch', 292),
(5201, 'Xã Quảng Đức', 292),
(5202, 'Xã Quảng Định', 292),
(5203, 'Xã Quảng Nhân', 292),
(5204, 'Xã Quảng Ninh', 292),
(5205, 'Xã Quảng Bình', 292),
(5206, 'Xã Quảng Hợp', 292),
(5207, 'Xã Quảng Văn', 292),
(5208, 'Xã Quảng Long', 292),
(5209, 'Xã Quảng Yên', 292),
(5210, 'Xã Quảng Hòa', 292),
(5211, 'Xã Quảng Khê', 292),
(5212, 'Xã Quảng Trung', 292),
(5213, 'Xã Quảng Chính', 292),
(5214, 'Xã Quảng Ngọc', 292),
(5215, 'Xã Quảng Trường', 292),
(5216, 'Xã Quảng Phúc', 292),
(5217, 'Xã Quảng Giao', 292),
(5218, 'Xã Quảng Hải', 292),
(5219, 'Xã Quảng Lưu', 292),
(5220, 'Xã Quảng Lộc', 292),
(5221, 'Xã Tiên Trang', 292),
(5222, 'Xã Quảng Nham', 292),
(5223, 'Xã Quảng Thạch', 292),
(5224, 'Xã Quảng Thái', 292),
(5225, 'Phường Hải Hòa', 293),
(5226, 'Phường Hải Châu', 293),
(5227, 'Xã Thanh Thủy', 293),
(5228, 'Xã Thanh Sơn', 293),
(5229, 'Phường Hải Ninh', 293),
(5230, 'Xã Anh Sơn', 293),
(5231, 'Xã Ngọc Lĩnh', 293),
(5232, 'Phường Hải An', 293),
(5233, 'Xã Các Sơn', 293),
(5234, 'Phường Tân Dân', 293),
(5235, 'Phường Hải Lĩnh', 293),
(5236, 'Xã Định Hải', 293),
(5237, 'Xã Phú Sơn', 293),
(5238, 'Phường Ninh Hải', 293),
(5239, 'Phường Nguyên Bình', 293),
(5240, 'Xã Hải Nhân', 293),
(5241, 'Phường Bình Minh', 293),
(5242, 'Phường Hải Thanh', 293),
(5243, 'Xã Phú Lâm', 293),
(5244, 'Phường Xuân Lâm', 293),
(5245, 'Phường Trúc Lâm', 293),
(5246, 'Phường Hải Bình', 293),
(5247, 'Xã Tân Trường', 293),
(5248, 'Xã Tùng Lâm', 293),
(5249, 'Phường Tĩnh Hải', 293),
(5250, 'Phường Mai Lâm', 293),
(5251, 'Xã Trường Lâm', 293),
(5252, 'Xã Hải Yến', 293),
(5253, 'Phường Hải Thượng', 293),
(5254, 'Xã Nghi Sơn', 293),
(5255, 'Xã Hải Hà', 293),
(5256, 'Phường Đông Vĩnh', 294),
(5257, 'Phường Hà Huy Tập', 294),
(5258, 'Phường Lê Lợi', 294),
(5259, 'Phường Quán Bàu', 294),
(5260, 'Phường Hưng Bình', 294),
(5261, 'Phường Hưng Phúc', 294),
(5262, 'Phường Hưng Dũng', 294),
(5263, 'Phường Cửa Nam', 294),
(5264, 'Phường Quang Trung', 294),
(5265, 'Phường Đội Cung', 294),
(5266, 'Phường Lê Mao', 294),
(5267, 'Phường Trường Thi', 294),
(5268, 'Phường Bến Thủy', 294),
(5269, 'Phường Hồng Sơn', 294),
(5270, 'Phường Trung Đô', 294),
(5271, 'Xã Nghi Phú', 294),
(5272, 'Xã Hưng Đông', 294),
(5273, 'Xã Hưng Lộc', 294),
(5274, 'Xã Hưng Hòa', 294),
(5275, 'Phường Vinh Tân', 294),
(5276, 'Xã Nghi Liên', 294),
(5277, 'Xã Nghi Ân', 294),
(5278, 'Xã Nghi Kim', 294),
(5279, 'Xã Nghi Đức', 294),
(5280, 'Xã Hưng Chính', 294),
(5281, 'Phường Nghi Thuỷ', 295),
(5282, 'Phường Nghi Tân', 295),
(5283, 'Phường Thu Thuỷ', 295),
(5284, 'Phường Nghi Hòa', 295),
(5285, 'Phường Nghi Hải', 295),
(5286, 'Phường Nghi Hương', 295),
(5287, 'Phường Nghi Thu', 295),
(5288, 'Phường Hoà Hiếu', 296),
(5289, 'Phường Quang Phong', 296),
(5290, 'Phường Quang Tiến', 296),
(5291, 'Phường Long Sơn', 296),
(5292, 'Xã Nghĩa Tiến', 296),
(5293, 'Xã Nghĩa Mỹ', 296),
(5294, 'Xã Tây Hiếu', 296),
(5295, 'Xã Nghĩa Thuận', 296),
(5296, 'Xã Đông Hiếu', 296),
(5297, 'Thị trấn Kim Sơn', 297),
(5298, 'Xã Thông Thụ', 297),
(5299, 'Xã Đồng Văn', 297),
(5300, 'Xã Hạnh Dịch', 297),
(5301, 'Xã Tiền Phong', 297),
(5302, 'Xã Nậm Giải', 297),
(5303, 'Xã Tri Lễ', 297),
(5304, 'Xã Châu Kim', 297),
(5305, 'Xã Mường Nọc', 297),
(5306, 'Xã Châu Thôn', 297),
(5307, 'Xã Nậm Nhoóng', 297),
(5308, 'Xã Quang Phong', 297),
(5309, 'Xã Căm Muộn', 297),
(5310, 'Thị trấn Tân Lạc', 298),
(5311, 'Xã Châu Bính', 298),
(5312, 'Xã Châu Thuận', 298),
(5313, 'Xã Châu Hội', 298),
(5314, 'Xã Châu Nga', 298),
(5315, 'Xã Châu Tiến', 298),
(5316, 'Xã Châu Hạnh', 298),
(5317, 'Xã Châu Thắng', 298),
(5318, 'Xã Châu Phong', 298),
(5319, 'Xã Châu Bình', 298),
(5320, 'Xã Châu Hoàn', 298),
(5321, 'Xã Diên Lãm', 298),
(5322, 'Thị trấn Mường Xén', 299),
(5323, 'Xã Mỹ Lý', 299),
(5324, 'Xã Bắc Lý', 299),
(5325, 'Xã Keng Đu', 299),
(5326, 'Xã Đoọc Mạy', 299),
(5327, 'Xã Huồi Tụ', 299),
(5328, 'Xã Mường Lống', 299),
(5329, 'Xã Na Loi', 299),
(5330, 'Xã Nậm Cắn', 299),
(5331, 'Xã Bảo Nam', 299),
(5332, 'Xã Phà Đánh', 299),
(5333, 'Xã Bảo Thắng', 299),
(5334, 'Xã Hữu Lập', 299),
(5335, 'Xã Tà Cạ', 299),
(5336, 'Xã Chiêu Lưu', 299),
(5337, 'Xã Mường Típ', 299),
(5338, 'Xã Hữu Kiệm', 299),
(5339, 'Xã Tây Sơn', 299),
(5340, 'Xã Mường Ải', 299),
(5341, 'Xã Na Ngoi', 299),
(5342, 'Xã Nậm Càn', 299),
(5343, 'Thị trấn Thạch Giám', 300),
(5344, 'Xã Mai Sơn', 300),
(5345, 'Xã Nhôn Mai', 300),
(5346, 'Xã Hữu Khuông', 300),
(5347, 'Xã Yên Tĩnh', 300),
(5348, 'Xã Nga My', 300),
(5349, 'Xã Xiêng My', 300),
(5350, 'Xã Lưỡng Minh', 300),
(5351, 'Xã Yên Hòa', 300),
(5352, 'Xã Yên Na', 300),
(5353, 'Xã Lưu Kiền', 300),
(5354, 'Xã Xá Lượng', 300),
(5355, 'Xã Tam Thái', 300),
(5356, 'Xã Tam Đình', 300),
(5357, 'Xã Yên Thắng', 300),
(5358, 'Xã Tam Quang', 300),
(5359, 'Xã Tam Hợp', 300),
(5360, 'Thị trấn Nghĩa Đàn', 301),
(5361, 'Xã Nghĩa Mai', 301),
(5362, 'Xã Nghĩa Yên', 301),
(5363, 'Xã Nghĩa Lạc', 301),
(5364, 'Xã Nghĩa Lâm', 301),
(5365, 'Xã Nghĩa Sơn', 301),
(5366, 'Xã Nghĩa Lợi', 301),
(5367, 'Xã Nghĩa Bình', 301),
(5368, 'Xã Nghĩa Thọ', 301),
(5369, 'Xã Nghĩa Minh', 301),
(5370, 'Xã Nghĩa Phú', 301),
(5371, 'Xã Nghĩa Hưng', 301),
(5372, 'Xã Nghĩa Hồng', 301),
(5373, 'Xã Nghĩa Thịnh', 301),
(5374, 'Xã Nghĩa Trung', 301),
(5375, 'Xã Nghĩa Hội', 301),
(5376, 'Xã Nghĩa Thành', 301),
(5377, 'Xã Nghĩa Hiếu', 301),
(5378, 'Xã Nghĩa Đức', 301),
(5379, 'Xã Nghĩa An', 301),
(5380, 'Xã Nghĩa Long', 301),
(5381, 'Xã Nghĩa Lộc', 301),
(5382, 'Xã Nghĩa Khánh', 301),
(5383, 'Thị trấn Quỳ Hợp', 302),
(5384, 'Xã Yên Hợp', 302),
(5385, 'Xã Châu Tiến', 302),
(5386, 'Xã Châu Hồng', 302),
(5387, 'Xã Đồng Hợp', 302),
(5388, 'Xã Châu Thành', 302),
(5389, 'Xã Liên Hợp', 302),
(5390, 'Xã Châu Lộc', 302),
(5391, 'Xã Tam Hợp', 302),
(5392, 'Xã Châu Cường', 302),
(5393, 'Xã Châu Quang', 302),
(5394, 'Xã Thọ Hợp', 302),
(5395, 'Xã Minh Hợp', 302),
(5396, 'Xã Nghĩa Xuân', 302),
(5397, 'Xã Châu Thái', 302),
(5398, 'Xã Châu Đình', 302),
(5399, 'Xã Văn Lợi', 302),
(5400, 'Xã Nam Sơn', 302),
(5401, 'Xã Châu Lý', 302),
(5402, 'Xã Hạ Sơn', 302),
(5403, 'Xã Bắc Sơn', 302),
(5404, 'Thị trấn Cầu Giát', 303),
(5405, 'Xã Quỳnh Thắng', 303),
(5406, 'Xã Quỳnh Tân', 303),
(5407, 'Xã Quỳnh Châu', 303),
(5408, 'Xã Tân Sơn', 303),
(5409, 'Xã Quỳnh Văn', 303),
(5410, 'Xã Ngọc Sơn', 303),
(5411, 'Xã Quỳnh Tam', 303),
(5412, 'Xã Quỳnh Hoa', 303),
(5413, 'Xã Quỳnh Thạch', 303),
(5414, 'Xã Quỳnh Bảng', 303),
(5415, 'Xã Quỳnh Mỹ', 303),
(5416, 'Xã Quỳnh Thanh', 303),
(5417, 'Xã Quỳnh Hậu', 303),
(5418, 'Xã Quỳnh Lâm', 303),
(5419, 'Xã Quỳnh Đôi', 303),
(5420, 'Xã Quỳnh Lương', 303),
(5421, 'Xã Quỳnh Hồng', 303),
(5422, 'Xã Quỳnh Yên', 303),
(5423, 'Xã Quỳnh Bá', 303),
(5424, 'Xã Quỳnh Minh', 303),
(5425, 'Xã Quỳnh Diễn', 303),
(5426, 'Xã Quỳnh Hưng', 303),
(5427, 'Xã Quỳnh Giang', 303),
(5428, 'Xã Quỳnh Ngọc', 303),
(5429, 'Xã Quỳnh Nghĩa', 303),
(5430, 'Xã An Hòa', 303),
(5431, 'Xã Tiến Thủy', 303),
(5432, 'Xã Sơn Hải', 303),
(5433, 'Xã Quỳnh Thọ', 303),
(5434, 'Xã Quỳnh Thuận', 303),
(5435, 'Xã Quỳnh Long', 303),
(5436, 'Xã Tân Thắng', 303),
(5437, 'Thị trấn Con Cuông', 304),
(5438, 'Xã Bình Chuẩn', 304),
(5439, 'Xã Lạng Khê', 304),
(5440, 'Xã Cam Lâm', 304),
(5441, 'Xã Thạch Ngàn', 304),
(5442, 'Xã Đôn Phục', 304),
(5443, 'Xã Mậu Đức', 304),
(5444, 'Xã Châu Khê', 304),
(5445, 'Xã Chi Khê', 304),
(5446, 'Xã Bồng Khê', 304),
(5447, 'Xã Yên Khê', 304),
(5448, 'Xã Lục Dạ', 304),
(5449, 'Xã Môn Sơn', 304),
(5450, 'Thị trấn Tân Kỳ', 305),
(5451, 'Xã Tân Hợp', 305),
(5452, 'Xã Tân Phú', 305),
(5453, 'Xã Tân Xuân', 305),
(5454, 'Xã Giai Xuân', 305),
(5455, 'Xã Nghĩa Bình', 305),
(5456, 'Xã Nghĩa Đồng', 305),
(5457, 'Xã Đồng Văn', 305),
(5458, 'Xã Nghĩa Thái', 305),
(5459, 'Xã Nghĩa Hợp', 305),
(5460, 'Xã Nghĩa Hoàn', 305),
(5461, 'Xã Nghĩa Phúc', 305),
(5462, 'Xã Tiên Kỳ', 305),
(5463, 'Xã Tân An', 305),
(5464, 'Xã Nghĩa Dũng', 305),
(5465, 'Xã Tân Long', 305),
(5466, 'Xã Kỳ Sơn', 305),
(5467, 'Xã Hương Sơn', 305),
(5468, 'Xã Kỳ Tân', 305),
(5469, 'Xã Phú Sơn', 305),
(5470, 'Xã Tân Hương', 305),
(5471, 'Xã Nghĩa Hành', 305),
(5472, 'Thị trấn Anh Sơn', 306),
(5473, 'Xã Thọ Sơn', 306),
(5474, 'Xã Thành Sơn', 306),
(5475, 'Xã Bình Sơn', 306),
(5476, 'Xã Tam Sơn', 306),
(5477, 'Xã Đỉnh Sơn', 306),
(5478, 'Xã Hùng Sơn', 306),
(5479, 'Xã Cẩm Sơn', 306),
(5480, 'Xã Đức Sơn', 306),
(5481, 'Xã Tường Sơn', 306),
(5482, 'Xã Hoa Sơn', 306),
(5483, 'Xã Tào Sơn', 306),
(5484, 'Xã Vĩnh Sơn', 306),
(5485, 'Xã Lạng Sơn', 306),
(5486, 'Xã Hội Sơn', 306),
(5487, 'Xã Thạch Sơn', 306),
(5488, 'Xã Phúc Sơn', 306),
(5489, 'Xã Long Sơn', 306),
(5490, 'Xã Khai Sơn', 306),
(5491, 'Xã Lĩnh Sơn', 306),
(5492, 'Xã Cao Sơn', 306),
(5493, 'Thị trấn Diễn Châu', 307),
(5494, 'Xã Diễn Lâm', 307),
(5495, 'Xã Diễn Đoài', 307),
(5496, 'Xã Diễn Trường', 307),
(5497, 'Xã Diễn Yên', 307),
(5498, 'Xã Diễn Hoàng', 307),
(5499, 'Xã Diễn Hùng', 307),
(5500, 'Xã Diễn Mỹ', 307),
(5501, 'Xã Diễn Hồng', 307),
(5502, 'Xã Diễn Phong', 307),
(5503, 'Xã Diễn Hải', 307),
(5504, 'Xã Diễn Tháp', 307),
(5505, 'Xã Diễn Liên', 307),
(5506, 'Xã Diễn Vạn', 307),
(5507, 'Xã Diễn Kim', 307),
(5508, 'Xã Diễn Kỷ', 307),
(5509, 'Xã Diễn Xuân', 307),
(5510, 'Xã Diễn Thái', 307),
(5511, 'Xã Diễn Đồng', 307),
(5512, 'Xã Diễn Bích', 307),
(5513, 'Xã Diễn Hạnh', 307),
(5514, 'Xã Diễn Ngọc', 307),
(5515, 'Xã Diễn Quảng', 307),
(5516, 'Xã Diễn Nguyên', 307),
(5517, 'Xã Diễn Hoa', 307),
(5518, 'Xã Diễn Thành', 307),
(5519, 'Xã Diễn Phúc', 307),
(5520, 'Xã Diễn Cát', 307),
(5521, 'Xã Diễn Thịnh', 307),
(5522, 'Xã Diễn Tân', 307),
(5523, 'Xã Minh Châu', 307),
(5524, 'Xã Diễn Thọ', 307),
(5525, 'Xã Diễn Lợi', 307),
(5526, 'Xã Diễn Lộc', 307),
(5527, 'Xã Diễn Trung', 307),
(5528, 'Xã Diễn An', 307),
(5529, 'Xã Diễn Phú', 307),
(5530, 'Thị trấn Yên Thành', 308),
(5531, 'Xã Mã Thành', 308),
(5532, 'Xã Tiến Thành', 308),
(5533, 'Xã Lăng Thành', 308),
(5534, 'Xã Tân Thành', 308),
(5535, 'Xã Đức Thành', 308),
(5536, 'Xã Kim Thành', 308),
(5537, 'Xã Hậu Thành', 308),
(5538, 'Xã Hùng Thành', 308),
(5539, 'Xã Đô Thành', 308),
(5540, 'Xã Thọ Thành', 308),
(5541, 'Xã Quang Thành', 308),
(5542, 'Xã Tây Thành', 308),
(5543, 'Xã Phúc Thành', 308),
(5544, 'Xã Hồng Thành', 308),
(5545, 'Xã Đồng Thành', 308),
(5546, 'Xã Phú Thành', 308),
(5547, 'Xã Hoa Thành', 308),
(5548, 'Xã Tăng Thành', 308),
(5549, 'Xã Văn Thành', 308),
(5550, 'Xã Thịnh Thành', 308),
(5551, 'Xã Hợp Thành', 308),
(5552, 'Xã Xuân Thành', 308),
(5553, 'Xã Bắc Thành', 308),
(5554, 'Xã Nhân Thành', 308),
(5555, 'Xã Trung Thành', 308),
(5556, 'Xã Long Thành', 308),
(5557, 'Xã Minh Thành', 308),
(5558, 'Xã Nam Thành', 308),
(5559, 'Xã Vĩnh Thành', 308),
(5560, 'Xã Lý Thành', 308),
(5561, 'Xã Khánh Thành', 308),
(5562, 'Xã Viên Thành', 308),
(5563, 'Xã Đại Thành', 308),
(5564, 'Xã Liên Thành', 308),
(5565, 'Xã Bảo Thành', 308),
(5566, 'Xã Mỹ Thành', 308),
(5567, 'Xã Công Thành', 308),
(5568, 'Xã Sơn Thành', 308),
(5569, 'Thị trấn Đô Lương', 309),
(5570, 'Xã Giang Sơn Đông', 309),
(5571, 'Xã Giang Sơn Tây', 309),
(5572, 'Xã Lam Sơn', 309),
(5573, 'Xã Bồi Sơn', 309),
(5574, 'Xã Hồng Sơn', 309),
(5575, 'Xã Bài Sơn', 309),
(5576, 'Xã Ngọc Sơn', 309),
(5577, 'Xã Bắc Sơn', 309),
(5578, 'Xã Tràng Sơn', 309),
(5579, 'Xã Thượng Sơn', 309),
(5580, 'Xã Hòa Sơn', 309),
(5581, 'Xã Đặng Sơn', 309),
(5582, 'Xã Đông Sơn', 309),
(5583, 'Xã Nam Sơn', 309),
(5584, 'Xã Lưu Sơn', 309),
(5585, 'Xã Yên Sơn', 309),
(5586, 'Xã Văn Sơn', 309),
(5587, 'Xã Đà Sơn', 309),
(5588, 'Xã Lạc Sơn', 309),
(5589, 'Xã Tân Sơn', 309),
(5590, 'Xã Thái Sơn', 309),
(5591, 'Xã Quang Sơn', 309),
(5592, 'Xã Thịnh Sơn', 309),
(5593, 'Xã Trung Sơn', 309),
(5594, 'Xã Xuân Sơn', 309),
(5595, 'Xã Minh Sơn', 309),
(5596, 'Xã Thuận Sơn', 309),
(5597, 'Xã Nhân Sơn', 309),
(5598, 'Xã Hiến Sơn', 309);
INSERT INTO `wards` (`id`, `name`, `districts_id`) VALUES
(5599, 'Xã Mỹ Sơn', 309),
(5600, 'Xã Trù Sơn', 309),
(5601, 'Xã Đại Sơn', 309),
(5602, 'Thị trấn Thanh Chương', 310),
(5603, 'Xã Cát Văn', 310),
(5604, 'Xã Thanh Nho', 310),
(5605, 'Xã Hạnh Lâm', 310),
(5606, 'Xã Thanh Sơn', 310),
(5607, 'Xã Thanh Hòa', 310),
(5608, 'Xã Phong Thịnh', 310),
(5609, 'Xã Thanh Phong', 310),
(5610, 'Xã Thanh Mỹ', 310),
(5611, 'Xã Thanh Tiên', 310),
(5612, 'Xã Thanh Liên', 310),
(5613, 'Xã Đại Đồng', 310),
(5614, 'Xã Thanh Đồng', 310),
(5615, 'Xã Thanh Ngọc', 310),
(5616, 'Xã Thanh Hương', 310),
(5617, 'Xã Ngọc Lâm', 310),
(5618, 'Xã Thanh Lĩnh', 310),
(5619, 'Xã Đồng Văn', 310),
(5620, 'Xã Ngọc Sơn', 310),
(5621, 'Xã Thanh Thịnh', 310),
(5622, 'Xã Thanh An', 310),
(5623, 'Xã Thanh Chi', 310),
(5624, 'Xã Xuân Tường', 310),
(5625, 'Xã Thanh Dương', 310),
(5626, 'Xã Thanh Lương', 310),
(5627, 'Xã Thanh Khê', 310),
(5628, 'Xã Võ Liệt', 310),
(5629, 'Xã Thanh Long', 310),
(5630, 'Xã Thanh Thủy', 310),
(5631, 'Xã Thanh Khai', 310),
(5632, 'Xã Thanh Yên', 310),
(5633, 'Xã Thanh Hà', 310),
(5634, 'Xã Thanh Giang', 310),
(5635, 'Xã Thanh Tùng', 310),
(5636, 'Xã Thanh Lâm', 310),
(5637, 'Xã Thanh Mai', 310),
(5638, 'Xã Thanh Xuân', 310),
(5639, 'Xã Thanh Đức', 310),
(5640, 'Thị trấn Quán Hành', 311),
(5641, 'Xã Nghi Văn', 311),
(5642, 'Xã Nghi Yên', 311),
(5643, 'Xã Nghi Tiến', 311),
(5644, 'Xã Nghi Hưng', 311),
(5645, 'Xã Nghi Đồng', 311),
(5646, 'Xã Nghi Thiết', 311),
(5647, 'Xã Nghi Lâm', 311),
(5648, 'Xã Nghi Quang', 311),
(5649, 'Xã Nghi Kiều', 311),
(5650, 'Xã Nghi Mỹ', 311),
(5651, 'Xã Nghi Phương', 311),
(5652, 'Xã Nghi Thuận', 311),
(5653, 'Xã Nghi Long', 311),
(5654, 'Xã Nghi Xá', 311),
(5655, 'Xã Nghi Hoa', 311),
(5656, 'Xã Khánh Hợp', 311),
(5657, 'Xã Nghi Thịnh', 311),
(5658, 'Xã Nghi Công Bắc', 311),
(5659, 'Xã Nghi Công Nam', 311),
(5660, 'Xã Nghi Thạch', 311),
(5661, 'Xã Nghi Trung', 311),
(5662, 'Xã Nghi Trường', 311),
(5663, 'Xã Nghi Diên', 311),
(5664, 'Xã Nghi Phong', 311),
(5665, 'Xã Nghi Xuân', 311),
(5666, 'Xã Nghi Vạn', 311),
(5667, 'Xã Phúc Thọ', 311),
(5668, 'Xã Nghi Thái', 311),
(5669, 'Xã Nam Hưng', 312),
(5670, 'Xã Nam Nghĩa', 312),
(5671, 'Xã Nam Thanh', 312),
(5672, 'Xã Nam Anh', 312),
(5673, 'Xã Nam Xuân', 312),
(5674, 'Xã Nam Thái', 312),
(5675, 'Thị trấn Nam Đàn', 312),
(5676, 'Xã Nam Lĩnh', 312),
(5677, 'Xã Nam Giang', 312),
(5678, 'Xã Xuân Hòa', 312),
(5679, 'Xã Hùng Tiến', 312),
(5680, 'Xã Thượng Tân Lộc', 312),
(5681, 'Xã Kim Liên', 312),
(5682, 'Xã Hồng Long', 312),
(5683, 'Xã Xuân Lâm', 312),
(5684, 'Xã Nam Cát', 312),
(5685, 'Xã Khánh Sơn', 312),
(5686, 'Xã Trung Phúc Cường', 312),
(5687, 'Xã Nam Kim', 312),
(5688, 'Thị trấn Hưng Nguyên', 313),
(5689, 'Xã Hưng Trung', 313),
(5690, 'Xã Hưng Yên', 313),
(5691, 'Xã Hưng Yên Bắc', 313),
(5692, 'Xã Hưng Tây', 313),
(5693, 'Xã Hưng Đạo', 313),
(5694, 'Xã Hưng Mỹ', 313),
(5695, 'Xã Hưng Thịnh', 313),
(5696, 'Xã Hưng Lĩnh', 313),
(5697, 'Xã Hưng Thông', 313),
(5698, 'Xã Hưng Tân', 313),
(5699, 'Xã Hưng Lợi', 313),
(5700, 'Xã Hưng Nghĩa', 313),
(5701, 'Xã Hưng Phúc', 313),
(5702, 'Xã Long Xá', 313),
(5703, 'Xã Châu Nhân', 313),
(5704, 'Xã Xuân Lam', 313),
(5705, 'Xã Hưng Thành', 313),
(5706, 'Xã Quỳnh Vinh', 314),
(5707, 'Xã Quỳnh Lộc', 314),
(5708, 'Phường Quỳnh Thiện', 314),
(5709, 'Xã Quỳnh Lập', 314),
(5710, 'Xã Quỳnh Trang', 314),
(5711, 'Phường Mai Hùng', 314),
(5712, 'Phường Quỳnh Dị', 314),
(5713, 'Phường Quỳnh Xuân', 314),
(5714, 'Phường Quỳnh Phương', 314),
(5715, 'Xã Quỳnh Liên', 314),
(5716, 'Phường Trần Phú', 315),
(5717, 'Phường Nam Hà', 315),
(5718, 'Phường Bắc Hà', 315),
(5719, 'Phường Nguyễn Du', 315),
(5720, 'Phường Tân Giang', 315),
(5721, 'Phường Đại Nài', 315),
(5722, 'Phường Hà Huy Tập', 315),
(5723, 'Xã Thạch Trung', 315),
(5724, 'Phường Thạch Quý', 315),
(5725, 'Phường Thạch Linh', 315),
(5726, 'Phường Văn Yên', 315),
(5727, 'Xã Thạch Hạ', 315),
(5728, 'Xã Đồng Môn', 315),
(5729, 'Xã Thạch Hưng', 315),
(5730, 'Xã Thạch Bình', 315),
(5731, 'Phường Bắc Hồng', 316),
(5732, 'Phường Nam Hồng', 316),
(5733, 'Phường Trung Lương', 316),
(5734, 'Phường Đức Thuận', 316),
(5735, 'Phường Đậu Liêu', 316),
(5736, 'Xã Thuận Lộc', 316),
(5737, 'Thị trấn Phố Châu', 317),
(5738, 'Thị trấn Tây Sơn', 317),
(5739, 'Xã Sơn Hồng', 317),
(5740, 'Xã Sơn Tiến', 317),
(5741, 'Xã Sơn Lâm', 317),
(5742, 'Xã Sơn Lễ', 317),
(5743, 'Xã Sơn Giang', 317),
(5744, 'Xã Sơn Lĩnh', 317),
(5745, 'Xã An Hòa Thịnh', 317),
(5746, 'Xã Sơn Tây', 317),
(5747, 'Xã Sơn Ninh', 317),
(5748, 'Xã Sơn Châu', 317),
(5749, 'Xã Tân Mỹ Hà', 317),
(5750, 'Xã Quang Diệm', 317),
(5751, 'Xã Sơn Trung', 317),
(5752, 'Xã Sơn Bằng', 317),
(5753, 'Xã Sơn Bình', 317),
(5754, 'Xã Sơn Kim 1', 317),
(5755, 'Xã Sơn Kim 2', 317),
(5756, 'Xã Sơn Trà', 317),
(5757, 'Xã Sơn Long', 317),
(5758, 'Xã Kim Hoa', 317),
(5759, 'Xã Sơn Hàm', 317),
(5760, 'Xã Sơn Phú', 317),
(5761, 'Xã Sơn Trường', 317),
(5762, 'Thị trấn Đức Thọ', 318),
(5763, 'Xã Quang Vĩnh', 318),
(5764, 'Xã Tùng Châu', 318),
(5765, 'Xã Trường Sơn', 318),
(5766, 'Xã Liên Minh', 318),
(5767, 'Xã Yên Hồ', 318),
(5768, 'Xã Tùng Ảnh', 318),
(5769, 'Xã Bùi La Nhân', 318),
(5770, 'Xã Thanh Bình Thịnh', 318),
(5771, 'Xã Lâm Trung Thủy', 318),
(5772, 'Xã Hòa Lạc', 318),
(5773, 'Xã Tân Dân', 318),
(5774, 'Xã An Dũng', 318),
(5775, 'Xã Đức Đồng', 318),
(5776, 'Xã Đức Lạng', 318),
(5777, 'Xã Tân Hương', 318),
(5778, 'Thị trấn Vũ Quang', 319),
(5779, 'Xã Ân Phú', 319),
(5780, 'Xã Đức Giang', 319),
(5781, 'Xã Đức Lĩnh', 319),
(5782, 'Xã Thọ Điền', 319),
(5783, 'Xã Đức Hương', 319),
(5784, 'Xã Đức Bồng', 319),
(5785, 'Xã Đức Liên', 319),
(5786, 'Xã Hương Minh', 319),
(5787, 'Xã Quang Thọ', 319),
(5788, 'Thị trấn Xuân An', 320),
(5789, 'Xã Xuân Hội', 320),
(5790, 'Xã Đan Trường', 320),
(5791, 'Xã Xuân Phổ', 320),
(5792, 'Xã Xuân Hải', 320),
(5793, 'Xã Xuân Giang', 320),
(5794, 'Thị trấn Tiên Điền', 320),
(5795, 'Xã Xuân Yên', 320),
(5796, 'Xã Xuân Mỹ', 320),
(5797, 'Xã Xuân Thành', 320),
(5798, 'Xã Xuân Viên', 320),
(5799, 'Xã Xuân Hồng', 320),
(5800, 'Xã Cỗ Đạm', 320),
(5801, 'Xã Xuân Liên', 320),
(5802, 'Xã Xuân Lĩnh', 320),
(5803, 'Xã Xuân Lam', 320),
(5804, 'Xã Cương Gián', 320),
(5805, 'Thị trấn Nghèn', 321),
(5806, 'Xã Thiên Lộc', 321),
(5807, 'Xã Thuần Thiện', 321),
(5808, 'Xã Vượng Lộc', 321),
(5809, 'Xã Thanh Lộc', 321),
(5810, 'Xã Kim Song Trường', 321),
(5811, 'Xã Thường Nga', 321),
(5812, 'Xã Tùng Lộc', 321),
(5813, 'Xã Phú Lộc', 321),
(5814, 'Xã Gia Hanh', 321),
(5815, 'Xã Khánh Vĩnh Yên', 321),
(5816, 'Xã Trung Lộc', 321),
(5817, 'Xã Xuân Lộc', 321),
(5818, 'Xã Thượng Lộc', 321),
(5819, 'Xã Quang Lộc', 321),
(5820, 'Thị trấn Đồng Lộc', 321),
(5821, 'Xã Mỹ Lộc', 321),
(5822, 'Xã Sơn Lộc', 321),
(5823, 'Thị trấn Hương Khê', 322),
(5824, 'Xã Điền Mỹ', 322),
(5825, 'Xã Hà Linh', 322),
(5826, 'Xã Hương Thủy', 322),
(5827, 'Xã Hòa Hải', 322),
(5828, 'Xã Phúc Đồng', 322),
(5829, 'Xã Hương Giang', 322),
(5830, 'Xã Lộc Yên', 322),
(5831, 'Xã Hương Bình', 322),
(5832, 'Xã Hương Long', 322),
(5833, 'Xã Phú Gia', 322),
(5834, 'Xã Gia Phố', 322),
(5835, 'Xã Phú Phong', 322),
(5836, 'Xã Hương Đô', 322),
(5837, 'Xã Hương Vĩnh', 322),
(5838, 'Xã Hương Xuân', 322),
(5839, 'Xã Phúc Trạch', 322),
(5840, 'Xã Hương Trà', 322),
(5841, 'Xã Hương Trạch', 322),
(5842, 'Xã Hương Lâm', 322),
(5843, 'Xã Hương Liên', 322),
(5844, 'Thị trấn Thạch Hà', 323),
(5845, 'Xã Ngọc Sơn', 323),
(5846, 'Xã Thạch Hải', 323),
(5847, 'Xã Thạch Kênh', 323),
(5848, 'Xã Thạch Sơn', 323),
(5849, 'Xã Thạch Liên', 323),
(5850, 'Xã Đỉnh Bàn', 323),
(5851, 'Xã Việt Tiến', 323),
(5852, 'Xã Thạch Khê', 323),
(5853, 'Xã Thạch Long', 323),
(5854, 'Xã Thạch Trị', 323),
(5855, 'Xã Thạch Lạc', 323),
(5856, 'Xã Thạch Ngọc', 323),
(5857, 'Xã Tượng Sơn', 323),
(5858, 'Xã Thạch Văn', 323),
(5859, 'Xã Lưu Vĩnh Sơn', 323),
(5860, 'Xã Thạch Thắng', 323),
(5861, 'Xã Thạch Đài', 323),
(5862, 'Xã Thạch Hội', 323),
(5863, 'Xã Tân Lâm Hương', 323),
(5864, 'Xã Thạch Xuân', 323),
(5865, 'Xã Nam Điền', 323),
(5866, 'Thị trấn Cẩm Xuyên', 324),
(5867, 'Thị trấn Thiên Cầm', 324),
(5868, 'Xã Yên Hòa', 324),
(5869, 'Xã Cẩm Dương', 324),
(5870, 'Xã Cẩm Bình', 324),
(5871, 'Xã Cẩm Vĩnh', 324),
(5872, 'Xã Cẩm Thành', 324),
(5873, 'Xã Cẩm Quang', 324),
(5874, 'Xã Cẩm Thạch', 324),
(5875, 'Xã Cẩm Nhượng', 324),
(5876, 'Xã Nam Phúc Thăng', 324),
(5877, 'Xã Cẩm Duệ', 324),
(5878, 'Xã Cẩm Lĩnh', 324),
(5879, 'Xã Cẩm Quan', 324),
(5880, 'Xã Cẩm Hà', 324),
(5881, 'Xã Cẩm Lộc', 324),
(5882, 'Xã Cẩm Hưng', 324),
(5883, 'Xã Cẩm Thịnh', 324),
(5884, 'Xã Cẩm Mỹ', 324),
(5885, 'Xã Cẩm Trung', 324),
(5886, 'Xã Cẩm Sơn', 324),
(5887, 'Xã Cẩm Lạc', 324),
(5888, 'Xã Cẩm Minh', 324),
(5889, 'Xã Kỳ Xuân', 325),
(5890, 'Xã Kỳ Bắc', 325),
(5891, 'Xã Kỳ Phú', 325),
(5892, 'Xã Kỳ Phong', 325),
(5893, 'Xã Kỳ Tiến', 325),
(5894, 'Xã Kỳ Giang', 325),
(5895, 'Xã Kỳ Đồng', 325),
(5896, 'Xã Kỳ Khang', 325),
(5897, 'Xã Kỳ Văn', 325),
(5898, 'Xã Kỳ Trung', 325),
(5899, 'Xã Kỳ Thọ', 325),
(5900, 'Xã Kỳ Tây', 325),
(5901, 'Xã Kỳ Thượng', 325),
(5902, 'Xã Kỳ Hải', 325),
(5903, 'Xã Kỳ Thư', 325),
(5904, 'Xã Kỳ Châu', 325),
(5905, 'Xã Kỳ Tân', 325),
(5906, 'Xã Lâm Hợp', 325),
(5907, 'Xã Kỳ Sơn', 325),
(5908, 'Xã Kỳ Lạc', 325),
(5909, 'Xã Tân Lộc', 326),
(5910, 'Xã Hồng Lộc', 326),
(5911, 'Xã Thịnh Lộc', 326),
(5912, 'Xã Bình An', 326),
(5913, 'Xã Ích Hậu', 326),
(5914, 'Xã Phù Lưu', 326),
(5915, 'Thị trấn Lộc Hà', 326),
(5916, 'Xã Thạch Mỹ', 326),
(5917, 'Xã Thạch Kim', 326),
(5918, 'Xã Thạch Châu', 326),
(5919, 'Xã Hộ Độ', 326),
(5920, 'Xã Mai Phụ', 326),
(5921, 'Phường Hưng Trí', 327),
(5922, 'Xã Kỳ Ninh', 327),
(5923, 'Xã Kỳ Lợi', 327),
(5924, 'Xã Kỳ Hà', 327),
(5925, 'Phường Kỳ Trinh', 327),
(5926, 'Phường Kỳ Thịnh', 327),
(5927, 'Xã Kỳ Hoa', 327),
(5928, 'Phường Kỳ Phương', 327),
(5929, 'Phường Kỳ Long', 327),
(5930, 'Phường Kỳ Liên', 327),
(5931, 'Xã Kỳ Nam', 327),
(5932, 'Phường Hải Thành', 328),
(5933, 'Phường Đồng Phú', 328),
(5934, 'Phường Bắc Lý', 328),
(5935, 'Phường Nam Lý', 328),
(5936, 'Phường Đồng Hải', 328),
(5937, 'Phường Đồng Sơn', 328),
(5938, 'Phường Phú Hải', 328),
(5939, 'Phường Bắc Nghĩa', 328),
(5940, 'Phường Đức Ninh Đông', 328),
(5941, 'Xã Quang Phú', 328),
(5942, 'Xã Lộc Ninh', 328),
(5943, 'Xã Bảo Ninh', 328),
(5944, 'Xã Nghĩa Ninh', 328),
(5945, 'Xã Thuận Đức', 328),
(5946, 'Xã Đức Ninh', 328),
(5947, 'Thị trấn Quy Đạt', 329),
(5948, 'Xã Dân Hóa', 329),
(5949, 'Xã Trọng Hóa', 329),
(5950, 'Xã Hóa Phúc', 329),
(5951, 'Xã Hồng Hóa', 329),
(5952, 'Xã Hóa Thanh', 329),
(5953, 'Xã Hóa Tiến', 329),
(5954, 'Xã Hóa Hợp', 329),
(5955, 'Xã Xuân Hóa', 329),
(5956, 'Xã Yên Hóa', 329),
(5957, 'Xã Minh Hóa', 329),
(5958, 'Xã Tân Hóa', 329),
(5959, 'Xã Hóa Sơn', 329),
(5960, 'Xã Trung Hóa', 329),
(5961, 'Xã Thượng Hóa', 329),
(5962, 'Thị trấn Đồng Lê', 330),
(5963, 'Xã Hương Hóa', 330),
(5964, 'Xã Kim Hóa', 330),
(5965, 'Xã Thanh Hóa', 330),
(5966, 'Xã Thanh Thạch', 330),
(5967, 'Xã Thuận Hóa', 330),
(5968, 'Xã Lâm Hóa', 330),
(5969, 'Xã Lê Hóa', 330),
(5970, 'Xã Sơn Hóa', 330),
(5971, 'Xã Đồng Hóa', 330),
(5972, 'Xã Ngư Hóa', 330),
(5973, 'Xã Thạch Hóa', 330),
(5974, 'Xã Đức Hóa', 330),
(5975, 'Xã Phong Hóa', 330),
(5976, 'Xã Mai Hóa', 330),
(5977, 'Xã Tiến Hóa', 330),
(5978, 'Xã Châu Hóa', 330),
(5979, 'Xã Cao Quảng', 330),
(5980, 'Xã Văn Hóa', 330),
(5981, 'Xã Quảng Hợp', 331),
(5982, 'Xã Quảng Kim', 331),
(5983, 'Xã Quảng Đông', 331),
(5984, 'Xã Quảng Phú', 331),
(5985, 'Xã Quảng Châu', 331),
(5986, 'Xã Quảng Thạch', 331),
(5987, 'Xã Quảng Lưu', 331),
(5988, 'Xã Quảng Tùng', 331),
(5989, 'Xã Cảnh Dương', 331),
(5990, 'Xã Quảng Tiến', 331),
(5991, 'Xã Quảng Hưng', 331),
(5992, 'Xã Quảng Xuân', 331),
(5993, 'Xã Cảnh Hóa', 331),
(5994, 'Xã Liên Trường', 331),
(5995, 'Xã Quảng Phương', 331),
(5996, 'Xã Phù Hóa', 331),
(5997, 'Xã Quảng Thanh', 331),
(5998, 'Thị trấn Hoàn Lão', 332),
(5999, 'Thị trấn NT Việt Trung', 332),
(6000, 'Xã Xuân Trạch', 332),
(6001, 'Xã Mỹ Trạch', 332),
(6002, 'Xã Hạ Trạch', 332),
(6003, 'Xã Bắc Trạch', 332),
(6004, 'Xã Lâm Trạch', 332),
(6005, 'Xã Thanh Trạch', 332),
(6006, 'Xã Liên Trạch', 332),
(6007, 'Xã Phúc Trạch', 332),
(6008, 'Xã Cự Nẫm', 332),
(6009, 'Xã Hải Phú', 332),
(6010, 'Xã Thượng Trạch', 332),
(6011, 'Xã Sơn Lộc', 332),
(6012, 'Xã Hưng Trạch', 332),
(6013, 'Xã Đồng Trạch', 332),
(6014, 'Xã Đức Trạch', 332),
(6015, 'Thị trấn Phong Nha', 332),
(6016, 'Xã Vạn Trạch', 332),
(6017, 'Xã Phú Định', 332),
(6018, 'Xã Trung Trạch', 332),
(6019, 'Xã Tây Trạch', 332),
(6020, 'Xã Hòa Trạch', 332),
(6021, 'Xã Đại Trạch', 332),
(6022, 'Xã Nhân Trạch', 332),
(6023, 'Xã Tân Trạch', 332),
(6024, 'Xã Nam Trạch', 332),
(6025, 'Xã Lý Trạch', 332),
(6026, 'Thị trấn Quán Hàu', 333),
(6027, 'Xã Trường Sơn', 333),
(6028, 'Xã Lương Ninh', 333),
(6029, 'Xã Vĩnh Ninh', 333),
(6030, 'Xã Võ Ninh', 333),
(6031, 'Xã Hải Ninh', 333),
(6032, 'Xã Hàm Ninh', 333),
(6033, 'Xã Duy Ninh', 333),
(6034, 'Xã Gia Ninh', 333),
(6035, 'Xã Trường Xuân', 333),
(6036, 'Xã Hiền Ninh', 333),
(6037, 'Xã Tân Ninh', 333),
(6038, 'Xã Xuân Ninh', 333),
(6039, 'Xã An Ninh', 333),
(6040, 'Xã Vạn Ninh', 333),
(6041, 'Thị trấn NT Lệ Ninh', 334),
(6042, 'Thị trấn Kiến Giang', 334),
(6043, 'Xã Hồng Thủy', 334),
(6044, 'Xã Ngư Thủy Bắc', 334),
(6045, 'Xã Hoa Thủy', 334),
(6046, 'Xã Thanh Thủy', 334),
(6047, 'Xã An Thủy', 334),
(6048, 'Xã Phong Thủy', 334),
(6049, 'Xã Cam Thủy', 334),
(6050, 'Xã Ngân Thủy', 334),
(6051, 'Xã Sơn Thủy', 334),
(6052, 'Xã Lộc Thủy', 334),
(6053, 'Xã Liên Thủy', 334),
(6054, 'Xã Hưng Thủy', 334),
(6055, 'Xã Dương Thủy', 334),
(6056, 'Xã Tân Thủy', 334),
(6057, 'Xã Phú Thủy', 334),
(6058, 'Xã Xuân Thủy', 334),
(6059, 'Xã Mỹ Thủy', 334),
(6060, 'Xã Ngư Thủy', 334),
(6061, 'Xã Mai Thủy', 334),
(6062, 'Xã Sen Thủy', 334),
(6063, 'Xã Thái Thủy', 334),
(6064, 'Xã Kim Thủy', 334),
(6065, 'Xã Trường Thủy', 334),
(6066, 'Xã Lâm Thủy', 334),
(6067, 'Phường Ba Đồn', 335),
(6068, 'Phường Quảng Long', 335),
(6069, 'Phường Quảng Thọ', 335),
(6070, 'Xã Quảng Tiên', 335),
(6071, 'Xã Quảng Trung', 335),
(6072, 'Phường Quảng Phong', 335),
(6073, 'Phường Quảng Thuận', 335),
(6074, 'Xã Quảng Tân', 335),
(6075, 'Xã Quảng Hải', 335),
(6076, 'Xã Quảng Sơn', 335),
(6077, 'Xã Quảng Lộc', 335),
(6078, 'Xã Quảng Thủy', 335),
(6079, 'Xã Quảng Văn', 335),
(6080, 'Phường Quảng Phúc', 335),
(6081, 'Xã Quảng Hòa', 335),
(6082, 'Xã Quảng Minh', 335),
(6083, 'Phường Đông Giang', 336),
(6084, 'Phường 1', 336),
(6085, 'Phường Đông Lễ', 336),
(6086, 'Phường Đông Thanh', 336),
(6087, 'Phường 2', 336),
(6088, 'Phường 4', 336),
(6089, 'Phường 5', 336),
(6090, 'Phường Đông Lương', 336),
(6091, 'Phường 3', 336),
(6092, 'Phường 1', 337),
(6093, 'Phường An Đôn', 337),
(6094, 'Phường 2', 337),
(6095, 'Phường 3', 337),
(6096, 'Xã Hải Lệ', 337),
(6097, 'Thị trấn Hồ Xá', 338),
(6098, 'Thị trấn Bến Quan', 338),
(6099, 'Xã Vĩnh Thái', 338),
(6100, 'Xã Vĩnh Tú', 338),
(6101, 'Xã Vĩnh Chấp', 338),
(6102, 'Xã Trung Nam', 338),
(6103, 'Xã Kim Thạch', 338),
(6104, 'Xã Vĩnh Long', 338),
(6105, 'Xã Vĩnh Khê', 338),
(6106, 'Xã Vĩnh Hòa', 338),
(6107, 'Xã Vĩnh Thủy', 338),
(6108, 'Xã Vĩnh Lâm', 338),
(6109, 'Xã Hiền Thành', 338),
(6110, 'Thị trấn Cửa Tùng', 338),
(6111, 'Xã Vĩnh Hà', 338),
(6112, 'Xã Vĩnh Sơn', 338),
(6113, 'Xã Vĩnh Giang', 338),
(6114, 'Xã Vĩnh Ô', 338),
(6115, 'Thị trấn Khe Sanh', 339),
(6116, 'Thị trấn Lao Bảo', 339),
(6117, 'Xã Hướng Lập', 339),
(6118, 'Xã Hướng Việt', 339),
(6119, 'Xã Hướng Phùng', 339),
(6120, 'Xã Hướng Sơn', 339),
(6121, 'Xã Hướng Linh', 339),
(6122, 'Xã Tân Hợp', 339),
(6123, 'Xã Hướng Tân', 339),
(6124, 'Xã Tân Thành', 339),
(6125, 'Xã Tân Long', 339),
(6126, 'Xã Tân Lập', 339),
(6127, 'Xã Tân Liên', 339),
(6128, 'Xã Húc', 339),
(6129, 'Xã Thuận', 339),
(6130, 'Xã Hướng Lộc', 339),
(6131, 'Xã Ba Tầng', 339),
(6132, 'Xã Thanh', 339),
(6133, 'Xã A Dơi', 339),
(6134, 'Xã Lìa', 339),
(6135, 'Xã Xy', 339),
(6136, 'Thị trấn Gio Linh', 340),
(6137, 'Thị trấn Cửa Việt', 340),
(6138, 'Xã Trung Giang', 340),
(6139, 'Xã Trung Hải', 340),
(6140, 'Xã Trung Sơn', 340),
(6141, 'Xã Phong Bình', 340),
(6142, 'Xã Gio Mỹ', 340),
(6143, 'Xã Gio Hải', 340),
(6144, 'Xã Gio An', 340),
(6145, 'Xã Gio Châu', 340),
(6146, 'Xã Gio Việt', 340),
(6147, 'Xã Linh Trường', 340),
(6148, 'Xã Gio Sơn', 340),
(6149, 'Xã Gio Mai', 340),
(6150, 'Xã Hải Thái', 340),
(6151, 'Xã Linh Hải', 340),
(6152, 'Xã Gio Quang', 340),
(6153, 'Thị trấn Krông Klang', 341),
(6154, 'Xã Mò Ó', 341),
(6155, 'Xã Hướng Hiệp', 341),
(6156, 'Xã Đa Krông', 341),
(6157, 'Xã Triệu Nguyên', 341),
(6158, 'Xã Ba Lòng', 341),
(6159, 'Xã Ba Nang', 341),
(6160, 'Xã Tà Long', 341),
(6161, 'Xã Húc Nghì', 341),
(6162, 'Xã A Vao', 341),
(6163, 'Xã Tà Rụt', 341),
(6164, 'Xã A Bung', 341),
(6165, 'Xã A Ngo', 341),
(6166, 'Thị trấn Cam Lộ', 342),
(6167, 'Xã Cam Tuyền', 342),
(6168, 'Xã Thanh An', 342),
(6169, 'Xã Cam Thủy', 342),
(6170, 'Xã Cam Thành', 342),
(6171, 'Xã Cam Hiếu', 342),
(6172, 'Xã Cam Chính', 342),
(6173, 'Xã Cam Nghĩa', 342),
(6174, 'Thị Trấn Ái Tử', 343),
(6175, 'Xã Triệu An', 343),
(6176, 'Xã Triệu Vân', 343),
(6177, 'Xã Triệu Phước', 343),
(6178, 'Xã Triệu Độ', 343),
(6179, 'Xã Triệu Trạch', 343),
(6180, 'Xã Triệu Thuận', 343),
(6181, 'Xã Triệu Đại', 343),
(6182, 'Xã Triệu Hòa', 343),
(6183, 'Xã Triệu Lăng', 343),
(6184, 'Xã Triệu Sơn', 343),
(6185, 'Xã Triệu Long', 343),
(6186, 'Xã Triệu Tài', 343),
(6187, 'Xã Triệu Trung', 343),
(6188, 'Xã Triệu Ái', 343),
(6189, 'Xã Triệu Thượng', 343),
(6190, 'Xã Triệu Giang', 343),
(6191, 'Xã Triệu Thành', 343),
(6192, 'Thị trấn Diên Sanh', 344),
(6193, 'Xã Hải An', 344),
(6194, 'Xã Hải Ba', 344),
(6195, 'Xã Hải Quy', 344),
(6196, 'Xã Hải Quế', 344),
(6197, 'Xã Hải Hưng', 344),
(6198, 'Xã Hải Phú', 344),
(6199, 'Xã Hải Thượng', 344),
(6200, 'Xã Hải Dương', 344),
(6201, 'Xã Hải Định', 344),
(6202, 'Xã Hải Lâm', 344),
(6203, 'Xã Hải Phong', 344),
(6204, 'Xã Hải Trường', 344),
(6205, 'Xã Hải Sơn', 344),
(6206, 'Xã Hải Chánh', 344),
(6207, 'Xã Hải Khê', 344),
(6208, 'Phường Phú Thuận', 346),
(6209, 'Phường Phú Bình', 346),
(6210, 'Phường Tây Lộc', 346),
(6211, 'Phường Thuận Lộc', 346),
(6212, 'Phường Phú Hiệp', 346),
(6213, 'Phường Phú Hậu', 346),
(6214, 'Phường Thuận Hòa', 346),
(6215, 'Phường Thuận Thành', 346),
(6216, 'Phường Phú Hòa', 346),
(6217, 'Phường Phú Cát', 346),
(6218, 'Phường Kim Long', 346),
(6219, 'Phường Vỹ Dạ', 346),
(6220, 'Phường Phường Đúc', 346),
(6221, 'Phường Vĩnh Ninh', 346),
(6222, 'Phường Phú Hội', 346),
(6223, 'Phường Phú Nhuận', 346),
(6224, 'Phường Xuân Phú', 346),
(6225, 'Phường Trường An', 346),
(6226, 'Phường Phước Vĩnh', 346),
(6227, 'Phường An Cựu', 346),
(6228, 'Phường An Hòa', 346),
(6229, 'Phường Hương Sơ', 346),
(6230, 'Phường Thuỷ Biều', 346),
(6231, 'Phường Hương Long', 346),
(6232, 'Phường Thuỷ Xuân', 346),
(6233, 'Phường An Đông', 346),
(6234, 'Phường An Tây', 346),
(6235, 'Thị trấn Phong Điền', 347),
(6236, 'Xã Điền Hương', 347),
(6237, 'Xã Điền Môn', 347),
(6238, 'Xã Điền Lộc', 347),
(6239, 'Xã Phong Bình', 347),
(6240, 'Xã Điền Hòa', 347),
(6241, 'Xã Phong Chương', 347),
(6242, 'Xã Phong Hải', 347),
(6243, 'Xã Điền Hải', 347),
(6244, 'Xã Phong Hòa', 347),
(6245, 'Xã Phong Thu', 347),
(6246, 'Xã Phong Hiền', 347),
(6247, 'Xã Phong Mỹ', 347),
(6248, 'Xã Phong An', 347),
(6249, 'Xã Phong Xuân', 347),
(6250, 'Xã Phong Sơn', 347),
(6251, 'Thị trấn Sịa', 348),
(6252, 'Xã Quảng Thái', 348),
(6253, 'Xã Quảng Ngạn', 348),
(6254, 'Xã Quảng Lợi', 348),
(6255, 'Xã Quảng Công', 348),
(6256, 'Xã Quảng Phước', 348),
(6257, 'Xã Quảng Vinh', 348),
(6258, 'Xã Quảng An', 348),
(6259, 'Xã Quảng Thành', 348),
(6260, 'Xã Quảng Thọ', 348),
(6261, 'Xã Quảng Phú', 348),
(6262, 'Thị trấn Thuận An', 349),
(6263, 'Xã Phú Thuận', 349),
(6264, 'Xã Phú Dương', 349),
(6265, 'Xã Phú Mậu', 349),
(6266, 'Xã Phú An', 349),
(6267, 'Xã Phú Hải', 349),
(6268, 'Xã Phú Xuân', 349),
(6269, 'Xã Phú Diên', 349),
(6270, 'Xã Phú Thanh', 349),
(6271, 'Xã Phú Mỹ', 349),
(6272, 'Xã Phú Thượng', 349),
(6273, 'Xã Phú Hồ', 349),
(6274, 'Xã Vinh Xuân', 349),
(6275, 'Xã Phú Lương', 349),
(6276, 'Thị trấn Phú Đa', 349),
(6277, 'Xã Vinh Thanh', 349),
(6278, 'Xã Vinh An', 349),
(6279, 'Xã Phú Gia', 349),
(6280, 'Xã Vinh Hà', 349),
(6281, 'Phường Phú Bài', 350),
(6282, 'Xã Thủy Vân', 350),
(6283, 'Xã Thủy Thanh', 350),
(6284, 'Phường Thủy Dương', 350),
(6285, 'Phường Thủy Phương', 350),
(6286, 'Phường Thủy Châu', 350),
(6287, 'Phường Thủy Lương', 350),
(6288, 'Xã Thủy Bằng', 350),
(6289, 'Xã Thủy Tân', 350),
(6290, 'Xã Thủy Phù', 350),
(6291, 'Xã Phú Sơn', 350),
(6292, 'Xã Dương Hòa', 350),
(6293, 'Phường Tứ Hạ', 351),
(6294, 'Xã Hải Dương', 351),
(6295, 'Xã Hương Phong', 351),
(6296, 'Xã Hương Toàn', 351),
(6297, 'Phường Hương Vân', 351),
(6298, 'Phường Hương Văn', 351),
(6299, 'Xã Hương Vinh', 351),
(6300, 'Phường Hương Xuân', 351),
(6301, 'Phường Hương Chữ', 351),
(6302, 'Phường Hương An', 351),
(6303, 'Xã Hương Bình', 351),
(6304, 'Phường Hương Hồ', 351),
(6305, 'Xã Hương Thọ', 351),
(6306, 'Xã Bình Tiến', 351),
(6307, 'Xã Bình Thành', 351),
(6308, 'Thị trấn A Lưới', 352),
(6309, 'Xã Hồng Vân', 352),
(6310, 'Xã Hồng Hạ', 352),
(6311, 'Xã Hồng Kim', 352),
(6312, 'Xã Trung Sơn', 352),
(6313, 'Xã Hương Nguyên', 352),
(6314, 'Xã Hồng Bắc', 352),
(6315, 'Xã A Ngo', 352),
(6316, 'Xã Sơn Thủy', 352),
(6317, 'Xã Phú Vinh', 352),
(6318, 'Xã Hương Phong', 352),
(6319, 'Xã Quảng Nhâm', 352),
(6320, 'Xã Hồng Thượng', 352),
(6321, 'Xã Hồng Thái', 352),
(6322, 'Xã A Roàng', 352),
(6323, 'Xã Đông Sơn', 352),
(6324, 'Xã Lâm Đớt', 352),
(6325, 'Xã Hồng Thủy', 352),
(6326, 'Thị trấn Phú Lộc', 353),
(6327, 'Thị trấn Lăng Cô', 353),
(6328, 'Xã Vinh Mỹ', 353),
(6329, 'Xã Vinh Hưng', 353),
(6330, 'Xã Giang Hải', 353),
(6331, 'Xã Vinh Hiền', 353),
(6332, 'Xã Lộc Bổn', 353),
(6333, 'Xã Lộc Sơn', 353),
(6334, 'Xã Lộc Bình', 353),
(6335, 'Xã Lộc Vĩnh', 353),
(6336, 'Xã Lộc An', 353),
(6337, 'Xã Lộc Điền', 353),
(6338, 'Xã Lộc Thủy', 353),
(6339, 'Xã Lộc Trì', 353),
(6340, 'Xã Lộc Tiến', 353),
(6341, 'Xã Lộc Hòa', 353),
(6342, 'Xã Xuân Lộc', 353),
(6343, 'Thị trấn Khe Tre', 354),
(6344, 'Xã Hương Phú', 354),
(6345, 'Xã Hương Sơn', 354),
(6346, 'Xã Hương Lộc', 354),
(6347, 'Xã Thượng Quảng', 354),
(6348, 'Xã Hương Xuân', 354),
(6349, 'Xã Hương Hữu', 354),
(6350, 'Xã Thượng Lộ', 354),
(6351, 'Xã Thượng Long', 354),
(6352, 'Xã Thượng Nhật', 354),
(6353, 'Phường Hòa Hiệp Bắc', 355),
(6354, 'Phường Hòa Hiệp Nam', 355),
(6355, 'Phường Hòa Khánh Bắc', 355),
(6356, 'Phường Hòa Khánh Nam', 355),
(6357, 'Phường Hòa Minh', 355),
(6358, 'Phường Tam Thuận', 356),
(6359, 'Phường Thanh Khê Tây', 356),
(6360, 'Phường Thanh Khê Đông', 356),
(6361, 'Phường Xuân Hà', 356),
(6362, 'Phường Tân Chính', 356),
(6363, 'Phường Chính Gián', 356),
(6364, 'Phường Vĩnh Trung', 356),
(6365, 'Phường Thạc Gián', 356),
(6366, 'Phường An Khê', 356),
(6367, 'Phường Hòa Khê', 356),
(6368, 'Phường Thanh Bình', 357),
(6369, 'Phường Thuận Phước', 357),
(6370, 'Phường Thạch Thang', 357),
(6371, 'Phường Hải Châu I', 357),
(6372, 'Phường Hải Châu II', 357),
(6373, 'Phường Phước Ninh', 357),
(6374, 'Phường Hòa Thuận Tây', 357),
(6375, 'Phường Hòa Thuận Đông', 357),
(6376, 'Phường Nam Dương', 357),
(6377, 'Phường Bình Hiên', 357),
(6378, 'Phường Bình Thuận', 357),
(6379, 'Phường Hòa Cường Bắc', 357),
(6380, 'Phường Hòa Cường Nam', 357),
(6381, 'Phường Thọ Quang', 358),
(6382, 'Phường Nại Hiên Đông', 358),
(6383, 'Phường Mân Thái', 358),
(6384, 'Phường An Hải Bắc', 358),
(6385, 'Phường Phước Mỹ', 358),
(6386, 'Phường An Hải Tây', 358),
(6387, 'Phường An Hải Đông', 358),
(6388, 'Phường Mỹ An', 359),
(6389, 'Phường Khuê Mỹ', 359),
(6390, 'Phường Hoà Quý', 359),
(6391, 'Phường Hoà Hải', 359),
(6392, 'Phường Khuê Trung', 360),
(6393, 'Phường Hòa Phát', 360),
(6394, 'Phường Hòa An', 360),
(6395, 'Phường Hòa Thọ Tây', 360),
(6396, 'Phường Hòa Thọ Đông', 360),
(6397, 'Phường Hòa Xuân', 360),
(6398, 'Xã Hòa Bắc', 361),
(6399, 'Xã Hòa Liên', 361),
(6400, 'Xã Hòa Ninh', 361),
(6401, 'Xã Hòa Sơn', 361),
(6402, 'Xã Hòa Nhơn', 361),
(6403, 'Xã Hòa Phú', 361),
(6404, 'Xã Hòa Phong', 361),
(6405, 'Xã Hòa Châu', 361),
(6406, 'Xã Hòa Tiến', 361),
(6407, 'Xã Hòa Phước', 361),
(6408, 'Xã Hòa Khương', 361),
(6409, 'Phường Tân Thạnh', 363),
(6410, 'Phường Phước Hòa', 363),
(6411, 'Phường An Mỹ', 363),
(6412, 'Phường Hòa Hương', 363),
(6413, 'Phường An Xuân', 363),
(6414, 'Phường An Sơn', 363),
(6415, 'Phường Trường Xuân', 363),
(6416, 'Phường An Phú', 363),
(6417, 'Xã Tam Thanh', 363),
(6418, 'Xã Tam Thăng', 363),
(6419, 'Xã Tam Phú', 363),
(6420, 'Phường Hoà Thuận', 363),
(6421, 'Xã Tam Ngọc', 363),
(6422, 'Phường Minh An', 364),
(6423, 'Phường Tân An', 364),
(6424, 'Phường Cẩm Phô', 364),
(6425, 'Phường Thanh Hà', 364),
(6426, 'Phường Sơn Phong', 364),
(6427, 'Phường Cẩm Châu', 364),
(6428, 'Phường Cửa Đại', 364),
(6429, 'Phường Cẩm An', 364),
(6430, 'Xã Cẩm Hà', 364),
(6431, 'Xã Cẩm Kim', 364),
(6432, 'Phường Cẩm Nam', 364),
(6433, 'Xã Cẩm Thanh', 364),
(6434, 'Xã Tân Hiệp', 364),
(6435, 'Xã Ch\'ơm', 365),
(6436, 'Xã Ga Ri', 365),
(6437, 'Xã A Xan', 365),
(6438, 'Xã Tr\'Hy', 365),
(6439, 'Xã Lăng', 365),
(6440, 'Xã A Nông', 365),
(6441, 'Xã A Tiêng', 365),
(6442, 'Xã Bha Lê', 365),
(6443, 'Xã A Vương', 365),
(6444, 'Xã Dang', 365),
(6445, 'Thị trấn P Rao', 366),
(6446, 'Xã Tà Lu', 366),
(6447, 'Xã Sông Kôn', 366),
(6448, 'Xã Jơ Ngây', 366),
(6449, 'Xã A Ting', 366),
(6450, 'Xã Tư', 366),
(6451, 'Xã Ba', 366),
(6452, 'Xã A Rooi', 366),
(6453, 'Xã Za Hung', 366),
(6454, 'Xã Mà Cooi', 366),
(6455, 'Xã Ka Dăng', 366),
(6456, 'Thị Trấn Ái Nghĩa', 367),
(6457, 'Xã Đại Sơn', 367),
(6458, 'Xã Đại Lãnh', 367),
(6459, 'Xã Đại Hưng', 367),
(6460, 'Xã Đại Hồng', 367),
(6461, 'Xã Đại Đồng', 367),
(6462, 'Xã Đại Quang', 367),
(6463, 'Xã Đại Nghĩa', 367),
(6464, 'Xã Đại Hiệp', 367),
(6465, 'Xã Đại Thạnh', 367),
(6466, 'Xã Đại Chánh', 367),
(6467, 'Xã Đại Tân', 367),
(6468, 'Xã Đại Phong', 367),
(6469, 'Xã Đại Minh', 367),
(6470, 'Xã Đại Thắng', 367),
(6471, 'Xã Đại Cường', 367),
(6472, 'Xã Đại An', 367),
(6473, 'Xã Đại Hòa', 367),
(6474, 'Phường Vĩnh Điện', 368),
(6475, 'Xã Điện Tiến', 368),
(6476, 'Xã Điện Hòa', 368),
(6477, 'Xã Điện Thắng Bắc', 368),
(6478, 'Xã Điện Thắng Trung', 368),
(6479, 'Xã Điện Thắng Nam', 368),
(6480, 'Phường Điện Ngọc', 368),
(6481, 'Xã Điện Hồng', 368),
(6482, 'Xã Điện Thọ', 368),
(6483, 'Xã Điện Phước', 368),
(6484, 'Phường Điện An', 368),
(6485, 'Phường Điện Nam Bắc', 368),
(6486, 'Phường Điện Nam Trung', 368),
(6487, 'Phường Điện Nam Đông', 368),
(6488, 'Phường Điện Dương', 368),
(6489, 'Xã Điện Quang', 368),
(6490, 'Xã Điện Trung', 368),
(6491, 'Xã Điện Phong', 368),
(6492, 'Xã Điện Minh', 368),
(6493, 'Xã Điện Phương', 368),
(6494, 'Thị trấn Nam Phước', 369),
(6495, 'Xã Duy Thu', 369),
(6496, 'Xã Duy Phú', 369),
(6497, 'Xã Duy Tân', 369),
(6498, 'Xã Duy Hòa', 369),
(6499, 'Xã Duy Châu', 369),
(6500, 'Xã Duy Trinh', 369),
(6501, 'Xã Duy Sơn', 369),
(6502, 'Xã Duy Trung', 369),
(6503, 'Xã Duy Phước', 369),
(6504, 'Xã Duy Thành', 369),
(6505, 'Xã Duy Vinh', 369),
(6506, 'Xã Duy Nghĩa', 369),
(6507, 'Xã Duy Hải', 369),
(6508, 'Thị trấn Đông Phú', 370),
(6509, 'Xã Quế Xuân 1', 370),
(6510, 'Xã Quế Xuân 2', 370),
(6511, 'Xã Quế Phú', 370),
(6512, 'Thị trấn Hương An', 370),
(6513, 'Xã Quế Hiệp', 370),
(6514, 'Xã Quế Thuận', 370),
(6515, 'Xã Quế Mỹ', 370),
(6516, 'Xã Quế Long', 370),
(6517, 'Xã Quế Châu', 370),
(6518, 'Xã Quế Phong', 370),
(6519, 'Xã Quế An', 370),
(6520, 'Xã Quế Minh', 370),
(6521, 'Thị trấn Thạnh Mỹ', 371),
(6522, 'Xã Laêê', 371),
(6523, 'Xã Chơ Chun', 371),
(6524, 'Xã Zuôich', 371),
(6525, 'Xã Tà Pơơ', 371),
(6526, 'Xã La Dêê', 371),
(6527, 'Xã Đắc Tôi', 371),
(6528, 'Xã Chà Vàl', 371),
(6529, 'Xã Tà Bhinh', 371),
(6530, 'Xã Cà Dy', 371),
(6531, 'Xã Đắc Pre', 371),
(6532, 'Xã Đắc Pring', 371),
(6533, 'Thị trấn Khâm Đức', 372),
(6534, 'Xã Phước Xuân', 372),
(6535, 'Xã Phước Hiệp', 372),
(6536, 'Xã Phước Hoà', 372),
(6537, 'Xã Phước Đức', 372),
(6538, 'Xã Phước Năng', 372),
(6539, 'Xã Phước Mỹ', 372),
(6540, 'Xã Phước Chánh', 372),
(6541, 'Xã Phước Công', 372),
(6542, 'Xã Phước Kim', 372),
(6543, 'Xã Phước Lộc', 372),
(6544, 'Xã Phước Thành', 372),
(6545, 'Xã Hiệp Hòa', 373),
(6546, 'Xã Hiệp Thuận', 373),
(6547, 'Xã Quế Thọ', 373),
(6548, 'Xã Bình Lâm', 373),
(6549, 'Xã Sông Trà', 373),
(6550, 'Xã Phước Trà', 373),
(6551, 'Xã Phước Gia', 373),
(6552, 'Thị trấn Tân Bình', 373),
(6553, 'Xã Quế Lưu', 373),
(6554, 'Xã Thăng Phước', 373),
(6555, 'Xã Bình Sơn', 373),
(6556, 'Thị trấn Hà Lam', 374),
(6557, 'Xã Bình Dương', 374),
(6558, 'Xã Bình Giang', 374),
(6559, 'Xã Bình Nguyên', 374),
(6560, 'Xã Bình Phục', 374),
(6561, 'Xã Bình Triều', 374),
(6562, 'Xã Bình Đào', 374),
(6563, 'Xã Bình Minh', 374),
(6564, 'Xã Bình Lãnh', 374),
(6565, 'Xã Bình Trị', 374),
(6566, 'Xã Bình Định Bắc', 374),
(6567, 'Xã Bình Định Nam', 374),
(6568, 'Xã Bình Quý', 374),
(6569, 'Xã Bình Phú', 374),
(6570, 'Xã Bình Chánh', 374),
(6571, 'Xã Bình Tú', 374),
(6572, 'Xã Bình Sa', 374),
(6573, 'Xã Bình Hải', 374),
(6574, 'Xã Bình Quế', 374),
(6575, 'Xã Bình An', 374),
(6576, 'Xã Bình Trung', 374),
(6577, 'Xã Bình Nam', 374),
(6578, 'Thị trấn Tiên Kỳ', 375),
(6579, 'Xã Tiên Sơn', 375),
(6580, 'Xã Tiên Hà', 375),
(6581, 'Xã Tiên Cẩm', 375),
(6582, 'Xã Tiên Châu', 375),
(6583, 'Xã Tiên Lãnh', 375),
(6584, 'Xã Tiên Ngọc', 375),
(6585, 'Xã Tiên Hiệp', 375),
(6586, 'Xã Tiên Cảnh', 375),
(6587, 'Xã Tiên Mỹ', 375),
(6588, 'Xã Tiên Phong', 375),
(6589, 'Xã Tiên Thọ', 375),
(6590, 'Xã Tiên An', 375),
(6591, 'Xã Tiên Lộc', 375),
(6592, 'Xã Tiên Lập', 375),
(6593, 'Thị trấn Trà My', 376),
(6594, 'Xã Trà Sơn', 376),
(6595, 'Xã Trà Kót', 376),
(6596, 'Xã Trà Nú', 376),
(6597, 'Xã Trà Đông', 376),
(6598, 'Xã Trà Dương', 376),
(6599, 'Xã Trà Giang', 376),
(6600, 'Xã Trà Bui', 376),
(6601, 'Xã Trà Đốc', 376),
(6602, 'Xã Trà Tân', 376),
(6603, 'Xã Trà Giác', 376),
(6604, 'Xã Trà Giáp', 376),
(6605, 'Xã Trà Ka', 376),
(6606, 'Xã Trà Leng', 377),
(6607, 'Xã Trà Dơn', 377),
(6608, 'Xã Trà Tập', 377),
(6609, 'Xã Trà Mai', 377),
(6610, 'Xã Trà Cang', 377),
(6611, 'Xã Trà Linh', 377),
(6612, 'Xã Trà Nam', 377),
(6613, 'Xã Trà Don', 377),
(6614, 'Xã Trà Vân', 377),
(6615, 'Xã Trà Vinh', 377),
(6616, 'Thị trấn Núi Thành', 378),
(6617, 'Xã Tam Xuân I', 378),
(6618, 'Xã Tam Xuân II', 378),
(6619, 'Xã Tam Tiến', 378),
(6620, 'Xã Tam Sơn', 378),
(6621, 'Xã Tam Thạnh', 378),
(6622, 'Xã Tam Anh Bắc', 378),
(6623, 'Xã Tam Anh Nam', 378),
(6624, 'Xã Tam Hòa', 378),
(6625, 'Xã Tam Hiệp', 378),
(6626, 'Xã Tam Hải', 378),
(6627, 'Xã Tam Giang', 378),
(6628, 'Xã Tam Quang', 378),
(6629, 'Xã Tam Nghĩa', 378),
(6630, 'Xã Tam Mỹ Tây', 378),
(6631, 'Xã Tam Mỹ Đông', 378),
(6632, 'Xã Tam Trà', 378),
(6633, 'Thị trấn Phú Thịnh', 379),
(6634, 'Xã Tam Thành', 379),
(6635, 'Xã Tam An', 379),
(6636, 'Xã Tam Đàn', 379),
(6637, 'Xã Tam Lộc', 379),
(6638, 'Xã Tam Phước', 379),
(6639, 'Xã Tam Vinh', 379),
(6640, 'Xã Tam Thái', 379),
(6641, 'Xã Tam Đại', 379),
(6642, 'Xã Tam Dân', 379),
(6643, 'Xã Tam Lãnh', 379),
(6644, 'Xã Quế Trung', 380),
(6645, 'Xã Ninh Phước', 380),
(6646, 'Xã Phước Ninh', 380),
(6647, 'Xã Quế Lộc', 380),
(6648, 'Xã Sơn Viên', 380),
(6649, 'Xã Quế Lâm', 380),
(6650, 'Phường Lê Hồng Phong', 381),
(6651, 'Phường Trần Phú', 381),
(6652, 'Phường Quảng Phú', 381),
(6653, 'Phường Nghĩa Chánh', 381),
(6654, 'Phường Trần Hưng Đạo', 381),
(6655, 'Phường Nguyễn Nghiêm', 381),
(6656, 'Phường Nghĩa Lộ', 381),
(6657, 'Phường Chánh Lộ', 381),
(6658, 'Xã Nghĩa Dũng', 381),
(6659, 'Xã Nghĩa Dõng', 381),
(6660, 'Phường Trương Quang Trọng', 381),
(6661, 'Xã Tịnh Hòa', 381),
(6662, 'Xã Tịnh Kỳ', 381),
(6663, 'Xã Tịnh Thiện', 381),
(6664, 'Xã Tịnh Ấn Đông', 381),
(6665, 'Xã Tịnh Châu', 381),
(6666, 'Xã Tịnh Khê', 381),
(6667, 'Xã Tịnh Long', 381),
(6668, 'Xã Tịnh Ấn Tây', 381),
(6669, 'Xã Tịnh An', 381),
(6670, 'Xã Nghĩa Phú', 381),
(6671, 'Xã Nghĩa Hà', 381),
(6672, 'Xã Nghĩa An', 381),
(6673, 'Thị Trấn Châu Ổ', 382),
(6674, 'Xã Bình Thuận', 382),
(6675, 'Xã Bình Thạnh', 382),
(6676, 'Xã Bình Đông', 382),
(6677, 'Xã Bình Chánh', 382),
(6678, 'Xã Bình Nguyên', 382),
(6679, 'Xã Bình Khương', 382),
(6680, 'Xã Bình Trị', 382),
(6681, 'Xã Bình An', 382),
(6682, 'Xã Bình Hải', 382),
(6683, 'Xã Bình Dương', 382),
(6684, 'Xã Bình Phước', 382),
(6685, 'Xã Bình Hòa', 382),
(6686, 'Xã Bình Trung', 382),
(6687, 'Xã Bình Minh', 382),
(6688, 'Xã Bình Long', 382),
(6689, 'Xã Bình Thanh', 382),
(6690, 'Xã Bình Chương', 382),
(6691, 'Xã Bình Hiệp', 382),
(6692, 'Xã Bình Mỹ', 382),
(6693, 'Xã Bình Tân Phú', 382),
(6694, 'Xã Bình Châu', 382),
(6695, 'Thị trấn Trà Xuân', 383),
(6696, 'Xã Trà Giang', 383),
(6697, 'Xã Trà Thủy', 383),
(6698, 'Xã Trà Hiệp', 383),
(6699, 'Xã Trà Bình', 383),
(6700, 'Xã Trà Phú', 383),
(6701, 'Xã Trà Lâm', 383),
(6702, 'Xã Trà Tân', 383),
(6703, 'Xã Trà Sơn', 383),
(6704, 'Xã Trà Bùi', 383),
(6705, 'Xã Trà Thanh', 383),
(6706, 'Xã Sơn Trà', 383),
(6707, 'Xã Trà Phong', 383),
(6708, 'Xã Hương Trà', 383),
(6709, 'Xã Trà Xinh', 383),
(6710, 'Xã Trà Tây', 383),
(6711, 'Xã Tịnh Thọ', 384),
(6712, 'Xã Tịnh Trà', 384),
(6713, 'Xã Tịnh Phong', 384),
(6714, 'Xã Tịnh Hiệp', 384),
(6715, 'Xã Tịnh Bình', 384),
(6716, 'Xã Tịnh Đông', 384),
(6717, 'Xã Tịnh Bắc', 384),
(6718, 'Xã Tịnh Sơn', 384),
(6719, 'Xã Tịnh Hà', 384),
(6720, 'Xã Tịnh Giang', 384),
(6721, 'Xã Tịnh Minh', 384),
(6722, 'Thị trấn La Hà', 385),
(6723, 'Thị trấn Sông Vệ', 385),
(6724, 'Xã Nghĩa Lâm', 385),
(6725, 'Xã Nghĩa Thắng', 385),
(6726, 'Xã Nghĩa Thuận', 385),
(6727, 'Xã Nghĩa Kỳ', 385),
(6728, 'Xã Nghĩa Sơn', 385),
(6729, 'Xã Nghĩa Hòa', 385),
(6730, 'Xã Nghĩa Điền', 385),
(6731, 'Xã Nghĩa Thương', 385),
(6732, 'Xã Nghĩa Trung', 385),
(6733, 'Xã Nghĩa Hiệp', 385),
(6734, 'Xã Nghĩa Phương', 385),
(6735, 'Xã Nghĩa Mỹ', 385),
(6736, 'Thị trấn Di Lăng', 386),
(6737, 'Xã Sơn Hạ', 386),
(6738, 'Xã Sơn Thành', 386),
(6739, 'Xã Sơn Nham', 386),
(6740, 'Xã Sơn Bao', 386),
(6741, 'Xã Sơn Linh', 386),
(6742, 'Xã Sơn Giang', 386),
(6743, 'Xã Sơn Trung', 386),
(6744, 'Xã Sơn Thượng', 386),
(6745, 'Xã Sơn Cao', 386),
(6746, 'Xã Sơn Hải', 386),
(6747, 'Xã Sơn Thủy', 386),
(6748, 'Xã Sơn Kỳ', 386),
(6749, 'Xã Sơn Ba', 386),
(6750, 'Xã Sơn Bua', 387),
(6751, 'Xã Sơn Mùa', 387),
(6752, 'Xã Sơn Liên', 387),
(6753, 'Xã Sơn Tân', 387),
(6754, 'Xã Sơn Màu', 387),
(6755, 'Xã Sơn Dung', 387),
(6756, 'Xã Sơn Long', 387),
(6757, 'Xã Sơn Tinh', 387),
(6758, 'Xã Sơn Lập', 387),
(6759, 'Xã Long Sơn', 388),
(6760, 'Xã Long Mai', 388),
(6761, 'Xã Thanh An', 388),
(6762, 'Xã Long Môn', 388),
(6763, 'Xã Long Hiệp', 388),
(6764, 'Thị trấn Chợ Chùa', 389),
(6765, 'Xã Hành Thuận', 389),
(6766, 'Xã Hành Dũng', 389),
(6767, 'Xã Hành Trung', 389),
(6768, 'Xã Hành Nhân', 389),
(6769, 'Xã Hành Đức', 389),
(6770, 'Xã Hành Minh', 389),
(6771, 'Xã Hành Phước', 389),
(6772, 'Xã Hành Thiện', 389),
(6773, 'Xã Hành Thịnh', 389),
(6774, 'Xã Hành Tín Tây', 389),
(6775, 'Xã Hành Tín Đông', 389),
(6776, 'Thị trấn Mộ Đức', 390),
(6777, 'Xã Đức Lợi', 390),
(6778, 'Xã Đức Thắng', 390),
(6779, 'Xã Đức Nhuận', 390),
(6780, 'Xã Đức Chánh', 390),
(6781, 'Xã Đức Hiệp', 390),
(6782, 'Xã Đức Minh', 390),
(6783, 'Xã Đức Thạnh', 390),
(6784, 'Xã Đức Hòa', 390),
(6785, 'Xã Đức Tân', 390),
(6786, 'Xã Đức Phú', 390),
(6787, 'Xã Đức Phong', 390),
(6788, 'Xã Đức Lân', 390),
(6789, 'Phường Nguyễn Nghiêm', 391),
(6790, 'Xã Phổ An', 391),
(6791, 'Xã Phổ Phong', 391),
(6792, 'Xã Phổ Thuận', 391),
(6793, 'Phường Phổ Văn', 391),
(6794, 'Phường Phổ Quang', 391),
(6795, 'Xã Phổ Nhơn', 391),
(6796, 'Phường Phổ Ninh', 391),
(6797, 'Phường Phổ Minh', 391),
(6798, 'Phường Phổ Vinh', 391),
(6799, 'Phường Phổ Hòa', 391),
(6800, 'Xã Phổ Cường', 391),
(6801, 'Xã Phổ Khánh', 391),
(6802, 'Phường Phổ Thạnh', 391),
(6803, 'Xã Phổ Châu', 391),
(6804, 'Thị trấn Ba Tơ', 392),
(6805, 'Xã Ba Điền', 392),
(6806, 'Xã Ba Vinh', 392),
(6807, 'Xã Ba Thành', 392),
(6808, 'Xã Ba Động', 392),
(6809, 'Xã Ba Dinh', 392),
(6810, 'Xã Ba Giang', 392),
(6811, 'Xã Ba Liên', 392),
(6812, 'Xã Ba Ngạc', 392),
(6813, 'Xã Ba Khâm', 392),
(6814, 'Xã Ba Cung', 392),
(6815, 'Xã Ba Tiêu', 392),
(6816, 'Xã Ba Trang', 392),
(6817, 'Xã Ba Tô', 392),
(6818, 'Xã Ba Bích', 392),
(6819, 'Xã Ba Vì', 392),
(6820, 'Xã Ba Lế', 392),
(6821, 'Xã Ba Nam', 392),
(6822, 'Xã Ba Xa', 392),
(6823, 'Phường Nhơn Bình', 394),
(6824, 'Phường Nhơn Phú', 394),
(6825, 'Phường Đống Đa', 394),
(6826, 'Phường Trần Quang Diệu', 394),
(6827, 'Phường Hải Cảng', 394),
(6828, 'Phường Quang Trung', 394),
(6829, 'Phường Thị Nại', 394),
(6830, 'Phường Lê Hồng Phong', 394),
(6831, 'Phường Trần Hưng Đạo', 394),
(6832, 'Phường Ngô Mây', 394),
(6833, 'Phường Lý Thường Kiệt', 394),
(6834, 'Phường Lê Lợi', 394),
(6835, 'Phường Trần Phú', 394),
(6836, 'Phường Bùi Thị Xuân', 394),
(6837, 'Phường Nguyễn Văn Cừ', 394),
(6838, 'Phường Ghềnh Ráng', 394),
(6839, 'Xã Nhơn Lý', 394),
(6840, 'Xã Nhơn Hội', 394),
(6841, 'Xã Nhơn Hải', 394),
(6842, 'Xã Nhơn Châu', 394),
(6843, 'Xã Phước Mỹ', 394),
(6844, 'Thị trấn An Lão', 395),
(6845, 'Xã An Hưng', 395),
(6846, 'Xã An Trung', 395),
(6847, 'Xã An Dũng', 395),
(6848, 'Xã An Vinh', 395),
(6849, 'Xã An Toàn', 395),
(6850, 'Xã An Tân', 395),
(6851, 'Xã An Hòa', 395),
(6852, 'Xã An Quang', 395),
(6853, 'Xã An Nghĩa', 395),
(6854, 'Phường Tam Quan', 396),
(6855, 'Phường Bồng Sơn', 396),
(6856, 'Xã Hoài Sơn', 396),
(6857, 'Xã Hoài Châu Bắc', 396),
(6858, 'Xã Hoài Châu', 396),
(6859, 'Xã Hoài Phú', 396),
(6860, 'Phường Tam Quan Bắc', 396),
(6861, 'Phường Tam Quan Nam', 396),
(6862, 'Phường Hoài Hảo', 396),
(6863, 'Phường Hoài Thanh Tây', 396),
(6864, 'Phường Hoài Thanh', 396),
(6865, 'Phường Hoài Hương', 396),
(6866, 'Phường Hoài Tân', 396),
(6867, 'Xã Hoài Hải', 396),
(6868, 'Phường Hoài Xuân', 396),
(6869, 'Xã Hoài Mỹ', 396),
(6870, 'Phường Hoài Đức', 396),
(6871, 'Thị trấn Tăng Bạt Hổ', 397),
(6872, 'Xã Ân Hảo Tây', 397),
(6873, 'Xã Ân Hảo Đông', 397),
(6874, 'Xã Ân Sơn', 397),
(6875, 'Xã Ân Mỹ', 397),
(6876, 'Xã Đak Mang', 397),
(6877, 'Xã Ân Tín', 397),
(6878, 'Xã Ân Thạnh', 397),
(6879, 'Xã Ân Phong', 397),
(6880, 'Xã Ân Đức', 397),
(6881, 'Xã Ân Hữu', 397),
(6882, 'Xã Bok Tới', 397),
(6883, 'Xã Ân Tường Tây', 397),
(6884, 'Xã Ân Tường Đông', 397),
(6885, 'Xã Ân Nghĩa', 397),
(6886, 'Thị trấn Phù Mỹ', 398),
(6887, 'Thị trấn Bình Dương', 398),
(6888, 'Xã Mỹ Đức', 398),
(6889, 'Xã Mỹ Châu', 398),
(6890, 'Xã Mỹ Thắng', 398),
(6891, 'Xã Mỹ Lộc', 398),
(6892, 'Xã Mỹ Lợi', 398),
(6893, 'Xã Mỹ An', 398),
(6894, 'Xã Mỹ Phong', 398),
(6895, 'Xã Mỹ Trinh', 398),
(6896, 'Xã Mỹ Thọ', 398),
(6897, 'Xã Mỹ Hòa', 398),
(6898, 'Xã Mỹ Thành', 398),
(6899, 'Xã Mỹ Chánh', 398),
(6900, 'Xã Mỹ Quang', 398),
(6901, 'Xã Mỹ Hiệp', 398),
(6902, 'Xã Mỹ Tài', 398),
(6903, 'Xã Mỹ Cát', 398),
(6904, 'Xã Mỹ Chánh Tây', 398),
(6905, 'Thị trấn Vĩnh Thạnh', 399),
(6906, 'Xã Vĩnh Sơn', 399),
(6907, 'Xã Vĩnh Kim', 399),
(6908, 'Xã Vĩnh Hiệp', 399),
(6909, 'Xã Vĩnh Hảo', 399),
(6910, 'Xã Vĩnh Hòa', 399),
(6911, 'Xã Vĩnh Thịnh', 399),
(6912, 'Xã Vĩnh Thuận', 399),
(6913, 'Xã Vĩnh Quang', 399),
(6914, 'Thị trấn Phú Phong', 400),
(6915, 'Xã Bình Tân', 400),
(6916, 'Xã Tây Thuận', 400),
(6917, 'Xã Bình Thuận', 400),
(6918, 'Xã Tây Giang', 400),
(6919, 'Xã Bình Thành', 400),
(6920, 'Xã Tây An', 400),
(6921, 'Xã Bình Hòa', 400),
(6922, 'Xã Tây Bình', 400),
(6923, 'Xã Bình Tường', 400),
(6924, 'Xã Tây Vinh', 400),
(6925, 'Xã Vĩnh An', 400),
(6926, 'Xã Tây Xuân', 400),
(6927, 'Xã Bình Nghi', 400),
(6928, 'Xã Tây Phú', 400),
(6929, 'Thị trấn Ngô Mây', 401),
(6930, 'Xã Cát Sơn', 401),
(6931, 'Xã Cát Minh', 401),
(6932, 'Xã Cát Khánh', 401),
(6933, 'Xã Cát Tài', 401),
(6934, 'Xã Cát Lâm', 401),
(6935, 'Xã Cát Hanh', 401),
(6936, 'Xã Cát Thành', 401),
(6937, 'Xã Cát Trinh', 401),
(6938, 'Xã Cát Hải', 401),
(6939, 'Xã Cát Hiệp', 401),
(6940, 'Xã Cát Nhơn', 401),
(6941, 'Xã Cát Hưng', 401),
(6942, 'Xã Cát Tường', 401),
(6943, 'Xã Cát Tân', 401),
(6944, 'Thị trấn Cát Tiến', 401),
(6945, 'Xã Cát Thắng', 401),
(6946, 'Xã Cát Chánh', 401),
(6947, 'Phường Bình Định', 402),
(6948, 'Phường Đập Đá', 402),
(6949, 'Xã Nhơn Mỹ', 402),
(6950, 'Phường Nhơn Thành', 402),
(6951, 'Xã Nhơn Hạnh', 402),
(6952, 'Xã Nhơn Hậu', 402),
(6953, 'Xã Nhơn Phong', 402),
(6954, 'Xã Nhơn An', 402),
(6955, 'Xã Nhơn Phúc', 402),
(6956, 'Phường Nhơn Hưng', 402),
(6957, 'Xã Nhơn Khánh', 402),
(6958, 'Xã Nhơn Lộc', 402),
(6959, 'Phường Nhơn Hoà', 402),
(6960, 'Xã Nhơn Tân', 402),
(6961, 'Xã Nhơn Thọ', 402),
(6962, 'Thị trấn Tuy Phước', 403),
(6963, 'Thị trấn Diêu Trì', 403),
(6964, 'Xã Phước Thắng', 403),
(6965, 'Xã Phước Hưng', 403),
(6966, 'Xã Phước Quang', 403),
(6967, 'Xã Phước Hòa', 403),
(6968, 'Xã Phước Sơn', 403),
(6969, 'Xã Phước Hiệp', 403),
(6970, 'Xã Phước Lộc', 403),
(6971, 'Xã Phước Nghĩa', 403),
(6972, 'Xã Phước Thuận', 403),
(6973, 'Xã Phước An', 403),
(6974, 'Xã Phước Thành', 403),
(6975, 'Thị trấn Vân Canh', 404),
(6976, 'Xã Canh Liên', 404),
(6977, 'Xã Canh Hiệp', 404),
(6978, 'Xã Canh Vinh', 404),
(6979, 'Xã Canh Hiển', 404),
(6980, 'Xã Canh Thuận', 404),
(6981, 'Xã Canh Hòa', 404),
(6982, 'Phường 1', 405),
(6983, 'Phường 8', 405),
(6984, 'Phường 2', 405),
(6985, 'Phường 9', 405),
(6986, 'Phường 3', 405),
(6987, 'Phường 4', 405),
(6988, 'Phường 5', 405),
(6989, 'Phường 7', 405),
(6990, 'Phường 6', 405),
(6991, 'Phường Phú Thạnh', 405),
(6992, 'Phường Phú Đông', 405),
(6993, 'Xã Hòa Kiến', 405),
(6994, 'Xã Bình Kiến', 405),
(6995, 'Xã Bình Ngọc', 405),
(6996, 'Xã An Phú', 405),
(6997, 'Phường Phú Lâm', 405),
(6998, 'Phường Xuân Phú', 406),
(6999, 'Xã Xuân Lâm', 406),
(7000, 'Phường Xuân Thành', 406),
(7001, 'Xã Xuân Hải', 406),
(7002, 'Xã Xuân Lộc', 406),
(7003, 'Xã Xuân Bình', 406),
(7004, 'Xã Xuân Cảnh', 406),
(7005, 'Xã Xuân Thịnh', 406),
(7006, 'Xã Xuân Phương', 406),
(7007, 'Phường Xuân Yên', 406),
(7008, 'Xã Xuân Thọ 1', 406),
(7009, 'Phường Xuân Đài', 406),
(7010, 'Xã Xuân Thọ 2', 406),
(7011, 'Thị trấn La Hai', 407),
(7012, 'Xã Đa Lộc', 407),
(7013, 'Xã Phú Mỡ', 407),
(7014, 'Xã Xuân Lãnh', 407),
(7015, 'Xã Xuân Long', 407),
(7016, 'Xã Xuân Quang 1', 407),
(7017, 'Xã Xuân Sơn Bắc', 407),
(7018, 'Xã Xuân Quang 2', 407),
(7019, 'Xã Xuân Sơn Nam', 407),
(7020, 'Xã Xuân Quang 3', 407),
(7021, 'Xã Xuân Phước', 407),
(7022, 'Thị trấn Chí Thạnh', 408),
(7023, 'Xã An Dân', 408),
(7024, 'Xã An Ninh Tây', 408),
(7025, 'Xã An Ninh Đông', 408),
(7026, 'Xã An Thạch', 408),
(7027, 'Xã An Định', 408),
(7028, 'Xã An Nghiệp', 408),
(7029, 'Xã An Cư', 408),
(7030, 'Xã An Xuân', 408),
(7031, 'Xã An Lĩnh', 408),
(7032, 'Xã An Hòa Hải', 408),
(7033, 'Xã An Hiệp', 408),
(7034, 'Xã An Mỹ', 408),
(7035, 'Xã An Chấn', 408),
(7036, 'Xã An Thọ', 408),
(7037, 'Thị trấn Củng Sơn', 409),
(7038, 'Xã Phước Tân', 409),
(7039, 'Xã Sơn Hội', 409),
(7040, 'Xã Sơn Định', 409),
(7041, 'Xã Sơn Long', 409),
(7042, 'Xã Cà Lúi', 409),
(7043, 'Xã Sơn Phước', 409),
(7044, 'Xã Sơn Xuân', 409),
(7045, 'Xã Sơn Nguyên', 409),
(7046, 'Xã Eachà Rang', 409),
(7047, 'Xã Krông Pa', 409),
(7048, 'Xã Suối Bạc', 409),
(7049, 'Xã Sơn Hà', 409),
(7050, 'Xã Suối Trai', 409),
(7051, 'Thị trấn Hai Riêng', 410),
(7052, 'Xã Ea Lâm', 410),
(7053, 'Xã Đức Bình Tây', 410),
(7054, 'Xã Ea Bá', 410),
(7055, 'Xã Sơn Giang', 410),
(7056, 'Xã Đức Bình Đông', 410),
(7057, 'Xã EaBar', 410),
(7058, 'Xã EaBia', 410),
(7059, 'Xã EaTrol', 410),
(7060, 'Xã Sông Hinh', 410),
(7061, 'Xã Ealy', 410),
(7062, 'Xã Sơn Thành Tây', 411),
(7063, 'Xã Sơn Thành Đông', 411),
(7064, 'Xã Hòa Bình 1', 411),
(7065, 'Thị trấn Phú Thứ', 411),
(7066, 'Xã Hòa Phong', 411),
(7067, 'Xã Hòa Phú', 411),
(7068, 'Xã Hòa Tân Tây', 411),
(7069, 'Xã Hòa Đồng', 411),
(7070, 'Xã Hòa Mỹ Đông', 411),
(7071, 'Xã Hòa Mỹ Tây', 411),
(7072, 'Xã Hòa Thịnh', 411),
(7073, 'Xã Hòa Quang Bắc', 412),
(7074, 'Xã Hòa Quang Nam', 412),
(7075, 'Xã Hòa Hội', 412),
(7076, 'Xã Hòa Trị', 412),
(7077, 'Xã Hòa An', 412),
(7078, 'Xã Hòa Định Đông', 412),
(7079, 'Thị Trấn Phú Hoà', 412),
(7080, 'Xã Hòa Định Tây', 412),
(7081, 'Xã Hòa Thắng', 412),
(7082, 'Xã Hòa Thành', 413),
(7083, 'Phường Hòa Hiệp Bắc', 413),
(7084, 'Phường Hoà Vinh', 413),
(7085, 'Phường Hoà Hiệp Trung', 413),
(7086, 'Xã Hòa Tân Đông', 413),
(7087, 'Phường Hòa Xuân Tây', 413),
(7088, 'Phường Hòa Hiệp Nam', 413),
(7089, 'Xã Hòa Xuân Đông', 413),
(7090, 'Xã Hòa Tâm', 413),
(7091, 'Xã Hòa Xuân Nam', 413),
(7092, 'Phường Vĩnh Hòa', 414),
(7093, 'Phường Vĩnh Hải', 414),
(7094, 'Phường Vĩnh Phước', 414),
(7095, 'Phường Ngọc Hiệp', 414),
(7096, 'Phường Vĩnh Thọ', 414),
(7097, 'Phường Xương Huân', 414),
(7098, 'Phường Vạn Thắng', 414),
(7099, 'Phường Vạn Thạnh', 414),
(7100, 'Phường Phương Sài', 414),
(7101, 'Phường Phương Sơn', 414),
(7102, 'Phường Phước Hải', 414),
(7103, 'Phường Phước Tân', 414),
(7104, 'Phường Lộc Thọ', 414),
(7105, 'Phường Phước Tiến', 414),
(7106, 'Phường Tân Lập', 414),
(7107, 'Phường Phước Hòa', 414),
(7108, 'Phường Vĩnh Nguyên', 414),
(7109, 'Phường Phước Long', 414),
(7110, 'Phường Vĩnh Trường', 414),
(7111, 'Xã Vĩnh Lương', 414),
(7112, 'Xã Vĩnh Phương', 414),
(7113, 'Xã Vĩnh Ngọc', 414),
(7114, 'Xã Vĩnh Thạnh', 414),
(7115, 'Xã Vĩnh Trung', 414),
(7116, 'Xã Vĩnh Hiệp', 414),
(7117, 'Xã Vĩnh Thái', 414),
(7118, 'Xã Phước Đồng', 414),
(7119, 'Phường Cam Nghĩa', 415),
(7120, 'Phường Cam Phúc Bắc', 415),
(7121, 'Phường Cam Phúc Nam', 415),
(7122, 'Phường Cam Lộc', 415),
(7123, 'Phường Cam Phú', 415),
(7124, 'Phường Ba Ngòi', 415),
(7125, 'Phường Cam Thuận', 415),
(7126, 'Phường Cam Lợi', 415),
(7127, 'Phường Cam Linh', 415),
(7128, 'Xã Cam Thành Nam', 415),
(7129, 'Xã Cam Phước Đông', 415),
(7130, 'Xã Cam Thịnh Tây', 415),
(7131, 'Xã Cam Thịnh Đông', 415),
(7132, 'Xã Cam Lập', 415),
(7133, 'Xã Cam Bình', 415),
(7134, 'Xã Cam Tân', 416),
(7135, 'Xã Cam Hòa', 416),
(7136, 'Xã Cam Hải Đông', 416),
(7137, 'Xã Cam Hải Tây', 416),
(7138, 'Xã Sơn Tân', 416),
(7139, 'Xã Cam Hiệp Bắc', 416),
(7140, 'Thị trấn Cam Đức', 416),
(7141, 'Xã Cam Hiệp Nam', 416),
(7142, 'Xã Cam Phước Tây', 416),
(7143, 'Xã Cam Thành Bắc', 416),
(7144, 'Xã Cam An Bắc', 416),
(7145, 'Xã Cam An Nam', 416),
(7146, 'Xã Suối Cát', 416),
(7147, 'Xã Suối Tân', 416),
(7148, 'Thị trấn Vạn Giã', 417),
(7149, 'Xã Đại Lãnh', 417),
(7150, 'Xã Vạn Phước', 417),
(7151, 'Xã Vạn Long', 417),
(7152, 'Xã Vạn Bình', 417),
(7153, 'Xã Vạn Thọ', 417),
(7154, 'Xã Vạn Khánh', 417),
(7155, 'Xã Vạn Phú', 417),
(7156, 'Xã Vạn Lương', 417),
(7157, 'Xã Vạn Thắng', 417),
(7158, 'Xã Vạn Thạnh', 417),
(7159, 'Xã Xuân Sơn', 417),
(7160, 'Xã Vạn Hưng', 417),
(7161, 'Phường Ninh Hiệp', 418),
(7162, 'Xã Ninh Sơn', 418),
(7163, 'Xã Ninh Tây', 418),
(7164, 'Xã Ninh Thượng', 418),
(7165, 'Xã Ninh An', 418),
(7166, 'Phường Ninh Hải', 418),
(7167, 'Xã Ninh Thọ', 418),
(7168, 'Xã Ninh Trung', 418),
(7169, 'Xã Ninh Sim', 418),
(7170, 'Xã Ninh Xuân', 418),
(7171, 'Xã Ninh Thân', 418),
(7172, 'Phường Ninh Diêm', 418),
(7173, 'Xã Ninh Đông', 418),
(7174, 'Phường Ninh Thủy', 418),
(7175, 'Phường Ninh Đa', 418),
(7176, 'Xã Ninh Phụng', 418),
(7177, 'Xã Ninh Bình', 418),
(7178, 'Xã Ninh Phước', 418),
(7179, 'Xã Ninh Phú', 418),
(7180, 'Xã Ninh Tân', 418),
(7181, 'Xã Ninh Quang', 418),
(7182, 'Phường Ninh Giang', 418),
(7183, 'Phường Ninh Hà', 418),
(7184, 'Xã Ninh Hưng', 418),
(7185, 'Xã Ninh Lộc', 418),
(7186, 'Xã Ninh Ích', 418),
(7187, 'Xã Ninh Vân', 418),
(7188, 'Thị trấn Khánh Vĩnh', 419),
(7189, 'Xã Khánh Hiệp', 419),
(7190, 'Xã Khánh Bình', 419),
(7191, 'Xã Khánh Trung', 419),
(7192, 'Xã Khánh Đông', 419),
(7193, 'Xã Khánh Thượng', 419),
(7194, 'Xã Khánh Nam', 419),
(7195, 'Xã Sông Cầu', 419),
(7196, 'Xã Giang Ly', 419),
(7197, 'Xã Cầu Bà', 419),
(7198, 'Xã Liên Sang', 419),
(7199, 'Xã Khánh Thành', 419),
(7200, 'Xã Khánh Phú', 419),
(7201, 'Xã Sơn Thái', 419),
(7202, 'Thị trấn Diên Khánh', 420),
(7203, 'Xã Diên Lâm', 420),
(7204, 'Xã Diên Điền', 420),
(7205, 'Xã Diên Xuân', 420),
(7206, 'Xã Diên Sơn', 420),
(7207, 'Xã Diên Đồng', 420),
(7208, 'Xã Diên Phú', 420),
(7209, 'Xã Diên Thọ', 420),
(7210, 'Xã Diên Phước', 420),
(7211, 'Xã Diên Lạc', 420),
(7212, 'Xã Diên Tân', 420),
(7213, 'Xã Diên Hòa', 420),
(7214, 'Xã Diên Thạnh', 420),
(7215, 'Xã Diên Toàn', 420),
(7216, 'Xã Diên An', 420),
(7217, 'Xã Bình Lộc', 420),
(7218, 'Xã Suối Hiệp', 420),
(7219, 'Xã Suối Tiên', 420),
(7220, 'Thị trấn Tô Hạp', 421),
(7221, 'Xã Thành Sơn', 421),
(7222, 'Xã Sơn Lâm', 421),
(7223, 'Xã Sơn Hiệp', 421),
(7224, 'Xã Sơn Bình', 421),
(7225, 'Xã Sơn Trung', 421),
(7226, 'Xã Ba Cụm Bắc', 421),
(7227, 'Xã Ba Cụm Nam', 421),
(7228, 'Thị trấn Trường Sa', 422),
(7229, 'Xã Song Tử Tây', 422),
(7230, 'Xã Sinh Tồn', 422),
(7231, 'Phường Đô Vinh', 423),
(7232, 'Phường Phước Mỹ', 423),
(7233, 'Phường Bảo An', 423),
(7234, 'Phường Phủ Hà', 423),
(7235, 'Phường Thanh Sơn', 423),
(7236, 'Phường Mỹ Hương', 423),
(7237, 'Phường Tấn Tài', 423),
(7238, 'Phường Kinh Dinh', 423),
(7239, 'Phường Đạo Long', 423),
(7240, 'Phường Đài Sơn', 423),
(7241, 'Phường Đông Hải', 423),
(7242, 'Phường Mỹ Đông', 423),
(7243, 'Xã Thành Hải', 423),
(7244, 'Phường Văn Hải', 423),
(7245, 'Phường Mỹ Bình', 423),
(7246, 'Phường Mỹ Hải', 423),
(7247, 'Xã Phước Bình', 424),
(7248, 'Xã Phước Hòa', 424),
(7249, 'Xã Phước Tân', 424),
(7250, 'Xã Phước Tiến', 424),
(7251, 'Xã Phước Thắng', 424),
(7252, 'Xã Phước Thành', 424),
(7253, 'Xã Phước Đại', 424),
(7254, 'Xã Phước Chính', 424),
(7255, 'Xã Phước Trung', 424),
(7256, 'Thị trấn Tân Sơn', 425),
(7257, 'Xã Lâm Sơn', 425),
(7258, 'Xã Lương Sơn', 425),
(7259, 'Xã Quảng Sơn', 425),
(7260, 'Xã Mỹ Sơn', 425),
(7261, 'Xã Hòa Sơn', 425),
(7262, 'Xã Ma Nới', 425),
(7263, 'Xã Nhơn Sơn', 425),
(7264, 'Thị trấn Khánh Hải', 426),
(7265, 'Xã Vĩnh Hải', 426),
(7266, 'Xã Phương Hải', 426),
(7267, 'Xã Tân Hải', 426),
(7268, 'Xã Xuân Hải', 426),
(7269, 'Xã Hộ Hải', 426),
(7270, 'Xã Tri Hải', 426),
(7271, 'Xã Nhơn Hải', 426),
(7272, 'Xã Thanh Hải', 426),
(7273, 'Thị trấn Phước Dân', 427),
(7274, 'Xã Phước Sơn', 427),
(7275, 'Xã Phước Thái', 427),
(7276, 'Xã Phước Hậu', 427),
(7277, 'Xã Phước Thuận', 427),
(7278, 'Xã An Hải', 427),
(7279, 'Xã Phước Hữu', 427),
(7280, 'Xã Phước Hải', 427),
(7281, 'Xã Phước Vinh', 427),
(7282, 'Xã Phước Chiến', 428),
(7283, 'Xã Công Hải', 428),
(7284, 'Xã Phước Kháng', 428),
(7285, 'Xã Lợi Hải', 428),
(7286, 'Xã Bắc Sơn', 428),
(7287, 'Xã Bắc Phong', 428),
(7288, 'Xã Phước Hà', 429),
(7289, 'Xã Phước Nam', 429),
(7290, 'Xã Phước Ninh', 429),
(7291, 'Xã Nhị Hà', 429),
(7292, 'Xã Phước Dinh', 429),
(7293, 'Xã Phước Minh', 429),
(7294, 'Xã Phước Diêm', 429),
(7295, 'Xã Cà Ná', 429),
(7296, 'Phường Mũi Né', 430),
(7297, 'Phường Hàm Tiến', 430),
(7298, 'Phường Phú Hài', 430),
(7299, 'Phường Phú Thủy', 430),
(7300, 'Phường Phú Tài', 430),
(7301, 'Phường Phú Trinh', 430),
(7302, 'Phường Xuân An', 430),
(7303, 'Phường Thanh Hải', 430),
(7304, 'Phường Bình Hưng', 430),
(7305, 'Phường Đức Nghĩa', 430),
(7306, 'Phường Lạc Đạo', 430),
(7307, 'Phường Đức Thắng', 430),
(7308, 'Phường Hưng Long', 430),
(7309, 'Phường Đức Long', 430),
(7310, 'Xã Thiện Nghiệp', 430),
(7311, 'Xã Phong Nẫm', 430),
(7312, 'Xã Tiến Lợi', 430),
(7313, 'Xã Tiến Thành', 430),
(7314, 'Phường Phước Hội', 431),
(7315, 'Phường Phước Lộc', 431),
(7316, 'Phường Tân Thiện', 431),
(7317, 'Phường Tân An', 431),
(7318, 'Phường Bình Tân', 431),
(7319, 'Xã Tân Hải', 431),
(7320, 'Xã Tân Tiến', 431),
(7321, 'Xã Tân Bình', 431),
(7322, 'Xã Tân Phước', 431),
(7323, 'Thị trấn Liên Hương', 432),
(7324, 'Thị trấn Phan Rí Cửa', 432),
(7325, 'Xã Phan Dũng', 432),
(7326, 'Xã Phong Phú', 432),
(7327, 'Xã Vĩnh Hảo', 432),
(7328, 'Xã Vĩnh Tân', 432),
(7329, 'Xã Phú Lạc', 432),
(7330, 'Xã Phước Thể', 432),
(7331, 'Xã Hòa Minh', 432),
(7332, 'Xã Chí Công', 432),
(7333, 'Xã Bình Thạnh', 432),
(7334, 'Thị trấn Chợ Lầu', 433),
(7335, 'Xã Phan Sơn', 433),
(7336, 'Xã Phan Lâm', 433),
(7337, 'Xã Bình An', 433),
(7338, 'Xã Phan Điền', 433),
(7339, 'Xã Hải Ninh', 433),
(7340, 'Xã Sông Lũy', 433),
(7341, 'Xã Phan Tiến', 433),
(7342, 'Xã Sông Bình', 433),
(7343, 'Thị trấn Lương Sơn', 433),
(7344, 'Xã Phan Hòa', 433),
(7345, 'Xã Phan Thanh', 433),
(7346, 'Xã Hồng Thái', 433),
(7347, 'Xã Phan Hiệp', 433),
(7348, 'Xã Bình Tân', 433),
(7349, 'Xã Phan Rí Thành', 433),
(7350, 'Xã Hòa Thắng', 433),
(7351, 'Xã Hồng Phong', 433),
(7352, 'Thị trấn Ma Lâm', 434),
(7353, 'Thị trấn Phú Long', 434),
(7354, 'Xã La Dạ', 434),
(7355, 'Xã Đông Tiến', 434),
(7356, 'Xã Thuận Hòa', 434),
(7357, 'Xã Đông Giang', 434),
(7358, 'Xã Hàm Phú', 434),
(7359, 'Xã Hồng Liêm', 434),
(7360, 'Xã Thuận Minh', 434),
(7361, 'Xã Hồng Sơn', 434),
(7362, 'Xã Hàm Trí', 434),
(7363, 'Xã Hàm Đức', 434),
(7364, 'Xã Hàm Liêm', 434),
(7365, 'Xã Hàm Chính', 434),
(7366, 'Xã Hàm Hiệp', 434),
(7367, 'Xã Hàm Thắng', 434),
(7368, 'Xã Đa Mi', 434),
(7369, 'Thị trấn Thuận Nam', 435),
(7370, 'Xã Mỹ Thạnh', 435),
(7371, 'Xã Hàm Cần', 435),
(7372, 'Xã Mương Mán', 435),
(7373, 'Xã Hàm Thạnh', 435),
(7374, 'Xã Hàm Kiệm', 435),
(7375, 'Xã Hàm Cường', 435),
(7376, 'Xã Hàm Mỹ', 435),
(7377, 'Xã Tân Lập', 435),
(7378, 'Xã Hàm Minh', 435),
(7379, 'Xã Thuận Quí', 435),
(7380, 'Xã Tân Thuận', 435),
(7381, 'Xã Tân Thành', 435),
(7382, 'Thị trấn Lạc Tánh', 436),
(7383, 'Xã Bắc Ruộng', 436),
(7384, 'Xã Nghị Đức', 436),
(7385, 'Xã La Ngâu', 436),
(7386, 'Xã Huy Khiêm', 436),
(7387, 'Xã Măng Tố', 436),
(7388, 'Xã Đức Phú', 436),
(7389, 'Xã Đồng Kho', 436),
(7390, 'Xã Gia An', 436),
(7391, 'Xã Đức Bình', 436),
(7392, 'Xã Gia Huynh', 436),
(7393, 'Xã Đức Thuận', 436),
(7394, 'Xã Suối Kiết', 436),
(7395, 'Thị trấn Võ Xu', 437),
(7396, 'Thị trấn Đức Tài', 437),
(7397, 'Xã Đa Kai', 437),
(7398, 'Xã Sùng Nhơn', 437),
(7399, 'Xã Mê Pu', 437),
(7400, 'Xã Nam Chính', 437),
(7401, 'Xã Đức Hạnh', 437),
(7402, 'Xã Đức Tín', 437),
(7403, 'Xã Vũ Hoà', 437),
(7404, 'Xã Tân Hà', 437),
(7405, 'Xã Đông Hà', 437),
(7406, 'Xã Trà Tân', 437),
(7407, 'Thị trấn Tân Minh', 438),
(7408, 'Thị trấn Tân Nghĩa', 438),
(7409, 'Xã Sông Phan', 438),
(7410, 'Xã Tân Phúc', 438),
(7411, 'Xã Tân Đức', 438),
(7412, 'Xã Tân Thắng', 438),
(7413, 'Xã Thắng Hải', 438),
(7414, 'Xã Tân Hà', 438),
(7415, 'Xã Tân Xuân', 438);
INSERT INTO `wards` (`id`, `name`, `districts_id`) VALUES
(7416, 'Xã Sơn Mỹ', 438),
(7417, 'Xã Ngũ Phụng', 439),
(7418, 'Xã Long Hải', 439),
(7419, 'Xã Tam Thanh', 439),
(7420, 'Phường Quang Trung', 440),
(7421, 'Phường Duy Tân', 440),
(7422, 'Phường Quyết Thắng', 440),
(7423, 'Phường Trường Chinh', 440),
(7424, 'Phường Thắng Lợi', 440),
(7425, 'Phường Ngô Mây', 440),
(7426, 'Phường Thống Nhất', 440),
(7427, 'Phường Lê Lợi', 440),
(7428, 'Phường Nguyễn Trãi', 440),
(7429, 'Phường Trần Hưng Đạo', 440),
(7430, 'Xã Đắk Cấm', 440),
(7431, 'Xã Kroong', 440),
(7432, 'Xã Ngọk Bay', 440),
(7433, 'Xã Vinh Quang', 440),
(7434, 'Xã Đắk Blà', 440),
(7435, 'Xã Ia Chim', 440),
(7436, 'Xã Đăk Năng', 440),
(7437, 'Xã Đoàn Kết', 440),
(7438, 'Xã Chư Hreng', 440),
(7439, 'Xã Đắk Rơ Wa', 440),
(7440, 'Xã Hòa Bình', 440),
(7441, 'Thị trấn Đắk Glei', 441),
(7442, 'Xã Đắk Blô', 441),
(7443, 'Xã Đắk Man', 441),
(7444, 'Xã Đắk Nhoong', 441),
(7445, 'Xã Đắk Pék', 441),
(7446, 'Xã Đắk Choong', 441),
(7447, 'Xã Xốp', 441),
(7448, 'Xã Mường Hoong', 441),
(7449, 'Xã Ngọc Linh', 441),
(7450, 'Xã Đắk Long', 441),
(7451, 'Xã Đắk KRoong', 441),
(7452, 'Xã Đắk Môn', 441),
(7453, 'Thị trấn Plei Kần', 442),
(7454, 'Xã Đắk Ang', 442),
(7455, 'Xã Đắk Dục', 442),
(7456, 'Xã Đắk Nông', 442),
(7457, 'Xã Đắk Xú', 442),
(7458, 'Xã Đắk Kan', 442),
(7459, 'Xã Bờ Y', 442),
(7460, 'Xã Sa Loong', 442),
(7461, 'Thị trấn Đắk Tô', 443),
(7462, 'Xã Đắk Rơ Nga', 443),
(7463, 'Xã Ngọk Tụ', 443),
(7464, 'Xã Đắk Trăm', 443),
(7465, 'Xã Văn Lem', 443),
(7466, 'Xã Kon Đào', 443),
(7467, 'Xã Tân Cảnh', 443),
(7468, 'Xã Diên Bình', 443),
(7469, 'Xã Pô Kô', 443),
(7470, 'Xã Đắk Nên', 444),
(7471, 'Xã Đắk Ring', 444),
(7472, 'Xã Măng Buk', 444),
(7473, 'Xã Đắk Tăng', 444),
(7474, 'Xã Ngok Tem', 444),
(7475, 'Xã Pờ Ê', 444),
(7476, 'Xã Măng Cành', 444),
(7477, 'Thị trấn Măng Đen', 444),
(7478, 'Xã Hiếu', 444),
(7479, 'Thị trấn Đắk Rve', 445),
(7480, 'Xã Đắk Kôi', 445),
(7481, 'Xã Đắk Tơ Lung', 445),
(7482, 'Xã Đắk Ruồng', 445),
(7483, 'Xã Đắk Pne', 445),
(7484, 'Xã Đắk Tờ Re', 445),
(7485, 'Xã Tân Lập', 445),
(7486, 'Thị trấn Đắk Hà', 446),
(7487, 'Xã Đắk PXi', 446),
(7488, 'Xã Đăk Long', 446),
(7489, 'Xã Đắk HRing', 446),
(7490, 'Xã Đắk Ui', 446),
(7491, 'Xã Đăk Ngọk', 446),
(7492, 'Xã Đắk Mar', 446),
(7493, 'Xã Ngok Wang', 446),
(7494, 'Xã Ngok Réo', 446),
(7495, 'Xã Hà Mòn', 446),
(7496, 'Xã Đắk La', 446),
(7497, 'Thị trấn Sa Thầy', 447),
(7498, 'Xã Rơ Kơi', 447),
(7499, 'Xã Sa Nhơn', 447),
(7500, 'Xã Hơ Moong', 447),
(7501, 'Xã Mô Rai', 447),
(7502, 'Xã Sa Sơn', 447),
(7503, 'Xã Sa Nghĩa', 447),
(7504, 'Xã Sa Bình', 447),
(7505, 'Xã Ya Xiêr', 447),
(7506, 'Xã Ya Tăng', 447),
(7507, 'Xã Ya ly', 447),
(7508, 'Xã Ngọc Lây', 448),
(7509, 'Xã Đắk Na', 448),
(7510, 'Xã Măng Ri', 448),
(7511, 'Xã Ngọc Yêu', 448),
(7512, 'Xã Đắk Sao', 448),
(7513, 'Xã Đắk Rơ Ông', 448),
(7514, 'Xã Đắk Tờ Kan', 448),
(7515, 'Xã Tu Mơ Rông', 448),
(7516, 'Xã Đắk Hà', 448),
(7517, 'Xã Tê Xăng', 448),
(7518, 'Xã Văn Xuôi', 448),
(7519, 'Xã Ia Đal', 449),
(7520, 'Xã Ia Dom', 449),
(7521, 'Xã Ia Tơi', 449),
(7522, 'Phường Yên Đỗ', 450),
(7523, 'Phường Diên Hồng', 450),
(7524, 'Phường Ia Kring', 450),
(7525, 'Phường Hội Thương', 450),
(7526, 'Phường Hội Phú', 450),
(7527, 'Phường Phù Đổng', 450),
(7528, 'Phường Hoa Lư', 450),
(7529, 'Phường Tây Sơn', 450),
(7530, 'Phường Thống Nhất', 450),
(7531, 'Phường Đống Đa', 450),
(7532, 'Phường Trà Bá', 450),
(7533, 'Phường Thắng Lợi', 450),
(7534, 'Phường Yên Thế', 450),
(7535, 'Phường Chi Lăng', 450),
(7536, 'Xã Biển Hồ', 450),
(7537, 'Xã Tân Sơn', 450),
(7538, 'Xã Trà Đa', 450),
(7539, 'Xã Chư Á', 450),
(7540, 'Xã An Phú', 450),
(7541, 'Xã Diên Phú', 450),
(7542, 'Xã Ia Kênh', 450),
(7543, 'Xã Gào', 450),
(7544, 'Phường An Bình', 451),
(7545, 'Phường Tây Sơn', 451),
(7546, 'Phường An Phú', 451),
(7547, 'Phường An Tân', 451),
(7548, 'Xã Tú An', 451),
(7549, 'Xã Xuân An', 451),
(7550, 'Xã Cửu An', 451),
(7551, 'Phường An Phước', 451),
(7552, 'Xã Song An', 451),
(7553, 'Phường Ngô Mây', 451),
(7554, 'Xã Thành An', 451),
(7555, 'Phường Cheo Reo', 452),
(7556, 'Phường Hòa Bình', 452),
(7557, 'Phường Đoàn Kết', 452),
(7558, 'Phường Sông Bờ', 452),
(7559, 'Xã Ia RBol', 452),
(7560, 'Xã Chư Băh', 452),
(7561, 'Xã Ia RTô', 452),
(7562, 'Xã Ia Sao', 452),
(7563, 'Thị trấn KBang', 453),
(7564, 'Xã Kon Pne', 453),
(7565, 'Xã Đăk Roong', 453),
(7566, 'Xã Sơn Lang', 453),
(7567, 'Xã KRong', 453),
(7568, 'Xã Sơ Pai', 453),
(7569, 'Xã Lơ Ku', 453),
(7570, 'Xã Đông', 453),
(7571, 'Xã Đak SMar', 453),
(7572, 'Xã Nghĩa An', 453),
(7573, 'Xã Tơ Tung', 453),
(7574, 'Xã Kông Lơng Khơng', 453),
(7575, 'Xã Kông Pla', 453),
(7576, 'Xã Đăk HLơ', 453),
(7577, 'Thị trấn Đăk Đoa', 454),
(7578, 'Xã Hà Đông', 454),
(7579, 'Xã Đăk Sơmei', 454),
(7580, 'Xã Đăk Krong', 454),
(7581, 'Xã Hải Yang', 454),
(7582, 'Xã Kon Gang', 454),
(7583, 'Xã Hà Bầu', 454),
(7584, 'Xã Nam Yang', 454),
(7585, 'Xã K\' Dang', 454),
(7586, 'Xã H\' Neng', 454),
(7587, 'Xã Tân Bình', 454),
(7588, 'Xã Glar', 454),
(7589, 'Xã A Dơk', 454),
(7590, 'Xã Trang', 454),
(7591, 'Xã HNol', 454),
(7592, 'Xã Ia Pết', 454),
(7593, 'Xã Ia Băng', 454),
(7594, 'Thị trấn Phú Hòa', 455),
(7595, 'Xã Hà Tây', 455),
(7596, 'Xã Ia Khươl', 455),
(7597, 'Xã Ia Phí', 455),
(7598, 'Thị trấn Ia Ly', 455),
(7599, 'Xã Ia Mơ Nông', 455),
(7600, 'Xã Ia Kreng', 455),
(7601, 'Xã Đăk Tơ Ver', 455),
(7602, 'Xã Hòa Phú', 455),
(7603, 'Xã Chư Đăng Ya', 455),
(7604, 'Xã Ia Ka', 455),
(7605, 'Xã Ia Nhin', 455),
(7606, 'Xã Nghĩa Hòa', 455),
(7607, 'Xã Nghĩa Hưng', 455),
(7608, 'Thị trấn Ia Kha', 456),
(7609, 'Xã Ia Sao', 456),
(7610, 'Xã Ia Yok', 456),
(7611, 'Xã Ia Hrung', 456),
(7612, 'Xã Ia Bă', 456),
(7613, 'Xã Ia Khai', 456),
(7614, 'Xã Ia KRai', 456),
(7615, 'Xã Ia Grăng', 456),
(7616, 'Xã Ia Tô', 456),
(7617, 'Xã Ia O', 456),
(7618, 'Xã Ia Dêr', 456),
(7619, 'Xã Ia Chia', 456),
(7620, 'Xã Ia Pếch', 456),
(7621, 'Thị trấn Kon Dơng', 457),
(7622, 'Xã Ayun', 457),
(7623, 'Xã Đak Jơ Ta', 457),
(7624, 'Xã Đak Ta Ley', 457),
(7625, 'Xã Hra', 457),
(7626, 'Xã Đăk Yă', 457),
(7627, 'Xã Đăk Djrăng', 457),
(7628, 'Xã Lơ Pang', 457),
(7629, 'Xã Kon Thụp', 457),
(7630, 'Xã Đê Ar', 457),
(7631, 'Xã Kon Chiêng', 457),
(7632, 'Xã Đăk Trôi', 457),
(7633, 'Thị trấn Kông Chro', 458),
(7634, 'Xã Chư Krêy', 458),
(7635, 'Xã An Trung', 458),
(7636, 'Xã Kông Yang', 458),
(7637, 'Xã Đăk Tơ Pang', 458),
(7638, 'Xã SRó', 458),
(7639, 'Xã Đắk Kơ Ning', 458),
(7640, 'Xã Đăk Song', 458),
(7641, 'Xã Đăk Pling', 458),
(7642, 'Xã Yang Trung', 458),
(7643, 'Xã Đăk Pơ Pho', 458),
(7644, 'Xã Ya Ma', 458),
(7645, 'Xã Chơ Long', 458),
(7646, 'Xã Yang Nam', 458),
(7647, 'Thị trấn Chư Ty', 459),
(7648, 'Xã Ia Dơk', 459),
(7649, 'Xã Ia Krêl', 459),
(7650, 'Xã Ia Din', 459),
(7651, 'Xã Ia Kla', 459),
(7652, 'Xã Ia Dom', 459),
(7653, 'Xã Ia Lang', 459),
(7654, 'Xã Ia Kriêng', 459),
(7655, 'Xã Ia Pnôn', 459),
(7656, 'Xã Ia Nan', 459),
(7657, 'Thị trấn Chư Prông', 460),
(7658, 'Xã Ia Kly', 460),
(7659, 'Xã Bình Giáo', 460),
(7660, 'Xã Ia Drăng', 460),
(7661, 'Xã Thăng Hưng', 460),
(7662, 'Xã Bàu Cạn', 460),
(7663, 'Xã Ia Phìn', 460),
(7664, 'Xã Ia Băng', 460),
(7665, 'Xã Ia Tôr', 460),
(7666, 'Xã Ia Boòng', 460),
(7667, 'Xã Ia O', 460),
(7668, 'Xã Ia Púch', 460),
(7669, 'Xã Ia Me', 460),
(7670, 'Xã Ia Vê', 460),
(7671, 'Xã Ia Bang', 460),
(7672, 'Xã Ia Pia', 460),
(7673, 'Xã Ia Ga', 460),
(7674, 'Xã Ia Lâu', 460),
(7675, 'Xã Ia Piơr', 460),
(7676, 'Xã Ia Mơ', 460),
(7677, 'Thị trấn Chư Sê', 461),
(7678, 'Xã Ia Tiêm', 461),
(7679, 'Xã Chư Pơng', 461),
(7680, 'Xã Bar Măih', 461),
(7681, 'Xã Bờ Ngoong', 461),
(7682, 'Xã Ia Glai', 461),
(7683, 'Xã AL Bá', 461),
(7684, 'Xã Kông HTok', 461),
(7685, 'Xã AYun', 461),
(7686, 'Xã Ia HLốp', 461),
(7687, 'Xã Ia Blang', 461),
(7688, 'Xã Dun', 461),
(7689, 'Xã Ia Pal', 461),
(7690, 'Xã H Bông', 461),
(7691, 'Xã Ia Ko', 461),
(7692, 'Xã Hà Tam', 462),
(7693, 'Xã An Thành', 462),
(7694, 'Thị trấn Đak Pơ', 462),
(7695, 'Xã Yang Bắc', 462),
(7696, 'Xã Cư An', 462),
(7697, 'Xã Tân An', 462),
(7698, 'Xã Phú An', 462),
(7699, 'Xã Ya Hội', 462),
(7700, 'Xã Pờ Tó', 463),
(7701, 'Xã Chư Răng', 463),
(7702, 'Xã Ia KDăm', 463),
(7703, 'Xã Kim Tân', 463),
(7704, 'Xã Chư Mố', 463),
(7705, 'Xã Ia Tul', 463),
(7706, 'Xã Ia Ma Rơn', 463),
(7707, 'Xã Ia Broăi', 463),
(7708, 'Xã Ia Trok', 463),
(7709, 'Thị trấn Phú Túc', 464),
(7710, 'Xã Ia RSai', 464),
(7711, 'Xã Ia RSươm', 464),
(7712, 'Xã Chư Gu', 464),
(7713, 'Xã Đất Bằng', 464),
(7714, 'Xã Ia Mláh', 464),
(7715, 'Xã Chư Drăng', 464),
(7716, 'Xã Phú Cần', 464),
(7717, 'Xã Ia HDreh', 464),
(7718, 'Xã Ia RMok', 464),
(7719, 'Xã Chư Ngọc', 464),
(7720, 'Xã Uar', 464),
(7721, 'Xã Chư Rcăm', 464),
(7722, 'Xã Krông Năng', 464),
(7723, 'Thị trấn Phú Thiện', 465),
(7724, 'Xã Chư A Thai', 465),
(7725, 'Xã Ayun Hạ', 465),
(7726, 'Xã Ia Ake', 465),
(7727, 'Xã Ia Sol', 465),
(7728, 'Xã Ia Piar', 465),
(7729, 'Xã Ia Peng', 465),
(7730, 'Xã Chrôh Pơnan', 465),
(7731, 'Xã Ia Hiao', 465),
(7732, 'Xã Ia Yeng', 465),
(7733, 'Thị trấn Nhơn Hoà', 466),
(7734, 'Xã Ia Hrú', 466),
(7735, 'Xã Ia Rong', 466),
(7736, 'Xã Ia Dreng', 466),
(7737, 'Xã Ia Hla', 466),
(7738, 'Xã Chư Don', 466),
(7739, 'Xã Ia Phang', 466),
(7740, 'Xã Ia Le', 466),
(7741, 'Xã Ia BLứ', 466),
(7742, 'Phường Tân Lập', 467),
(7743, 'Phường Tân Hòa', 467),
(7744, 'Phường Tân An', 467),
(7745, 'Phường Thống Nhất', 467),
(7746, 'Phường Thành Nhất', 467),
(7747, 'Phường Thắng Lợi', 467),
(7748, 'Phường Tân Lợi', 467),
(7749, 'Phường Thành Công', 467),
(7750, 'Phường Tân Thành', 467),
(7751, 'Phường Tân Tiến', 467),
(7752, 'Phường Tự An', 467),
(7753, 'Phường Ea Tam', 467),
(7754, 'Phường Khánh Xuân', 467),
(7755, 'Xã Hòa Thuận', 467),
(7756, 'Xã Cư ÊBur', 467),
(7757, 'Xã Ea Tu', 467),
(7758, 'Xã Hòa Thắng', 467),
(7759, 'Xã Ea Kao', 467),
(7760, 'Xã Hòa Phú', 467),
(7761, 'Xã Hòa Khánh', 467),
(7762, 'Xã Hòa Xuân', 467),
(7763, 'Phường An Lạc', 468),
(7764, 'Phường An Bình', 468),
(7765, 'Phường Thiện An', 468),
(7766, 'Phường Đạt Hiếu', 468),
(7767, 'Phường Đoàn Kết', 468),
(7768, 'Xã Ea Blang', 468),
(7769, 'Xã Ea Drông', 468),
(7770, 'Phường Thống Nhất', 468),
(7771, 'Phường Bình Tân', 468),
(7772, 'Xã Ea Siên', 468),
(7773, 'Xã Bình Thuận', 468),
(7774, 'Xã Cư Bao', 468),
(7775, 'Thị trấn Ea Drăng', 469),
(7776, 'Xã Ea H\'leo', 469),
(7777, 'Xã Ea Sol', 469),
(7778, 'Xã Ea Ral', 469),
(7779, 'Xã Ea Wy', 469),
(7780, 'Xã Cư A Mung', 469),
(7781, 'Xã Cư Mốt', 469),
(7782, 'Xã Ea Hiao', 469),
(7783, 'Xã Ea Khal', 469),
(7784, 'Xã Dliê Yang', 469),
(7785, 'Xã Ea Tir', 469),
(7786, 'Xã Ea Nam', 469),
(7787, 'Thị trấn Ea Súp', 470),
(7788, 'Xã Ia Lốp', 470),
(7789, 'Xã Ia JLơi', 470),
(7790, 'Xã Ea Rốk', 470),
(7791, 'Xã Ya Tờ Mốt', 470),
(7792, 'Xã Ia RVê', 470),
(7793, 'Xã Ea Lê', 470),
(7794, 'Xã Cư KBang', 470),
(7795, 'Xã Ea Bung', 470),
(7796, 'Xã Cư M\'Lan', 470),
(7797, 'Xã Krông Na', 471),
(7798, 'Xã Ea Huar', 471),
(7799, 'Xã Ea Wer', 471),
(7800, 'Xã Tân Hoà', 471),
(7801, 'Xã Cuôr KNia', 471),
(7802, 'Xã Ea Bar', 471),
(7803, 'Xã Ea Nuôl', 471),
(7804, 'Thị trấn Ea Pốk', 472),
(7805, 'Thị trấn Quảng Phú', 472),
(7806, 'Xã Quảng Tiến', 472),
(7807, 'Xã Ea Kuêh', 472),
(7808, 'Xã Ea Kiết', 472),
(7809, 'Xã Ea Tar', 472),
(7810, 'Xã Cư Dliê M\'nông', 472),
(7811, 'Xã Ea H\'đinh', 472),
(7812, 'Xã Ea Tul', 472),
(7813, 'Xã Ea KPam', 472),
(7814, 'Xã Ea M\'DRóh', 472),
(7815, 'Xã Quảng Hiệp', 472),
(7816, 'Xã Cư M\'gar', 472),
(7817, 'Xã Ea D\'Rơng', 472),
(7818, 'Xã Ea M\'nang', 472),
(7819, 'Xã Cư Suê', 472),
(7820, 'Xã Cuor Đăng', 472),
(7821, 'Xã Cư Né', 473),
(7822, 'Xã Chư KBô', 473),
(7823, 'Xã Cư Pơng', 473),
(7824, 'Xã Ea Sin', 473),
(7825, 'Xã Pơng Drang', 473),
(7826, 'Xã Tân Lập', 473),
(7827, 'Xã Ea Ngai', 473),
(7828, 'Thị trấn Krông Năng', 474),
(7829, 'Xã ĐLiê Ya', 474),
(7830, 'Xã Ea Tóh', 474),
(7831, 'Xã Ea Tam', 474),
(7832, 'Xã Phú Lộc', 474),
(7833, 'Xã Tam Giang', 474),
(7834, 'Xã Ea Puk', 474),
(7835, 'Xã Ea Dăh', 474),
(7836, 'Xã Ea Hồ', 474),
(7837, 'Xã Phú Xuân', 474),
(7838, 'Xã Cư Klông', 474),
(7839, 'Xã Ea Tân', 474),
(7840, 'Thị trấn Ea Kar', 475),
(7841, 'Thị trấn Ea Knốp', 475),
(7842, 'Xã Ea Sô', 475),
(7843, 'Xã Ea Sar', 475),
(7844, 'Xã Xuân Phú', 475),
(7845, 'Xã Cư Huê', 475),
(7846, 'Xã Ea Tih', 475),
(7847, 'Xã Ea Đar', 475),
(7848, 'Xã Ea Kmút', 475),
(7849, 'Xã Cư Ni', 475),
(7850, 'Xã Ea Păl', 475),
(7851, 'Xã Cư Prông', 475),
(7852, 'Xã Ea Ô', 475),
(7853, 'Xã Cư ELang', 475),
(7854, 'Xã Cư Bông', 475),
(7855, 'Xã Cư Jang', 475),
(7856, 'Thị trấn M\'Đrắk', 476),
(7857, 'Xã Cư Prao', 476),
(7858, 'Xã Ea Pil', 476),
(7859, 'Xã Ea Lai', 476),
(7860, 'Xã Ea H\'MLay', 476),
(7861, 'Xã Krông Jing', 476),
(7862, 'Xã Ea M\' Doal', 476),
(7863, 'Xã Ea Riêng', 476),
(7864, 'Xã Cư M\'ta', 476),
(7865, 'Xã Cư K Róa', 476),
(7866, 'Xã Krông Á', 476),
(7867, 'Xã Cư San', 476),
(7868, 'Xã Ea Trang', 476),
(7869, 'Thị trấn Krông Kmar', 477),
(7870, 'Xã Dang Kang', 477),
(7871, 'Xã Cư KTy', 477),
(7872, 'Xã Hòa Thành', 477),
(7873, 'Xã Hòa Tân', 477),
(7874, 'Xã Hòa Phong', 477),
(7875, 'Xã Hòa Lễ', 477),
(7876, 'Xã Yang Reh', 477),
(7877, 'Xã Ea Trul', 477),
(7878, 'Xã Khuê Ngọc Điền', 477),
(7879, 'Xã Cư Pui', 477),
(7880, 'Xã Hòa Sơn', 477),
(7881, 'Xã Cư Drăm', 477),
(7882, 'Xã Yang Mao', 477),
(7883, 'Thị trấn Phước An', 478),
(7884, 'Xã KRông Búk', 478),
(7885, 'Xã Ea Kly', 478),
(7886, 'Xã Ea Kênh', 478),
(7887, 'Xã Ea Phê', 478),
(7888, 'Xã Ea KNuec', 478),
(7889, 'Xã Ea Yông', 478),
(7890, 'Xã Hòa An', 478),
(7891, 'Xã Ea Kuăng', 478),
(7892, 'Xã Hòa Đông', 478),
(7893, 'Xã Ea Hiu', 478),
(7894, 'Xã Hòa Tiến', 478),
(7895, 'Xã Tân Tiến', 478),
(7896, 'Xã Vụ Bổn', 478),
(7897, 'Xã Ea Uy', 478),
(7898, 'Xã Ea Yiêng', 478),
(7899, 'Thị trấn Buôn Trấp', 479),
(7900, 'Xã Dray Sáp', 479),
(7901, 'Xã Ea Na', 479),
(7902, 'Xã Ea Bông', 479),
(7903, 'Xã Băng A Drênh', 479),
(7904, 'Xã Dur KMăl', 479),
(7905, 'Xã Bình Hòa', 479),
(7906, 'Xã Quảng Điền', 479),
(7907, 'Thị trấn Liên Sơn', 480),
(7908, 'Xã Yang Tao', 480),
(7909, 'Xã Bông Krang', 480),
(7910, 'Xã Đắk Liêng', 480),
(7911, 'Xã Buôn Triết', 480),
(7912, 'Xã Buôn Tría', 480),
(7913, 'Xã Đắk Phơi', 480),
(7914, 'Xã Đắk Nuê', 480),
(7915, 'Xã Krông Nô', 480),
(7916, 'Xã Nam Ka', 480),
(7917, 'Xã Ea R\'Bin', 480),
(7918, 'Xã Ea Ning', 481),
(7919, 'Xã Cư Ê Wi', 481),
(7920, 'Xã Ea Ktur', 481),
(7921, 'Xã Ea Tiêu', 481),
(7922, 'Xã Ea BHốk', 481),
(7923, 'Xã Ea Hu', 481),
(7924, 'Xã Dray Bhăng', 481),
(7925, 'Xã Hòa Hiệp', 481),
(7926, 'Phường Nghĩa Đức', 482),
(7927, 'Phường Nghĩa Thành', 482),
(7928, 'Phường Nghĩa Phú', 482),
(7929, 'Phường Nghĩa Tân', 482),
(7930, 'Phường Nghĩa Trung', 482),
(7931, 'Xã Đăk R\'Moan', 482),
(7932, 'Phường Quảng Thành', 482),
(7933, 'Xã Đắk Nia', 482),
(7934, 'Xã Quảng Sơn', 483),
(7935, 'Xã Quảng Hoà', 483),
(7936, 'Xã Đắk Ha', 483),
(7937, 'Xã Đắk R\'Măng', 483),
(7938, 'Xã Quảng Khê', 483),
(7939, 'Xã Đắk Plao', 483),
(7940, 'Xã Đắk Som', 483),
(7941, 'Thị trấn Ea T\'Ling', 484),
(7942, 'Xã Đắk Wil', 484),
(7943, 'Xã Ea Pô', 484),
(7944, 'Xã Nam Dong', 484),
(7945, 'Xã Đắk DRông', 484),
(7946, 'Xã Tâm Thắng', 484),
(7947, 'Xã Cư Knia', 484),
(7948, 'Xã Trúc Sơn', 484),
(7949, 'Thị trấn Đắk Mil', 485),
(7950, 'Xã Đắk Lao', 485),
(7951, 'Xã Đắk R\'La', 485),
(7952, 'Xã Đắk Gằn', 485),
(7953, 'Xã Đức Mạnh', 485),
(7954, 'Xã Đắk N\'Drót', 485),
(7955, 'Xã Long Sơn', 485),
(7956, 'Xã Đắk Sắk', 485),
(7957, 'Xã Thuận An', 485),
(7958, 'Xã Đức Minh', 485),
(7959, 'Thị trấn Đắk Mâm', 486),
(7960, 'Xã Đắk Sôr', 486),
(7961, 'Xã Nam Xuân', 486),
(7962, 'Xã Buôn Choah', 486),
(7963, 'Xã Nam Đà', 486),
(7964, 'Xã Tân Thành', 486),
(7965, 'Xã Đắk Drô', 486),
(7966, 'Xã Nâm Nung', 486),
(7967, 'Xã Đức Xuyên', 486),
(7968, 'Xã Đắk Nang', 486),
(7969, 'Xã Quảng Phú', 486),
(7970, 'Xã Nâm N\'Đir', 486),
(7971, 'Thị trấn Đức An', 487),
(7972, 'Xã Đắk Môl', 487),
(7973, 'Xã Đắk Hòa', 487),
(7974, 'Xã Nam Bình', 487),
(7975, 'Xã Thuận Hà', 487),
(7976, 'Xã Thuận Hạnh', 487),
(7977, 'Xã Đắk N\'Dung', 487),
(7978, 'Xã Nâm N\'Jang', 487),
(7979, 'Xã Trường Xuân', 487),
(7980, 'Thị trấn Kiến Đức', 488),
(7981, 'Xã Quảng Tín', 488),
(7982, 'Xã Đắk Wer', 488),
(7983, 'Xã Nhân Cơ', 488),
(7984, 'Xã Kiến Thành', 488),
(7985, 'Xã Nghĩa Thắng', 488),
(7986, 'Xã Đạo Nghĩa', 488),
(7987, 'Xã Đắk Sin', 488),
(7988, 'Xã Hưng Bình', 488),
(7989, 'Xã Đắk Ru', 488),
(7990, 'Xã Nhân Đạo', 488),
(7991, 'Xã Quảng Trực', 489),
(7992, 'Xã Đắk Búk So', 489),
(7993, 'Xã Quảng Tâm', 489),
(7994, 'Xã Đắk R\'Tíh', 489),
(7995, 'Xã Đắk Ngo', 489),
(7996, 'Xã Quảng Tân', 489),
(7997, 'Phường 7', 490),
(7998, 'Phường 8', 490),
(7999, 'Phường 12', 490),
(8000, 'Phường 9', 490),
(8001, 'Phường 2', 490),
(8002, 'Phường 1', 490),
(8003, 'Phường 6', 490),
(8004, 'Phường 5', 490),
(8005, 'Phường 4', 490),
(8006, 'Phường 10', 490),
(8007, 'Phường 11', 490),
(8008, 'Phường 3', 490),
(8009, 'Xã Xuân Thọ', 490),
(8010, 'Xã Tà Nung', 490),
(8011, 'Xã Trạm Hành', 490),
(8012, 'Xã Xuân Trường', 490),
(8013, 'Phường Lộc Phát', 491),
(8014, 'Phường Lộc Tiến', 491),
(8015, 'Phường 2', 491),
(8016, 'Phường 1', 491),
(8017, 'Phường B\'lao', 491),
(8018, 'Phường Lộc Sơn', 491),
(8019, 'Xã Đạm Bri', 491),
(8020, 'Xã Lộc Thanh', 491),
(8021, 'Xã Lộc Nga', 491),
(8022, 'Xã Lộc Châu', 491),
(8023, 'Xã Đại Lào', 491),
(8024, 'Xã Đạ Tông', 492),
(8025, 'Xã Đạ Long', 492),
(8026, 'Xã Đạ M\' Rong', 492),
(8027, 'Xã Liêng Srônh', 492),
(8028, 'Xã Đạ Rsal', 492),
(8029, 'Xã Rô Men', 492),
(8030, 'Xã Phi Liêng', 492),
(8031, 'Xã Đạ K\' Nàng', 492),
(8032, 'Thị trấn Lạc Dương', 493),
(8033, 'Xã Đạ Chais', 493),
(8034, 'Xã Đạ Nhim', 493),
(8035, 'Xã Đưng KNớ', 493),
(8036, 'Xã Lát', 493),
(8037, 'Xã Đạ Sar', 493),
(8038, 'Thị trấn Nam Ban', 494),
(8039, 'Thị trấn Đinh Văn', 494),
(8040, 'Xã Phú Sơn', 494),
(8041, 'Xã Phi Tô', 494),
(8042, 'Xã Mê Linh', 494),
(8043, 'Xã Đạ Đờn', 494),
(8044, 'Xã Phúc Thọ', 494),
(8045, 'Xã Đông Thanh', 494),
(8046, 'Xã Gia Lâm', 494),
(8047, 'Xã Tân Thanh', 494),
(8048, 'Xã Tân Văn', 494),
(8049, 'Xã Hoài Đức', 494),
(8050, 'Xã Tân Hà', 494),
(8051, 'Xã Liên Hà', 494),
(8052, 'Xã Đan Phượng', 494),
(8053, 'Xã Nam Hà', 494),
(8054, 'Thị trấn D\'Ran', 495),
(8055, 'Thị trấn Thạnh Mỹ', 495),
(8056, 'Xã Lạc Xuân', 495),
(8057, 'Xã Đạ Ròn', 495),
(8058, 'Xã Lạc Lâm', 495),
(8059, 'Xã Ka Đô', 495),
(8060, 'Xã Quảng Lập', 495),
(8061, 'Xã Ka Đơn', 495),
(8062, 'Xã Tu Tra', 495),
(8063, 'Xã Pró', 495),
(8064, 'Thị trấn Liên Nghĩa', 496),
(8065, 'Xã Hiệp An', 496),
(8066, 'Xã Liên Hiệp', 496),
(8067, 'Xã Hiệp Thạnh', 496),
(8068, 'Xã Bình Thạnh', 496),
(8069, 'Xã N\'Thol Hạ', 496),
(8070, 'Xã Tân Hội', 496),
(8071, 'Xã Tân Thành', 496),
(8072, 'Xã Phú Hội', 496),
(8073, 'Xã Ninh Gia', 496),
(8074, 'Xã Tà Năng', 496),
(8075, 'Xã Đa Quyn', 496),
(8076, 'Xã Tà Hine', 496),
(8077, 'Xã Đà Loan', 496),
(8078, 'Xã Ninh Loan', 496),
(8079, 'Thị trấn Di Linh', 497),
(8080, 'Xã Đinh Trang Thượng', 497),
(8081, 'Xã Tân Thượng', 497),
(8082, 'Xã Tân Lâm', 497),
(8083, 'Xã Tân Châu', 497),
(8084, 'Xã Tân Nghĩa', 497),
(8085, 'Xã Gia Hiệp', 497),
(8086, 'Xã Đinh Lạc', 497),
(8087, 'Xã Tam Bố', 497),
(8088, 'Xã Đinh Trang Hòa', 497),
(8089, 'Xã Liên Đầm', 497),
(8090, 'Xã Gung Ré', 497),
(8091, 'Xã Bảo Thuận', 497),
(8092, 'Xã Hòa Ninh', 497),
(8093, 'Xã Hòa Trung', 497),
(8094, 'Xã Hòa Nam', 497),
(8095, 'Xã Hòa Bắc', 497),
(8096, 'Xã Sơn Điền', 497),
(8097, 'Xã Gia Bắc', 497),
(8098, 'Thị trấn Lộc Thắng', 498),
(8099, 'Xã Lộc Bảo', 498),
(8100, 'Xã Lộc Lâm', 498),
(8101, 'Xã Lộc Phú', 498),
(8102, 'Xã Lộc Bắc', 498),
(8103, 'Xã B\' Lá', 498),
(8104, 'Xã Lộc Ngãi', 498),
(8105, 'Xã Lộc Quảng', 498),
(8106, 'Xã Lộc Tân', 498),
(8107, 'Xã Lộc Đức', 498),
(8108, 'Xã Lộc An', 498),
(8109, 'Xã Tân Lạc', 498),
(8110, 'Xã Lộc Thành', 498),
(8111, 'Xã Lộc Nam', 498),
(8112, 'Thị trấn Đạ M\'ri', 499),
(8113, 'Thị trấn Ma Đa Guôi', 499),
(8114, 'Xã Hà Lâm', 499),
(8115, 'Xã Đạ Tồn', 499),
(8116, 'Xã Đạ Oai', 499),
(8117, 'Xã Đạ Ploa', 499),
(8118, 'Xã Ma Đa Guôi', 499),
(8119, 'Xã Đoàn Kết', 499),
(8120, 'Xã Phước Lộc', 499),
(8121, 'Thị trấn Đạ Tẻh', 500),
(8122, 'Xã An Nhơn', 500),
(8123, 'Xã Quốc Oai', 500),
(8124, 'Xã Mỹ Đức', 500),
(8125, 'Xã Quảng Trị', 500),
(8126, 'Xã Đạ Lây', 500),
(8127, 'Xã Triệu Hải', 500),
(8128, 'Xã Đạ Kho', 500),
(8129, 'Xã Đạ Pal', 500),
(8130, 'Thị trấn Cát Tiên', 501),
(8131, 'Xã Tiên Hoàng', 501),
(8132, 'Xã Phước Cát 2', 501),
(8133, 'Xã Gia Viễn', 501),
(8134, 'Xã Nam Ninh', 501),
(8135, 'Thị trấn Phước Cát', 501),
(8136, 'Xã Đức Phổ', 501),
(8137, 'Xã Quảng Ngãi', 501),
(8138, 'Xã Đồng Nai Thượng', 501),
(8139, 'Phường Thác Mơ', 502),
(8140, 'Phường Long Thủy', 502),
(8141, 'Phường Phước Bình', 502),
(8142, 'Phường Long Phước', 502),
(8143, 'Phường Sơn Giang', 502),
(8144, 'Xã Long Giang', 502),
(8145, 'Xã Phước Tín', 502),
(8146, 'Phường Tân Phú', 503),
(8147, 'Phường Tân Đồng', 503),
(8148, 'Phường Tân Bình', 503),
(8149, 'Phường Tân Xuân', 503),
(8150, 'Phường Tân Thiện', 503),
(8151, 'Xã Tân Thành', 503),
(8152, 'Phường Tiến Thành', 503),
(8153, 'Xã Tiến Hưng', 503),
(8154, 'Phường Hưng Chiến', 504),
(8155, 'Phường An Lộc', 504),
(8156, 'Phường Phú Thịnh', 504),
(8157, 'Phường Phú Đức', 504),
(8158, 'Xã Thanh Lương', 504),
(8159, 'Xã Thanh Phú', 504),
(8160, 'Xã Bù Gia Mập', 505),
(8161, 'Xã Đak Ơ', 505),
(8162, 'Xã Đức Hạnh', 505),
(8163, 'Xã Phú Văn', 505),
(8164, 'Xã Đa Kia', 505),
(8165, 'Xã Phước Minh', 505),
(8166, 'Xã Bình Thắng', 505),
(8167, 'Xã Phú Nghĩa', 505),
(8168, 'Thị trấn Lộc Ninh', 506),
(8169, 'Xã Lộc Hòa', 506),
(8170, 'Xã Lộc An', 506),
(8171, 'Xã Lộc Tấn', 506),
(8172, 'Xã Lộc Thạnh', 506),
(8173, 'Xã Lộc Hiệp', 506),
(8174, 'Xã Lộc Thiện', 506),
(8175, 'Xã Lộc Thuận', 506),
(8176, 'Xã Lộc Quang', 506),
(8177, 'Xã Lộc Phú', 506),
(8178, 'Xã Lộc Thành', 506),
(8179, 'Xã Lộc Thái', 506),
(8180, 'Xã Lộc Điền', 506),
(8181, 'Xã Lộc Hưng', 506),
(8182, 'Xã Lộc Thịnh', 506),
(8183, 'Xã Lộc Khánh', 506),
(8184, 'Thị trấn Thanh Bình', 507),
(8185, 'Xã Hưng Phước', 507),
(8186, 'Xã Phước Thiện', 507),
(8187, 'Xã Thiện Hưng', 507),
(8188, 'Xã Thanh Hòa', 507),
(8189, 'Xã Tân Thành', 507),
(8190, 'Xã Tân Tiến', 507),
(8191, 'Xã Thanh An', 508),
(8192, 'Xã An Khương', 508),
(8193, 'Xã An Phú', 508),
(8194, 'Xã Tân Lợi', 508),
(8195, 'Xã Tân Hưng', 508),
(8196, 'Xã Minh Đức', 508),
(8197, 'Xã Minh Tâm', 508),
(8198, 'Xã Phước An', 508),
(8199, 'Xã Thanh Bình', 508),
(8200, 'Thị trấn Tân Khai', 508),
(8201, 'Xã Đồng Nơ', 508),
(8202, 'Xã Tân Hiệp', 508),
(8203, 'Xã Tân Quan', 508),
(8204, 'Thị trấn Tân Phú', 509),
(8205, 'Xã Thuận Lợi', 509),
(8206, 'Xã Đồng Tâm', 509),
(8207, 'Xã Tân Phước', 509),
(8208, 'Xã Tân Hưng', 509),
(8209, 'Xã Tân Lợi', 509),
(8210, 'Xã Tân Lập', 509),
(8211, 'Xã Tân Hòa', 509),
(8212, 'Xã Thuận Phú', 509),
(8213, 'Xã Đồng Tiến', 509),
(8214, 'Xã Tân Tiến', 509),
(8215, 'Thị trấn Đức Phong', 510),
(8216, 'Xã Đường 10', 510),
(8217, 'Xã Đak Nhau', 510),
(8218, 'Xã Phú Sơn', 510),
(8219, 'Xã Thọ Sơn', 510),
(8220, 'Xã Bình Minh', 510),
(8221, 'Xã Bom Bo', 510),
(8222, 'Xã Minh Hưng', 510),
(8223, 'Xã Đoàn Kết', 510),
(8224, 'Xã Đồng Nai', 510),
(8225, 'Xã Đức Liễu', 510),
(8226, 'Xã Thống Nhất', 510),
(8227, 'Xã Nghĩa Trung', 510),
(8228, 'Xã Nghĩa Bình', 510),
(8229, 'Xã Đăng Hà', 510),
(8230, 'Xã Phước Sơn', 510),
(8231, 'Thị trấn Chơn Thành', 511),
(8232, 'Xã Thành Tâm', 511),
(8233, 'Xã Minh Lập', 511),
(8234, 'Xã Quang Minh', 511),
(8235, 'Xã Minh Hưng', 511),
(8236, 'Xã Minh Long', 511),
(8237, 'Xã Minh Thành', 511),
(8238, 'Xã Nha Bích', 511),
(8239, 'Xã Minh Thắng', 511),
(8240, 'Xã Long Bình', 512),
(8241, 'Xã Bình Tân', 512),
(8242, 'Xã Bình Sơn', 512),
(8243, 'Xã Long Hưng', 512),
(8244, 'Xã Phước Tân', 512),
(8245, 'Xã Bù Nho', 512),
(8246, 'Xã Long Hà', 512),
(8247, 'Xã Long Tân', 512),
(8248, 'Xã Phú Trung', 512),
(8249, 'Xã Phú Riềng', 512),
(8250, 'Phường 1', 513),
(8251, 'Phường 3', 513),
(8252, 'Phường 4', 513),
(8253, 'Phường Hiệp Ninh', 513),
(8254, 'Phường 2', 513),
(8255, 'Xã Thạnh Tân', 513),
(8256, 'Xã Tân Bình', 513),
(8257, 'Xã Bình Minh', 513),
(8258, 'Phường Ninh Sơn', 513),
(8259, 'Phường Ninh Thạnh', 513),
(8260, 'Thị trấn Tân Biên', 514),
(8261, 'Xã Tân Lập', 514),
(8262, 'Xã Thạnh Bắc', 514),
(8263, 'Xã Tân Bình', 514),
(8264, 'Xã Thạnh Bình', 514),
(8265, 'Xã Thạnh Tây', 514),
(8266, 'Xã Hòa Hiệp', 514),
(8267, 'Xã Tân Phong', 514),
(8268, 'Xã Mỏ Công', 514),
(8269, 'Xã Trà Vong', 514),
(8270, 'Thị trấn Tân Châu', 515),
(8271, 'Xã Tân Hà', 515),
(8272, 'Xã Tân Đông', 515),
(8273, 'Xã Tân Hội', 515),
(8274, 'Xã Tân Hòa', 515),
(8275, 'Xã Suối Ngô', 515),
(8276, 'Xã Suối Dây', 515),
(8277, 'Xã Tân Hiệp', 515),
(8278, 'Xã Thạnh Đông', 515),
(8279, 'Xã Tân Thành', 515),
(8280, 'Xã Tân Phú', 515),
(8281, 'Xã Tân Hưng', 515),
(8282, 'Thị trấn Dương Minh Châu', 516),
(8283, 'Xã Suối Đá', 516),
(8284, 'Xã Phan', 516),
(8285, 'Xã Phước Ninh', 516),
(8286, 'Xã Phước Minh', 516),
(8287, 'Xã Bàu Năng', 516),
(8288, 'Xã Chà Là', 516),
(8289, 'Xã Cầu Khởi', 516),
(8290, 'Xã Bến Củi', 516),
(8291, 'Xã Lộc Ninh', 516),
(8292, 'Xã Truông Mít', 516),
(8293, 'Thị trấn Châu Thành', 517),
(8294, 'Xã Hảo Đước', 517),
(8295, 'Xã Phước Vinh', 517),
(8296, 'Xã Đồng Khởi', 517),
(8297, 'Xã Thái Bình', 517),
(8298, 'Xã An Cơ', 517),
(8299, 'Xã Biên Giới', 517),
(8300, 'Xã Hòa Thạnh', 517),
(8301, 'Xã Trí Bình', 517),
(8302, 'Xã Hòa Hội', 517),
(8303, 'Xã An Bình', 517),
(8304, 'Xã Thanh Điền', 517),
(8305, 'Xã Thành Long', 517),
(8306, 'Xã Ninh Điền', 517),
(8307, 'Xã Long Vĩnh', 517),
(8308, 'Phường Long Hoa', 518),
(8309, 'Phường Hiệp Tân', 518),
(8310, 'Phường Long Thành Bắc', 518),
(8311, 'Xã Trường Hòa', 518),
(8312, 'Xã Trường Đông', 518),
(8313, 'Phường Long Thành Trung', 518),
(8314, 'Xã Trường Tây', 518),
(8315, 'Xã Long Thành Nam', 518),
(8316, 'Thị trấn Gò Dầu', 519),
(8317, 'Xã Thạnh Đức', 519),
(8318, 'Xã Cẩm Giang', 519),
(8319, 'Xã Hiệp Thạnh', 519),
(8320, 'Xã Bàu Đồn', 519),
(8321, 'Xã Phước Thạnh', 519),
(8322, 'Xã Phước Đông', 519),
(8323, 'Xã Phước Trạch', 519),
(8324, 'Xã Thanh Phước', 519),
(8325, 'Thị trấn Bến Cầu', 520),
(8326, 'Xã Long Chữ', 520),
(8327, 'Xã Long Phước', 520),
(8328, 'Xã Long Giang', 520),
(8329, 'Xã Tiên Thuận', 520),
(8330, 'Xã Long Khánh', 520),
(8331, 'Xã Lợi Thuận', 520),
(8332, 'Xã Long Thuận', 520),
(8333, 'Xã An Thạnh', 520),
(8334, 'Phường Trảng Bàng', 521),
(8335, 'Xã Đôn Thuận', 521),
(8336, 'Xã Hưng Thuận', 521),
(8337, 'Phường Lộc Hưng', 521),
(8338, 'Phường Gia Lộc', 521),
(8339, 'Phường Gia Bình', 521),
(8340, 'Xã Phước Bình', 521),
(8341, 'Phường An Tịnh', 521),
(8342, 'Phường An Hòa', 521),
(8343, 'Xã Phước Chỉ', 521),
(8344, 'Phường Hiệp Thành', 522),
(8345, 'Phường Phú Lợi', 522),
(8346, 'Phường Phú Cường', 522),
(8347, 'Phường Phú Hòa', 522),
(8348, 'Phường Phú Thọ', 522),
(8349, 'Phường Chánh Nghĩa', 522),
(8350, 'Phường Định Hoà', 522),
(8351, 'Phường Hoà Phú', 522),
(8352, 'Phường Phú Mỹ', 522),
(8353, 'Phường Phú Tân', 522),
(8354, 'Phường Tân An', 522),
(8355, 'Phường Hiệp An', 522),
(8356, 'Phường Tương Bình Hiệp', 522),
(8357, 'Phường Chánh Mỹ', 522),
(8358, 'Xã Trừ Văn Thố', 523),
(8359, 'Xã Cây Trường II', 523),
(8360, 'Thị trấn Lai Uyên', 523),
(8361, 'Xã Tân Hưng', 523),
(8362, 'Xã Long Nguyên', 523),
(8363, 'Xã Hưng Hòa', 523),
(8364, 'Xã Lai Hưng', 523),
(8365, 'Thị trấn Dầu Tiếng', 524),
(8366, 'Xã Minh Hoà', 524),
(8367, 'Xã Minh Thạnh', 524),
(8368, 'Xã Minh Tân', 524),
(8369, 'Xã Định An', 524),
(8370, 'Xã Long Hoà', 524),
(8371, 'Xã Định Thành', 524),
(8372, 'Xã Định Hiệp', 524),
(8373, 'Xã An Lập', 524),
(8374, 'Xã Long Tân', 524),
(8375, 'Xã Thanh An', 524),
(8376, 'Xã Thanh Tuyền', 524),
(8377, 'Phường Mỹ Phước', 525),
(8378, 'Phường Chánh Phú Hòa', 525),
(8379, 'Xã An Điền', 525),
(8380, 'Xã An Tây', 525),
(8381, 'Phường Thới Hòa', 525),
(8382, 'Phường Hòa Lợi', 525),
(8383, 'Phường Tân Định', 525),
(8384, 'Xã Phú An', 525),
(8385, 'Thị trấn Phước Vĩnh', 526),
(8386, 'Xã An Linh', 526),
(8387, 'Xã Phước Sang', 526),
(8388, 'Xã An Thái', 526),
(8389, 'Xã An Long', 526),
(8390, 'Xã An Bình', 526),
(8391, 'Xã Tân Hiệp', 526),
(8392, 'Xã Tam Lập', 526),
(8393, 'Xã Tân Long', 526),
(8394, 'Xã Vĩnh Hoà', 526),
(8395, 'Xã Phước Hoà', 526),
(8396, 'Phường Uyên Hưng', 527),
(8397, 'Phường Tân Phước Khánh', 527),
(8398, 'Phường Vĩnh Tân', 527),
(8399, 'Phường Hội Nghĩa', 527),
(8400, 'Phường Tân Hiệp', 527),
(8401, 'Phường Khánh Bình', 527),
(8402, 'Phường Phú Chánh', 527),
(8403, 'Xã Bạch Đằng', 527),
(8404, 'Phường Tân Vĩnh Hiệp', 527),
(8405, 'Phường Thạnh Phước', 527),
(8406, 'Xã Thạnh Hội', 527),
(8407, 'Phường Thái Hòa', 527),
(8408, 'Phường Dĩ An', 528),
(8409, 'Phường Tân Bình', 528),
(8410, 'Phường Tân Đông Hiệp', 528),
(8411, 'Phường Bình An', 528),
(8412, 'Phường Bình Thắng', 528),
(8413, 'Phường Đông Hòa', 528),
(8414, 'Phường An Bình', 528),
(8415, 'Phường An Thạnh', 529),
(8416, 'Phường Lái Thiêu', 529),
(8417, 'Phường Bình Chuẩn', 529),
(8418, 'Phường Thuận Giao', 529),
(8419, 'Phường An Phú', 529),
(8420, 'Phường Hưng Định', 529),
(8421, 'Xã An Sơn', 529),
(8422, 'Phường Bình Nhâm', 529),
(8423, 'Phường Bình Hòa', 529),
(8424, 'Phường Vĩnh Phú', 529),
(8425, 'Xã Tân Định', 530),
(8426, 'Xã Bình Mỹ', 530),
(8427, 'Thị trấn Tân Bình', 530),
(8428, 'Xã Tân Lập', 530),
(8429, 'Thị trấn Tân Thành', 530),
(8430, 'Xã Đất Cuốc', 530),
(8431, 'Xã Hiếu Liêm', 530),
(8432, 'Xã Lạc An', 530),
(8433, 'Xã Tân Mỹ', 530),
(8434, 'Xã Thường Tân', 530),
(8435, 'Phường Trảng Dài', 531),
(8436, 'Phường Tân Phong', 531),
(8437, 'Phường Tân Biên', 531),
(8438, 'Phường Hố Nai', 531),
(8439, 'Phường Tân Hòa', 531),
(8440, 'Phường Tân Hiệp', 531),
(8441, 'Phường Bửu Long', 531),
(8442, 'Phường Tân Tiến', 531),
(8443, 'Phường Tam Hiệp', 531),
(8444, 'Phường Long Bình', 531),
(8445, 'Phường Quang Vinh', 531),
(8446, 'Phường Tân Mai', 531),
(8447, 'Phường Thống Nhất', 531),
(8448, 'Phường Trung Dũng', 531),
(8449, 'Phường Tam Hòa', 531),
(8450, 'Phường Hòa Bình', 531),
(8451, 'Phường Quyết Thắng', 531),
(8452, 'Phường Thanh Bình', 531),
(8453, 'Phường Bình Đa', 531),
(8454, 'Phường An Bình', 531),
(8455, 'Phường Bửu Hòa', 531),
(8456, 'Phường Long Bình Tân', 531),
(8457, 'Phường Tân Vạn', 531),
(8458, 'Phường Tân Hạnh', 531),
(8459, 'Phường Hiệp Hòa', 531),
(8460, 'Phường Hóa An', 531),
(8461, 'Phường An Hòa', 531),
(8462, 'Phường Tam Phước', 531),
(8463, 'Phường Phước Tân', 531),
(8464, 'Xã Long Hưng', 531),
(8465, 'Phường Xuân Trung', 532),
(8466, 'Phường Xuân Thanh', 532),
(8467, 'Phường Xuân Bình', 532),
(8468, 'Phường Xuân An', 532),
(8469, 'Phường Xuân Hoà', 532),
(8470, 'Phường Phú Bình', 532),
(8471, 'Xã Bình Lộc', 532),
(8472, 'Xã Bảo Quang', 532),
(8473, 'Phường Suối Tre', 532),
(8474, 'Phường Bảo Vinh', 532),
(8475, 'Phường Xuân Lập', 532),
(8476, 'Phường Bàu Sen', 532),
(8477, 'Xã Bàu Trâm', 532),
(8478, 'Phường Xuân Tân', 532),
(8479, 'Xã Hàng Gòn', 532),
(8480, 'Thị trấn Tân Phú', 533),
(8481, 'Xã Dak Lua', 533),
(8482, 'Xã Nam Cát Tiên', 533),
(8483, 'Xã Phú An', 533),
(8484, 'Xã Núi Tượng', 533),
(8485, 'Xã Tà Lài', 533),
(8486, 'Xã Phú Lập', 533),
(8487, 'Xã Phú Sơn', 533),
(8488, 'Xã Phú Thịnh', 533),
(8489, 'Xã Thanh Sơn', 533),
(8490, 'Xã Phú Trung', 533),
(8491, 'Xã Phú Xuân', 533),
(8492, 'Xã Phú Lộc', 533),
(8493, 'Xã Phú Lâm', 533),
(8494, 'Xã Phú Bình', 533),
(8495, 'Xã Phú Thanh', 533),
(8496, 'Xã Trà Cổ', 533),
(8497, 'Xã Phú Điền', 533),
(8498, 'Thị trấn Vĩnh An', 534),
(8499, 'Xã Phú Lý', 534),
(8500, 'Xã Trị An', 534),
(8501, 'Xã Tân An', 534),
(8502, 'Xã Vĩnh Tân', 534),
(8503, 'Xã Bình Lợi', 534),
(8504, 'Xã Thạnh Phú', 534),
(8505, 'Xã Thiện Tân', 534),
(8506, 'Xã Tân Bình', 534),
(8507, 'Xã Bình Hòa', 534),
(8508, 'Xã Mã Đà', 534),
(8509, 'Xã Hiếu Liêm', 534),
(8510, 'Thị trấn Định Quán', 535),
(8511, 'Xã Thanh Sơn', 535),
(8512, 'Xã Phú Tân', 535),
(8513, 'Xã Phú Vinh', 535),
(8514, 'Xã Phú Lợi', 535),
(8515, 'Xã Phú Hòa', 535),
(8516, 'Xã Ngọc Định', 535),
(8517, 'Xã La Ngà', 535),
(8518, 'Xã Gia Canh', 535),
(8519, 'Xã Phú Ngọc', 535),
(8520, 'Xã Phú Cường', 535),
(8521, 'Xã Túc Trưng', 535),
(8522, 'Xã Phú Túc', 535),
(8523, 'Xã Suối Nho', 535),
(8524, 'Thị trấn Trảng Bom', 536),
(8525, 'Xã Thanh Bình', 536),
(8526, 'Xã Cây Gáo', 536),
(8527, 'Xã Bàu Hàm', 536),
(8528, 'Xã Sông Thao', 536),
(8529, 'Xã Sông Trầu', 536),
(8530, 'Xã Đông Hoà', 536),
(8531, 'Xã Bắc Sơn', 536),
(8532, 'Xã Hố Nai 3', 536),
(8533, 'Xã Tây Hoà', 536),
(8534, 'Xã Bình Minh', 536),
(8535, 'Xã Trung Hoà', 536),
(8536, 'Xã Đồi 61', 536),
(8537, 'Xã Hưng Thịnh', 536),
(8538, 'Xã Quảng Tiến', 536),
(8539, 'Xã Giang Điền', 536),
(8540, 'Xã An Viễn', 536),
(8541, 'Xã Gia Tân 1', 537),
(8542, 'Xã Gia Tân 2', 537),
(8543, 'Xã Gia Tân 3', 537),
(8544, 'Xã Gia Kiệm', 537),
(8545, 'Xã Quang Trung', 537),
(8546, 'Xã Bàu Hàm 2', 537),
(8547, 'Xã Hưng Lộc', 537),
(8548, 'Xã Lộ 25', 537),
(8549, 'Xã Xuân Thiện', 537),
(8550, 'Thị trấn Dầu Giây', 537),
(8551, 'Xã Sông Nhạn', 538),
(8552, 'Xã Xuân Quế', 538),
(8553, 'Xã Nhân Nghĩa', 538),
(8554, 'Xã Xuân Đường', 538),
(8555, 'Xã Long Giao', 538),
(8556, 'Xã Xuân Mỹ', 538),
(8557, 'Xã Thừa Đức', 538),
(8558, 'Xã Bảo Bình', 538),
(8559, 'Xã Xuân Bảo', 538),
(8560, 'Xã Xuân Tây', 538),
(8561, 'Xã Xuân Đông', 538),
(8562, 'Xã Sông Ray', 538),
(8563, 'Xã Lâm San', 538),
(8564, 'Thị trấn Long Thành', 539),
(8565, 'Xã An Phước', 539),
(8566, 'Xã Bình An', 539),
(8567, 'Xã Long Đức', 539),
(8568, 'Xã Lộc An', 539),
(8569, 'Xã Bình Sơn', 539),
(8570, 'Xã Tam An', 539),
(8571, 'Xã Cẩm Đường', 539),
(8572, 'Xã Long An', 539),
(8573, 'Xã Bàu Cạn', 539),
(8574, 'Xã Long Phước', 539),
(8575, 'Xã Phước Bình', 539),
(8576, 'Xã Tân Hiệp', 539),
(8577, 'Xã Phước Thái', 539),
(8578, 'Thị trấn Gia Ray', 540),
(8579, 'Xã Xuân Bắc', 540),
(8580, 'Xã Suối Cao', 540),
(8581, 'Xã Xuân Thành', 540),
(8582, 'Xã Xuân Thọ', 540),
(8583, 'Xã Xuân Trường', 540),
(8584, 'Xã Xuân Hòa', 540),
(8585, 'Xã Xuân Hưng', 540),
(8586, 'Xã Xuân Tâm', 540),
(8587, 'Xã Suối Cát', 540),
(8588, 'Xã Xuân Hiệp', 540),
(8589, 'Xã Xuân Phú', 540),
(8590, 'Xã Xuân Định', 540),
(8591, 'Xã Bảo Hoà', 540),
(8592, 'Xã Lang Minh', 540),
(8593, 'Xã Phước Thiền', 541),
(8594, 'Xã Long Tân', 541),
(8595, 'Xã Đại Phước', 541),
(8596, 'Thị trấn Hiệp Phước', 541),
(8597, 'Xã Phú Hữu', 541),
(8598, 'Xã Phú Hội', 541),
(8599, 'Xã Phú Thạnh', 541),
(8600, 'Xã Phú Đông', 541),
(8601, 'Xã Long Thọ', 541),
(8602, 'Xã Vĩnh Thanh', 541),
(8603, 'Xã Phước Khánh', 541),
(8604, 'Xã Phước An', 541),
(8605, 'Phường 1', 542),
(8606, 'Phường Thắng Tam', 542),
(8607, 'Phường 2', 542),
(8608, 'Phường 3', 542),
(8609, 'Phường 4', 542),
(8610, 'Phường 5', 542),
(8611, 'Phường Thắng Nhì', 542),
(8612, 'Phường 7', 542),
(8613, 'Phường Nguyễn An Ninh', 542),
(8614, 'Phường 8', 542),
(8615, 'Phường 9', 542),
(8616, 'Phường Thắng Nhất', 542),
(8617, 'Phường Rạch Dừa', 542),
(8618, 'Phường 10', 542),
(8619, 'Phường 11', 542),
(8620, 'Phường 12', 542),
(8621, 'Xã Long Sơn', 542),
(8622, 'Phường Phước Hưng', 543),
(8623, 'Phường Phước Hiệp', 543),
(8624, 'Phường Phước Nguyên', 543),
(8625, 'Phường Long Toàn', 543),
(8626, 'Phường Long Tâm', 543),
(8627, 'Phường Phước Trung', 543),
(8628, 'Phường Long Hương', 543),
(8629, 'Phường Kim Dinh', 543),
(8630, 'Xã Tân Hưng', 543),
(8631, 'Xã Long Phước', 543),
(8632, 'Xã Hoà Long', 543),
(8633, 'Xã Bàu Chinh', 544),
(8634, 'Thị trấn Ngãi Giao', 544),
(8635, 'Xã Bình Ba', 544),
(8636, 'Xã Suối Nghệ', 544),
(8637, 'Xã Xuân Sơn', 544),
(8638, 'Xã Sơn Bình', 544),
(8639, 'Xã Bình Giã', 544),
(8640, 'Xã Bình Trung', 544),
(8641, 'Xã Xà Bang', 544),
(8642, 'Xã Cù Bị', 544),
(8643, 'Xã Láng Lớn', 544),
(8644, 'Xã Quảng Thành', 544),
(8645, 'Xã Kim Long', 544),
(8646, 'Xã Suối Rao', 544),
(8647, 'Xã Đá Bạc', 544),
(8648, 'Xã Nghĩa Thành', 544),
(8649, 'Thị trấn Phước Bửu', 545),
(8650, 'Xã Phước Thuận', 545),
(8651, 'Xã Phước Tân', 545),
(8652, 'Xã Xuyên Mộc', 545),
(8653, 'Xã Bông Trang', 545),
(8654, 'Xã Tân Lâm', 545),
(8655, 'Xã Bàu Lâm', 545),
(8656, 'Xã Hòa Bình', 545),
(8657, 'Xã Hòa Hưng', 545),
(8658, 'Xã Hòa Hiệp', 545),
(8659, 'Xã Hòa Hội', 545),
(8660, 'Xã Bưng Riềng', 545),
(8661, 'Xã Bình Châu', 545),
(8662, 'Thị trấn Long Điền', 546),
(8663, 'Thị trấn Long Hải', 546),
(8664, 'Xã An Ngãi', 546),
(8665, 'Xã Tam Phước', 546),
(8666, 'Xã An Nhứt', 546),
(8667, 'Xã Phước Tỉnh', 546),
(8668, 'Xã Phước Hưng', 546),
(8669, 'Thị trấn Đất Đỏ', 547),
(8670, 'Xã Phước Long Thọ', 547),
(8671, 'Xã Phước Hội', 547),
(8672, 'Xã Long Mỹ', 547),
(8673, 'Thị trấn Phước Hải', 547),
(8674, 'Xã Long Tân', 547),
(8675, 'Xã Láng Dài', 547),
(8676, 'Xã Lộc An', 547),
(8677, 'Phường Phú Mỹ', 548),
(8678, 'Xã Tân Hoà', 548),
(8679, 'Xã Tân Hải', 548),
(8680, 'Phường Phước Hoà', 548),
(8681, 'Phường Tân Phước', 548),
(8682, 'Phường Mỹ Xuân', 548),
(8683, 'Xã Sông Xoài', 548),
(8684, 'Phường Hắc Dịch', 548),
(8685, 'Xã Châu Pha', 548),
(8686, 'Xã Tóc Tiên', 548),
(8687, 'Phường Tân Định', 550),
(8688, 'Phường Đa Kao', 550),
(8689, 'Phường Bến Nghé', 550),
(8690, 'Phường Bến Thành', 550),
(8691, 'Phường Nguyễn Thái Bình', 550),
(8692, 'Phường Phạm Ngũ Lão', 550),
(8693, 'Phường Cầu Ông Lãnh', 550),
(8694, 'Phường Cô Giang', 550),
(8695, 'Phường Nguyễn Cư Trinh', 550),
(8696, 'Phường Cầu Kho', 550),
(8697, 'Phường Thạnh Xuân', 551),
(8698, 'Phường Thạnh Lộc', 551),
(8699, 'Phường Hiệp Thành', 551),
(8700, 'Phường Thới An', 551),
(8701, 'Phường Tân Chánh Hiệp', 551),
(8702, 'Phường An Phú Đông', 551),
(8703, 'Phường Tân Thới Hiệp', 551),
(8704, 'Phường Trung Mỹ Tây', 551),
(8705, 'Phường Tân Hưng Thuận', 551),
(8706, 'Phường Đông Hưng Thuận', 551),
(8707, 'Phường Tân Thới Nhất', 551),
(8708, 'Phường 15', 552),
(8709, 'Phường 13', 552),
(8710, 'Phường 17', 552),
(8711, 'Phường 6', 552),
(8712, 'Phường 16', 552),
(8713, 'Phường 12', 552),
(8714, 'Phường 14', 552),
(8715, 'Phường 10', 552),
(8716, 'Phường 05', 552),
(8717, 'Phường 07', 552),
(8718, 'Phường 04', 552),
(8719, 'Phường 01', 552),
(8720, 'Phường 9', 552),
(8721, 'Phường 8', 552),
(8722, 'Phường 11', 552),
(8723, 'Phường 03', 552),
(8724, 'Phường 13', 553),
(8725, 'Phường 11', 553),
(8726, 'Phường 27', 553),
(8727, 'Phường 26', 553),
(8728, 'Phường 12', 553),
(8729, 'Phường 25', 553),
(8730, 'Phường 05', 553),
(8731, 'Phường 07', 553),
(8732, 'Phường 24', 553),
(8733, 'Phường 06', 553),
(8734, 'Phường 14', 553),
(8735, 'Phường 15', 553),
(8736, 'Phường 02', 553),
(8737, 'Phường 01', 553),
(8738, 'Phường 03', 553),
(8739, 'Phường 17', 553),
(8740, 'Phường 21', 553),
(8741, 'Phường 22', 553),
(8742, 'Phường 19', 553),
(8743, 'Phường 28', 553),
(8744, 'Phường 02', 554),
(8745, 'Phường 04', 554),
(8746, 'Phường 12', 554),
(8747, 'Phường 13', 554),
(8748, 'Phường 01', 554),
(8749, 'Phường 03', 554),
(8750, 'Phường 11', 554),
(8751, 'Phường 07', 554),
(8752, 'Phường 05', 554),
(8753, 'Phường 10', 554),
(8754, 'Phường 06', 554),
(8755, 'Phường 08', 554),
(8756, 'Phường 09', 554),
(8757, 'Phường 14', 554),
(8758, 'Phường 15', 554),
(8759, 'Phường Tân Sơn Nhì', 555),
(8760, 'Phường Tây Thạnh', 555),
(8761, 'Phường Sơn Kỳ', 555),
(8762, 'Phường Tân Quý', 555),
(8763, 'Phường Tân Thành', 555),
(8764, 'Phường Phú Thọ Hòa', 555),
(8765, 'Phường Phú Thạnh', 555),
(8766, 'Phường Phú Trung', 555),
(8767, 'Phường Hòa Thạnh', 555),
(8768, 'Phường Hiệp Tân', 555),
(8769, 'Phường Tân Thới Hòa', 555),
(8770, 'Phường 04', 556),
(8771, 'Phường 05', 556),
(8772, 'Phường 09', 556),
(8773, 'Phường 07', 556),
(8774, 'Phường 03', 556),
(8775, 'Phường 01', 556),
(8776, 'Phường 02', 556),
(8777, 'Phường 08', 556),
(8778, 'Phường 15', 556),
(8779, 'Phường 10', 556),
(8780, 'Phường 11', 556),
(8781, 'Phường 17', 556),
(8782, 'Phường 13', 556),
(8783, 'Phường Linh Xuân', 557),
(8784, 'Phường Bình Chiểu', 557),
(8785, 'Phường Linh Trung', 557),
(8786, 'Phường Tam Bình', 557),
(8787, 'Phường Tam Phú', 557),
(8788, 'Phường Hiệp Bình Phước', 557),
(8789, 'Phường Hiệp Bình Chánh', 557),
(8790, 'Phường Linh Chiểu', 557),
(8791, 'Phường Linh Tây', 557),
(8792, 'Phường Linh Đông', 557),
(8793, 'Phường Bình Thọ', 557),
(8794, 'Phường Trường Thọ', 557),
(8795, 'Phường Long Bình', 557),
(8796, 'Phường Long Thạnh Mỹ', 557),
(8797, 'Phường Tân Phú', 557),
(8798, 'Phường Hiệp Phú', 557),
(8799, 'Phường Tăng Nhơn Phú A', 557),
(8800, 'Phường Tăng Nhơn Phú B', 557),
(8801, 'Phường Phước Long B', 557),
(8802, 'Phường Phước Long A', 557),
(8803, 'Phường Trường Thạnh', 557),
(8804, 'Phường Long Phước', 557),
(8805, 'Phường Long Trường', 557),
(8806, 'Phường Phước Bình', 557),
(8807, 'Phường Phú Hữu', 557),
(8808, 'Phường Thảo Điền', 557),
(8809, 'Phường An Phú', 557),
(8810, 'Phường An Khánh', 557),
(8811, 'Phường Bình Trưng Đông', 557),
(8812, 'Phường Bình Trưng Tây', 557),
(8813, 'Phường Cát Lái', 557),
(8814, 'Phường Thạnh Mỹ Lợi', 557),
(8815, 'Phường An Lợi Đông', 557),
(8816, 'Phường Thủ Thiêm', 557),
(8817, 'Phường 14', 558),
(8818, 'Phường 12', 558),
(8819, 'Phường 11', 558),
(8820, 'Phường 13', 558),
(8821, 'Phường Võ Thị Sáu', 558),
(8822, 'Phường 09', 558),
(8823, 'Phường 10', 558),
(8824, 'Phường 04', 558),
(8825, 'Phường 05', 558),
(8826, 'Phường 03', 558),
(8827, 'Phường 02', 558),
(8828, 'Phường 01', 558),
(8829, 'Phường 15', 559),
(8830, 'Phường 13', 559),
(8831, 'Phường 14', 559),
(8832, 'Phường 12', 559),
(8833, 'Phường 11', 559),
(8834, 'Phường 10', 559),
(8835, 'Phường 09', 559),
(8836, 'Phường 01', 559),
(8837, 'Phường 08', 559),
(8838, 'Phường 02', 559),
(8839, 'Phường 04', 559),
(8840, 'Phường 07', 559),
(8841, 'Phường 05', 559),
(8842, 'Phường 06', 559),
(8843, 'Phường 15', 560),
(8844, 'Phường 05', 560),
(8845, 'Phường 14', 560),
(8846, 'Phường 11', 560),
(8847, 'Phường 03', 560),
(8848, 'Phường 10', 560),
(8849, 'Phường 13', 560),
(8850, 'Phường 08', 560),
(8851, 'Phường 09', 560),
(8852, 'Phường 12', 560),
(8853, 'Phường 07', 560),
(8854, 'Phường 06', 560),
(8855, 'Phường 04', 560),
(8856, 'Phường 01', 560),
(8857, 'Phường 02', 560),
(8858, 'Phường 16', 560),
(8859, 'Phường 13', 561),
(8860, 'Phường 09', 561),
(8861, 'Phường 06', 561),
(8862, 'Phường 08', 561),
(8863, 'Phường 10', 561),
(8864, 'Phường 18', 561),
(8865, 'Phường 14', 561),
(8866, 'Phường 04', 561),
(8867, 'Phường 03', 561),
(8868, 'Phường 16', 561),
(8869, 'Phường 02', 561),
(8870, 'Phường 15', 561),
(8871, 'Phường 01', 561),
(8872, 'Phường 04', 562),
(8873, 'Phường 09', 562),
(8874, 'Phường 03', 562),
(8875, 'Phường 12', 562),
(8876, 'Phường 02', 562),
(8877, 'Phường 08', 562),
(8878, 'Phường 07', 562),
(8879, 'Phường 01', 562),
(8880, 'Phường 11', 562),
(8881, 'Phường 14', 562),
(8882, 'Phường 05', 562),
(8883, 'Phường 06', 562),
(8884, 'Phường 10', 562),
(8885, 'Phường 13', 562),
(8886, 'Phường 14', 563),
(8887, 'Phường 13', 563),
(8888, 'Phường 09', 563),
(8889, 'Phường 06', 563),
(8890, 'Phường 12', 563),
(8891, 'Phường 05', 563),
(8892, 'Phường 11', 563),
(8893, 'Phường 02', 563),
(8894, 'Phường 01', 563),
(8895, 'Phường 04', 563),
(8896, 'Phường 08', 563),
(8897, 'Phường 03', 563),
(8898, 'Phường 07', 563),
(8899, 'Phường 10', 563),
(8900, 'Phường 08', 564),
(8901, 'Phường 02', 564),
(8902, 'Phường 01', 564),
(8903, 'Phường 03', 564),
(8904, 'Phường 11', 564),
(8905, 'Phường 09', 564),
(8906, 'Phường 10', 564),
(8907, 'Phường 04', 564),
(8908, 'Phường 13', 564),
(8909, 'Phường 12', 564),
(8910, 'Phường 05', 564),
(8911, 'Phường 14', 564),
(8912, 'Phường 06', 564),
(8913, 'Phường 15', 564),
(8914, 'Phường 16', 564),
(8915, 'Phường 07', 564),
(8916, 'Phường Bình Hưng Hòa', 565),
(8917, 'Phường Bình Hưng Hoà A', 565),
(8918, 'Phường Bình Hưng Hoà B', 565),
(8919, 'Phường Bình Trị Đông', 565),
(8920, 'Phường Bình Trị Đông A', 565),
(8921, 'Phường Bình Trị Đông B', 565),
(8922, 'Phường Tân Tạo', 565),
(8923, 'Phường Tân Tạo A', 565),
(8924, 'Phường An Lạc', 565),
(8925, 'Phường An Lạc A', 565),
(8926, 'Phường Tân Thuận Đông', 566),
(8927, 'Phường Tân Thuận Tây', 566),
(8928, 'Phường Tân Kiểng', 566),
(8929, 'Phường Tân Hưng', 566),
(8930, 'Phường Bình Thuận', 566),
(8931, 'Phường Tân Quy', 566),
(8932, 'Phường Phú Thuận', 566),
(8933, 'Phường Tân Phú', 566),
(8934, 'Phường Tân Phong', 566),
(8935, 'Phường Phú Mỹ', 566),
(8936, 'Thị trấn Củ Chi', 567),
(8937, 'Xã Phú Mỹ Hưng', 567),
(8938, 'Xã An Phú', 567),
(8939, 'Xã Trung Lập Thượng', 567),
(8940, 'Xã An Nhơn Tây', 567),
(8941, 'Xã Nhuận Đức', 567),
(8942, 'Xã Phạm Văn Cội', 567),
(8943, 'Xã Phú Hòa Đông', 567),
(8944, 'Xã Trung Lập Hạ', 567),
(8945, 'Xã Trung An', 567),
(8946, 'Xã Phước Thạnh', 567),
(8947, 'Xã Phước Hiệp', 567),
(8948, 'Xã Tân An Hội', 567),
(8949, 'Xã Phước Vĩnh An', 567),
(8950, 'Xã Thái Mỹ', 567),
(8951, 'Xã Tân Thạnh Tây', 567),
(8952, 'Xã Hòa Phú', 567),
(8953, 'Xã Tân Thạnh Đông', 567),
(8954, 'Xã Bình Mỹ', 567),
(8955, 'Xã Tân Phú Trung', 567),
(8956, 'Xã Tân Thông Hội', 567),
(8957, 'Thị trấn Hóc Môn', 568),
(8958, 'Xã Tân Hiệp', 568),
(8959, 'Xã Nhị Bình', 568),
(8960, 'Xã Đông Thạnh', 568),
(8961, 'Xã Tân Thới Nhì', 568),
(8962, 'Xã Thới Tam Thôn', 568),
(8963, 'Xã Xuân Thới Sơn', 568),
(8964, 'Xã Tân Xuân', 568),
(8965, 'Xã Xuân Thới Đông', 568),
(8966, 'Xã Trung Chánh', 568),
(8967, 'Xã Xuân Thới Thượng', 568),
(8968, 'Xã Bà Điểm', 568),
(8969, 'Thị trấn Tân Túc', 569),
(8970, 'Xã Phạm Văn Hai', 569),
(8971, 'Xã Vĩnh Lộc A', 569),
(8972, 'Xã Vĩnh Lộc B', 569),
(8973, 'Xã Bình Lợi', 569),
(8974, 'Xã Lê Minh Xuân', 569),
(8975, 'Xã Tân Nhựt', 569),
(8976, 'Xã Tân Kiên', 569),
(8977, 'Xã Bình Hưng', 569),
(8978, 'Xã Phong Phú', 569),
(8979, 'Xã An Phú Tây', 569),
(8980, 'Xã Hưng Long', 569),
(8981, 'Xã Đa Phước', 569),
(8982, 'Xã Tân Quý Tây', 569),
(8983, 'Xã Bình Chánh', 569),
(8984, 'Xã Quy Đức', 569),
(8985, 'Thị trấn Nhà Bè', 570),
(8986, 'Xã Phước Kiển', 570),
(8987, 'Xã Phước Lộc', 570),
(8988, 'Xã Nhơn Đức', 570),
(8989, 'Xã Phú Xuân', 570),
(8990, 'Xã Long Thới', 570),
(8991, 'Xã Hiệp Phước', 570),
(8992, 'Thị trấn Cần Thạnh', 571),
(8993, 'Xã Bình Khánh', 571),
(8994, 'Xã Tam Thôn Hiệp', 571),
(8995, 'Xã An Thới Đông', 571),
(8996, 'Xã Thạnh An', 571),
(8997, 'Xã Long Hòa', 571),
(8998, 'Xã Lý Nhơn', 571),
(8999, 'Phường 5', 572),
(9000, 'Phường 2', 572),
(9001, 'Phường 4', 572),
(9002, 'Phường Tân Khánh', 572),
(9003, 'Phường 1', 572),
(9004, 'Phường 3', 572),
(9005, 'Phường 7', 572),
(9006, 'Phường 6', 572),
(9007, 'Xã Hướng Thọ Phú', 572),
(9008, 'Xã Nhơn Thạnh Trung', 572),
(9009, 'Xã Lợi Bình Nhơn', 572),
(9010, 'Xã Bình Tâm', 572),
(9011, 'Phường Khánh Hậu', 572),
(9012, 'Xã An Vĩnh Ngãi', 572),
(9013, 'Phường 1', 573),
(9014, 'Phường 2', 573),
(9015, 'Xã Thạnh Trị', 573),
(9016, 'Xã Bình Hiệp', 573),
(9017, 'Xã Bình Tân', 573),
(9018, 'Xã Tuyên Thạnh', 573),
(9019, 'Phường 3', 573),
(9020, 'Xã Thạnh Hưng', 573),
(9021, 'Thị trấn Tân Hưng', 574),
(9022, 'Xã Hưng Hà', 574),
(9023, 'Xã Hưng Điền B', 574),
(9024, 'Xã Hưng Điền', 574),
(9025, 'Xã Thạnh Hưng', 574),
(9026, 'Xã Hưng Thạnh', 574),
(9027, 'Xã Vĩnh Thạnh', 574),
(9028, 'Xã Vĩnh Châu B', 574),
(9029, 'Xã Vĩnh Lợi', 574),
(9030, 'Xã Vĩnh Đại', 574),
(9031, 'Xã Vĩnh Châu A', 574),
(9032, 'Xã Vĩnh Bửu', 574),
(9033, 'Thị trấn Vĩnh Hưng', 575),
(9034, 'Xã Hưng Điền A', 575),
(9035, 'Xã Khánh Hưng', 575),
(9036, 'Xã Thái Trị', 575),
(9037, 'Xã Vĩnh Trị', 575),
(9038, 'Xã Thái Bình Trung', 575),
(9039, 'Xã Vĩnh Bình', 575),
(9040, 'Xã Vĩnh Thuận', 575),
(9041, 'Xã Tuyên Bình', 575),
(9042, 'Xã Tuyên Bình Tây', 575),
(9043, 'Xã Bình Hòa Tây', 576),
(9044, 'Xã Bình Thạnh', 576),
(9045, 'Xã Bình Hòa Trung', 576),
(9046, 'Xã Bình Hòa Đông', 576),
(9047, 'Thị trấn Bình Phong Thạnh', 576),
(9048, 'Xã Tân Lập', 576),
(9049, 'Xã Tân Thành', 576),
(9050, 'Thị trấn Tân Thạnh', 577),
(9051, 'Xã Bắc Hòa', 577),
(9052, 'Xã Hậu Thạnh Tây', 577),
(9053, 'Xã Nhơn Hòa Lập', 577),
(9054, 'Xã Tân Lập', 577),
(9055, 'Xã Hậu Thạnh Đông', 577),
(9056, 'Xã Nhơn Hoà', 577),
(9057, 'Xã Kiến Bình', 577),
(9058, 'Xã Tân Thành', 577),
(9059, 'Xã Tân Bình', 577),
(9060, 'Xã Tân Ninh', 577),
(9061, 'Xã Nhơn Ninh', 577),
(9062, 'Xã Tân Hòa', 577),
(9063, 'Thị trấn Thạnh Hóa', 578),
(9064, 'Xã Tân Hiệp', 578),
(9065, 'Xã Thuận Bình', 578),
(9066, 'Xã Thạnh Phước', 578),
(9067, 'Xã Thạnh Phú', 578),
(9068, 'Xã Thuận Nghĩa Hòa', 578),
(9069, 'Xã Thủy Đông', 578),
(9070, 'Xã Thủy Tây', 578),
(9071, 'Xã Tân Tây', 578),
(9072, 'Xã Tân Đông', 578),
(9073, 'Xã Thạnh An', 578),
(9074, 'Thị trấn Đông Thành', 579),
(9075, 'Xã Mỹ Quý Đông', 579),
(9076, 'Xã Mỹ Thạnh Bắc', 579),
(9077, 'Xã Mỹ Quý Tây', 579),
(9078, 'Xã Mỹ Thạnh Tây', 579),
(9079, 'Xã Mỹ Thạnh Đông', 579),
(9080, 'Xã Bình Thành', 579),
(9081, 'Xã Bình Hòa Bắc', 579),
(9082, 'Xã Bình Hòa Hưng', 579),
(9083, 'Xã Bình Hòa Nam', 579),
(9084, 'Xã Mỹ Bình', 579),
(9085, 'Thị trấn Hậu Nghĩa', 580),
(9086, 'Thị trấn Hiệp Hòa', 580),
(9087, 'Thị trấn Đức Hòa', 580),
(9088, 'Xã Lộc Giang', 580),
(9089, 'Xã An Ninh Đông', 580),
(9090, 'Xã An Ninh Tây', 580),
(9091, 'Xã Tân Mỹ', 580),
(9092, 'Xã Hiệp Hòa', 580),
(9093, 'Xã Đức Lập Thượng', 580),
(9094, 'Xã Đức Lập Hạ', 580),
(9095, 'Xã Tân Phú', 580),
(9096, 'Xã Mỹ Hạnh Bắc', 580),
(9097, 'Xã Đức Hòa Thượng', 580),
(9098, 'Xã Hòa Khánh Tây', 580),
(9099, 'Xã Hòa Khánh Đông', 580),
(9100, 'Xã Mỹ Hạnh Nam', 580),
(9101, 'Xã Hòa Khánh Nam', 580),
(9102, 'Xã Đức Hòa Đông', 580),
(9103, 'Xã Đức Hòa Hạ', 580),
(9104, 'Xã Hựu Thạnh', 580),
(9105, 'Thị trấn Bến Lức', 581),
(9106, 'Xã Thạnh Lợi', 581),
(9107, 'Xã Lương Bình', 581),
(9108, 'Xã Thạnh Hòa', 581),
(9109, 'Xã Lương Hòa', 581),
(9110, 'Xã Tân Hòa', 581),
(9111, 'Xã Tân Bửu', 581),
(9112, 'Xã An Thạnh', 581),
(9113, 'Xã Bình Đức', 581),
(9114, 'Xã Mỹ Yên', 581),
(9115, 'Xã Thanh Phú', 581),
(9116, 'Xã Long Hiệp', 581),
(9117, 'Xã Thạnh Đức', 581),
(9118, 'Xã Phước Lợi', 581),
(9119, 'Xã Nhựt Chánh', 581),
(9120, 'Thị trấn Thủ Thừa', 582),
(9121, 'Xã Long Thạnh', 582),
(9122, 'Xã Tân Thành', 582),
(9123, 'Xã Long Thuận', 582),
(9124, 'Xã Mỹ Lạc', 582),
(9125, 'Xã Mỹ Thạnh', 582),
(9126, 'Xã Bình An', 582),
(9127, 'Xã Nhị Thành', 582),
(9128, 'Xã Mỹ An', 582),
(9129, 'Xã Bình Thạnh', 582),
(9130, 'Xã Mỹ Phú', 582),
(9131, 'Xã Tân Long', 582),
(9132, 'Thị trấn Tân Trụ', 583),
(9133, 'Xã Tân Bình', 583),
(9134, 'Xã Quê Mỹ Thạnh', 583),
(9135, 'Xã Lạc Tấn', 583),
(9136, 'Xã Bình Trinh Đông', 583),
(9137, 'Xã Tân Phước Tây', 583),
(9138, 'Xã Bình Lãng', 583),
(9139, 'Xã Bình Tịnh', 583),
(9140, 'Xã Đức Tân', 583),
(9141, 'Xã Nhựt Ninh', 583),
(9142, 'Thị trấn Cần Đước', 584),
(9143, 'Xã Long Trạch', 584),
(9144, 'Xã Long Khê', 584),
(9145, 'Xã Long Định', 584),
(9146, 'Xã Phước Vân', 584),
(9147, 'Xã Long Hòa', 584),
(9148, 'Xã Long Cang', 584),
(9149, 'Xã Long Sơn', 584),
(9150, 'Xã Tân Trạch', 584),
(9151, 'Xã Mỹ Lệ', 584),
(9152, 'Xã Tân Lân', 584),
(9153, 'Xã Phước Tuy', 584),
(9154, 'Xã Long Hựu Đông', 584),
(9155, 'Xã Tân Ân', 584),
(9156, 'Xã Phước Đông', 584),
(9157, 'Xã Long Hựu Tây', 584),
(9158, 'Xã Tân Chánh', 584),
(9159, 'Thị trấn Cần Giuộc', 585),
(9160, 'Xã Phước Lý', 585),
(9161, 'Xã Long Thượng', 585),
(9162, 'Xã Long Hậu', 585),
(9163, 'Xã Phước Hậu', 585),
(9164, 'Xã Mỹ Lộc', 585),
(9165, 'Xã Phước Lại', 585),
(9166, 'Xã Phước Lâm', 585),
(9167, 'Xã Thuận Thành', 585),
(9168, 'Xã Phước Vĩnh Tây', 585),
(9169, 'Xã Phước Vĩnh Đông', 585),
(9170, 'Xã Long An', 585),
(9171, 'Xã Long Phụng', 585),
(9172, 'Xã Đông Thạnh', 585),
(9173, 'Xã Tân Tập', 585),
(9174, 'Thị trấn Tầm Vu', 586),
(9175, 'Xã Bình Quới', 586),
(9176, 'Xã Hòa Phú', 586),
(9177, 'Xã Phú Ngãi Trị', 586),
(9178, 'Xã Vĩnh Công', 586),
(9179, 'Xã Thuận Mỹ', 586),
(9180, 'Xã Hiệp Thạnh', 586),
(9181, 'Xã Phước Tân Hưng', 586),
(9182, 'Xã Thanh Phú Long', 586),
(9183, 'Xã Dương Xuân Hội', 586),
(9184, 'Xã An Lục Long', 586),
(9185, 'Xã Long Trì', 586),
(9186, 'Xã Thanh Vĩnh Đông', 586),
(9187, 'Phường 5', 587),
(9188, 'Phường 4', 587),
(9189, 'Phường 7', 587),
(9190, 'Phường 3', 587),
(9191, 'Phường 1', 587),
(9192, 'Phường 2', 587),
(9193, 'Phường 8', 587),
(9194, 'Phường 6', 587),
(9195, 'Phường 9', 587),
(9196, 'Phường 10', 587),
(9197, 'Phường Tân Long', 587),
(9198, 'Xã Đạo Thạnh', 587),
(9199, 'Xã Trung An', 587),
(9200, 'Xã Mỹ Phong', 587),
(9201, 'Xã Tân Mỹ Chánh', 587),
(9202, 'Xã Phước Thạnh', 587),
(9203, 'Xã Thới Sơn', 587),
(9204, 'Phường 3', 588),
(9205, 'Phường 2', 588),
(9206, 'Phường 4', 588),
(9207, 'Phường 1', 588),
(9208, 'Phường 5', 588),
(9209, 'Xã Long Hưng', 588),
(9210, 'Xã Long Thuận', 588),
(9211, 'Xã Long Chánh', 588),
(9212, 'Xã Long Hòa', 588),
(9213, 'Xã Bình Đông', 588),
(9214, 'Xã Bình Xuân', 588),
(9215, 'Xã Tân Trung', 588),
(9216, 'Phường 1', 589),
(9217, 'Phường 2', 589),
(9218, 'Phường 3', 589),
(9219, 'Phường 4', 589),
(9220, 'Phường 5', 589),
(9221, 'Xã Mỹ Phước Tây', 589),
(9222, 'Xã Mỹ Hạnh Đông', 589),
(9223, 'Xã Mỹ Hạnh Trung', 589),
(9224, 'Xã Tân Phú', 589),
(9225, 'Xã Tân Bình', 589),
(9226, 'Xã Tân Hội', 589),
(9227, 'Phường Nhị Mỹ', 589),
(9228, 'Xã Nhị Quý', 589),
(9229, 'Xã Thanh Hòa', 589),
(9230, 'Xã Phú Quý', 589),
(9231, 'Xã Long Khánh', 589),
(9232, 'Thị trấn Mỹ Phước', 590),
(9233, 'Xã Tân Hòa Đông', 590),
(9234, 'Xã Thạnh Tân', 590),
(9235, 'Xã Thạnh Mỹ', 590),
(9236, 'Xã Thạnh Hoà', 590),
(9237, 'Xã Phú Mỹ', 590),
(9238, 'Xã Tân Hòa Thành', 590),
(9239, 'Xã Hưng Thạnh', 590),
(9240, 'Xã Tân Lập 1', 590),
(9241, 'Xã Tân Hòa Tây', 590),
(9242, 'Xã Tân Lập 2', 590),
(9243, 'Xã Phước Lập', 590),
(9244, 'Thị trấn Cái Bè', 591),
(9245, 'Xã Hậu Mỹ Bắc B', 591),
(9246, 'Xã Hậu Mỹ Bắc A', 591),
(9247, 'Xã Mỹ Trung', 591),
(9248, 'Xã Hậu Mỹ Trinh', 591),
(9249, 'Xã Hậu Mỹ Phú', 591),
(9250, 'Xã Mỹ Tân', 591),
(9251, 'Xã Mỹ Lợi B', 591),
(9252, 'Xã Thiện Trung', 591),
(9253, 'Xã Mỹ Hội', 591),
(9254, 'Xã An Cư', 591),
(9255, 'Xã Hậu Thành', 591),
(9256, 'Xã Mỹ Lợi A', 591),
(9257, 'Xã Hòa Khánh', 591),
(9258, 'Xã Thiện Trí', 591),
(9259, 'Xã Mỹ Đức Đông', 591),
(9260, 'Xã Mỹ Đức Tây', 591),
(9261, 'Xã Đông Hòa Hiệp', 591),
(9262, 'Xã An Thái Đông', 591);
INSERT INTO `wards` (`id`, `name`, `districts_id`) VALUES
(9263, 'Xã Tân Hưng', 591),
(9264, 'Xã Mỹ Lương', 591),
(9265, 'Xã Tân Thanh', 591),
(9266, 'Xã An Thái Trung', 591),
(9267, 'Xã An Hữu', 591),
(9268, 'Xã Hòa Hưng', 591),
(9269, 'Xã Thạnh Lộc', 592),
(9270, 'Xã Mỹ Thành Bắc', 592),
(9271, 'Xã Phú Cường', 592),
(9272, 'Xã Mỹ Thành Nam', 592),
(9273, 'Xã Phú Nhuận', 592),
(9274, 'Xã Bình Phú', 592),
(9275, 'Xã Cẩm Sơn', 592),
(9276, 'Xã Phú An', 592),
(9277, 'Xã Mỹ Long', 592),
(9278, 'Xã Long Tiên', 592),
(9279, 'Xã Hiệp Đức', 592),
(9280, 'Xã Long Trung', 592),
(9281, 'Xã Hội Xuân', 592),
(9282, 'Xã Tân Phong', 592),
(9283, 'Xã Tam Bình', 592),
(9284, 'Xã Ngũ Hiệp', 592),
(9285, 'Thị trấn Tân Hiệp', 593),
(9286, 'Xã Tân Hội Đông', 593),
(9287, 'Xã Tân Hương', 593),
(9288, 'Xã Tân Lý Đông', 593),
(9289, 'Xã Tân Lý Tây', 593),
(9290, 'Xã Thân Cửu Nghĩa', 593),
(9291, 'Xã Tam Hiệp', 593),
(9292, 'Xã Điềm Hy', 593),
(9293, 'Xã Nhị Bình', 593),
(9294, 'Xã Dưỡng Điềm', 593),
(9295, 'Xã Đông Hòa', 593),
(9296, 'Xã Long Định', 593),
(9297, 'Xã Hữu Đạo', 593),
(9298, 'Xã Long An', 593),
(9299, 'Xã Long Hưng', 593),
(9300, 'Xã Bình Trưng', 593),
(9301, 'Xã Thạnh Phú', 593),
(9302, 'Xã Bàn Long', 593),
(9303, 'Xã Vĩnh Kim', 593),
(9304, 'Xã Bình Đức', 593),
(9305, 'Xã Song Thuận', 593),
(9306, 'Xã Kim Sơn', 593),
(9307, 'Xã Phú Phong', 593),
(9308, 'Thị trấn Chợ Gạo', 594),
(9309, 'Xã Trung Hòa', 594),
(9310, 'Xã Hòa Tịnh', 594),
(9311, 'Xã Mỹ Tịnh An', 594),
(9312, 'Xã Tân Bình Thạnh', 594),
(9313, 'Xã Phú Kiết', 594),
(9314, 'Xã Lương Hòa Lạc', 594),
(9315, 'Xã Thanh Bình', 594),
(9316, 'Xã Quơn Long', 594),
(9317, 'Xã Bình Phục Nhứt', 594),
(9318, 'Xã Đăng Hưng Phước', 594),
(9319, 'Xã Tân Thuận Bình', 594),
(9320, 'Xã Song Bình', 594),
(9321, 'Xã Bình Phan', 594),
(9322, 'Xã Long Bình Điền', 594),
(9323, 'Xã An Thạnh Thủy', 594),
(9324, 'Xã Xuân Đông', 594),
(9325, 'Xã Hòa Định', 594),
(9326, 'Xã Bình Ninh', 594),
(9327, 'Thị trấn Vĩnh Bình', 595),
(9328, 'Xã Đồng Sơn', 595),
(9329, 'Xã Bình Phú', 595),
(9330, 'Xã Đồng Thạnh', 595),
(9331, 'Xã Thành Công', 595),
(9332, 'Xã Bình Nhì', 595),
(9333, 'Xã Yên Luông', 595),
(9334, 'Xã Thạnh Trị', 595),
(9335, 'Xã Thạnh Nhựt', 595),
(9336, 'Xã Long Vĩnh', 595),
(9337, 'Xã Bình Tân', 595),
(9338, 'Xã Vĩnh Hựu', 595),
(9339, 'Xã Long Bình', 595),
(9340, 'Thị trấn Tân Hòa', 596),
(9341, 'Xã Tăng Hoà', 596),
(9342, 'Xã Tân Phước', 596),
(9343, 'Xã Gia Thuận', 596),
(9344, 'Thị trấn Vàm Láng', 596),
(9345, 'Xã Tân Tây', 596),
(9346, 'Xã Kiểng Phước', 596),
(9347, 'Xã Tân Đông', 596),
(9348, 'Xã Bình Ân', 596),
(9349, 'Xã Tân Điền', 596),
(9350, 'Xã Bình Nghị', 596),
(9351, 'Xã Phước Trung', 596),
(9352, 'Xã Tân Thành', 596),
(9353, 'Xã Tân Thới', 597),
(9354, 'Xã Tân Phú', 597),
(9355, 'Xã Phú Thạnh', 597),
(9356, 'Xã Tân Thạnh', 597),
(9357, 'Xã Phú Đông', 597),
(9358, 'Xã Phú Tân', 597),
(9359, 'Phường Phú Khương', 598),
(9360, 'Phường Phú Tân', 598),
(9361, 'Phường 8', 598),
(9362, 'Phường 6', 598),
(9363, 'Phường 4', 598),
(9364, 'Phường 5', 598),
(9365, 'Phường An Hội', 598),
(9366, 'Phường 7', 598),
(9367, 'Xã Sơn Đông', 598),
(9368, 'Xã Phú Hưng', 598),
(9369, 'Xã Bình Phú', 598),
(9370, 'Xã Mỹ Thạnh An', 598),
(9371, 'Xã Nhơn Thạnh', 598),
(9372, 'Xã Phú Nhuận', 598),
(9373, 'Thị trấn Châu Thành', 599),
(9374, 'Xã Tân Thạch', 599),
(9375, 'Xã Qưới Sơn', 599),
(9376, 'Xã An Khánh', 599),
(9377, 'Xã Giao Long', 599),
(9378, 'Xã Phú Túc', 599),
(9379, 'Xã Phú Đức', 599),
(9380, 'Xã Phú An Hòa', 599),
(9381, 'Xã An Phước', 599),
(9382, 'Xã Tam Phước', 599),
(9383, 'Xã Thành Triệu', 599),
(9384, 'Xã Tường Đa', 599),
(9385, 'Xã Tân Phú', 599),
(9386, 'Xã Quới Thành', 599),
(9387, 'Xã Phước Thạnh', 599),
(9388, 'Xã An Hóa', 599),
(9389, 'Xã Tiên Long', 599),
(9390, 'Xã An Hiệp', 599),
(9391, 'Xã Hữu Định', 599),
(9392, 'Xã Tiên Thủy', 599),
(9393, 'Xã Sơn Hòa', 599),
(9394, 'Thị trấn Chợ Lách', 600),
(9395, 'Xã Phú Phụng', 600),
(9396, 'Xã Sơn Định', 600),
(9397, 'Xã Vĩnh Bình', 600),
(9398, 'Xã Hòa Nghĩa', 600),
(9399, 'Xã Long Thới', 600),
(9400, 'Xã Phú Sơn', 600),
(9401, 'Xã Tân Thiềng', 600),
(9402, 'Xã Vĩnh Thành', 600),
(9403, 'Xã Vĩnh Hòa', 600),
(9404, 'Xã Hưng Khánh Trung B', 600),
(9405, 'Thị trấn Mỏ Cày', 601),
(9406, 'Xã Định Thủy', 601),
(9407, 'Xã Đa Phước Hội', 601),
(9408, 'Xã Tân Hội', 601),
(9409, 'Xã Phước Hiệp', 601),
(9410, 'Xã Bình Khánh', 601),
(9411, 'Xã An Thạnh', 601),
(9412, 'Xã An Định', 601),
(9413, 'Xã Thành Thới B', 601),
(9414, 'Xã Tân Trung', 601),
(9415, 'Xã An Thới', 601),
(9416, 'Xã Thành Thới A', 601),
(9417, 'Xã Minh Đức', 601),
(9418, 'Xã Ngãi Đăng', 601),
(9419, 'Xã Cẩm Sơn', 601),
(9420, 'Xã Hương Mỹ', 601),
(9421, 'Thị trấn Giồng Trôm', 602),
(9422, 'Xã Phong Nẫm', 602),
(9423, 'Xã Mỹ Thạnh', 602),
(9424, 'Xã Châu Hòa', 602),
(9425, 'Xã Lương Hòa', 602),
(9426, 'Xã Lương Quới', 602),
(9427, 'Xã Lương Phú', 602),
(9428, 'Xã Châu Bình', 602),
(9429, 'Xã Thuận Điền', 602),
(9430, 'Xã Sơn Phú', 602),
(9431, 'Xã Bình Hoà', 602),
(9432, 'Xã Phước Long', 602),
(9433, 'Xã Hưng Phong', 602),
(9434, 'Xã Long Mỹ', 602),
(9435, 'Xã Tân Hào', 602),
(9436, 'Xã Bình Thành', 602),
(9437, 'Xã Tân Thanh', 602),
(9438, 'Xã Tân Lợi Thạnh', 602),
(9439, 'Xã Thạnh Phú Đông', 602),
(9440, 'Xã Hưng Nhượng', 602),
(9441, 'Xã Hưng Lễ', 602),
(9442, 'Thị trấn Bình Đại', 603),
(9443, 'Xã Tam Hiệp', 603),
(9444, 'Xã Long Định', 603),
(9445, 'Xã Long Hòa', 603),
(9446, 'Xã Phú Thuận', 603),
(9447, 'Xã Vang Quới Tây', 603),
(9448, 'Xã Vang Quới Đông', 603),
(9449, 'Xã Châu Hưng', 603),
(9450, 'Xã Phú Vang', 603),
(9451, 'Xã Lộc Thuận', 603),
(9452, 'Xã Định Trung', 603),
(9453, 'Xã Thới Lai', 603),
(9454, 'Xã Bình Thới', 603),
(9455, 'Xã Phú Long', 603),
(9456, 'Xã Bình Thắng', 603),
(9457, 'Xã Thạnh Trị', 603),
(9458, 'Xã Đại Hòa Lộc', 603),
(9459, 'Xã Thừa Đức', 603),
(9460, 'Xã Thạnh Phước', 603),
(9461, 'Xã Thới Thuận', 603),
(9462, 'Thị trấn Ba Tri', 604),
(9463, 'Xã Tân Mỹ', 604),
(9464, 'Xã Mỹ Hòa', 604),
(9465, 'Xã Tân Xuân', 604),
(9466, 'Xã Mỹ Chánh', 604),
(9467, 'Xã Bảo Thạnh', 604),
(9468, 'Xã An Phú Trung', 604),
(9469, 'Xã Mỹ Thạnh', 604),
(9470, 'Xã Mỹ Nhơn', 604),
(9471, 'Xã Phước Ngãi', 604),
(9472, 'Xã An Ngãi Trung', 604),
(9473, 'Xã Phú Lễ', 604),
(9474, 'Xã An Bình Tây', 604),
(9475, 'Xã Bảo Thuận', 604),
(9476, 'Xã Tân Hưng', 604),
(9477, 'Xã An Ngãi Tây', 604),
(9478, 'Xã An Hiệp', 604),
(9479, 'Xã Vĩnh Hòa', 604),
(9480, 'Xã Tân Thủy', 604),
(9481, 'Xã Vĩnh An', 604),
(9482, 'Xã An Đức', 604),
(9483, 'Xã An Hòa Tây', 604),
(9484, 'Xã An Thủy', 604),
(9485, 'Thị trấn Thạnh Phú', 605),
(9486, 'Xã Phú Khánh', 605),
(9487, 'Xã Đại Điền', 605),
(9488, 'Xã Quới Điền', 605),
(9489, 'Xã Tân Phong', 605),
(9490, 'Xã Mỹ Hưng', 605),
(9491, 'Xã An Thạnh', 605),
(9492, 'Xã Thới Thạnh', 605),
(9493, 'Xã Hòa Lợi', 605),
(9494, 'Xã An Điền', 605),
(9495, 'Xã Bình Thạnh', 605),
(9496, 'Xã An Thuận', 605),
(9497, 'Xã An Quy', 605),
(9498, 'Xã Thạnh Hải', 605),
(9499, 'Xã An Nhơn', 605),
(9500, 'Xã Giao Thạnh', 605),
(9501, 'Xã Thạnh Phong', 605),
(9502, 'Xã Mỹ An', 605),
(9503, 'Xã Phú Mỹ', 606),
(9504, 'Xã Hưng Khánh Trung A', 606),
(9505, 'Xã Thanh Tân', 606),
(9506, 'Xã Thạnh Ngãi', 606),
(9507, 'Xã Tân Phú Tây', 606),
(9508, 'Xã Phước Mỹ Trung', 606),
(9509, 'Xã Tân Thành Bình', 606),
(9510, 'Xã Thành An', 606),
(9511, 'Xã Hòa Lộc', 606),
(9512, 'Xã Tân Thanh Tây', 606),
(9513, 'Xã Tân Bình', 606),
(9514, 'Xã Nhuận Phú Tân', 606),
(9515, 'Xã Khánh Thạnh Tân', 606),
(9516, 'Phường 4', 607),
(9517, 'Phường 1', 607),
(9518, 'Phường 3', 607),
(9519, 'Phường 2', 607),
(9520, 'Phường 5', 607),
(9521, 'Phường 6', 607),
(9522, 'Phường 7', 607),
(9523, 'Phường 8', 607),
(9524, 'Phường 9', 607),
(9525, 'Xã Long Đức', 607),
(9526, 'Thị trấn Càng Long', 608),
(9527, 'Xã Mỹ Cẩm', 608),
(9528, 'Xã An Trường A', 608),
(9529, 'Xã An Trường', 608),
(9530, 'Xã Huyền Hội', 608),
(9531, 'Xã Tân An', 608),
(9532, 'Xã Tân Bình', 608),
(9533, 'Xã Bình Phú', 608),
(9534, 'Xã Phương Thạnh', 608),
(9535, 'Xã Đại Phúc', 608),
(9536, 'Xã Đại Phước', 608),
(9537, 'Xã Nhị Long Phú', 608),
(9538, 'Xã Nhị Long', 608),
(9539, 'Xã Đức Mỹ', 608),
(9540, 'Thị trấn Cầu Kè', 609),
(9541, 'Xã Hòa Ân', 609),
(9542, 'Xã Châu Điền', 609),
(9543, 'Xã An Phú Tân', 609),
(9544, 'Xã Hoà Tân', 609),
(9545, 'Xã Ninh Thới', 609),
(9546, 'Xã Phong Phú', 609),
(9547, 'Xã Phong Thạnh', 609),
(9548, 'Xã Tam Ngãi', 609),
(9549, 'Xã Thông Hòa', 609),
(9550, 'Xã Thạnh Phú', 609),
(9551, 'Thị trấn Tiểu Cần', 610),
(9552, 'Thị trấn Cầu Quan', 610),
(9553, 'Xã Phú Cần', 610),
(9554, 'Xã Hiếu Tử', 610),
(9555, 'Xã Hiếu Trung', 610),
(9556, 'Xã Long Thới', 610),
(9557, 'Xã Hùng Hòa', 610),
(9558, 'Xã Tân Hùng', 610),
(9559, 'Xã Tập Ngãi', 610),
(9560, 'Xã Ngãi Hùng', 610),
(9561, 'Xã Tân Hòa', 610),
(9562, 'Thị trấn Châu Thành', 611),
(9563, 'Xã Đa Lộc', 611),
(9564, 'Xã Mỹ Chánh', 611),
(9565, 'Xã Thanh Mỹ', 611),
(9566, 'Xã Lương Hoà A', 611),
(9567, 'Xã Lương Hòa', 611),
(9568, 'Xã Song Lộc', 611),
(9569, 'Xã Nguyệt Hóa', 611),
(9570, 'Xã Hòa Thuận', 611),
(9571, 'Xã Hòa Lợi', 611),
(9572, 'Xã Phước Hảo', 611),
(9573, 'Xã Hưng Mỹ', 611),
(9574, 'Xã Hòa Minh', 611),
(9575, 'Xã Long Hòa', 611),
(9576, 'Thị trấn Cầu Ngang', 612),
(9577, 'Thị trấn Mỹ Long', 612),
(9578, 'Xã Mỹ Long Bắc', 612),
(9579, 'Xã Mỹ Long Nam', 612),
(9580, 'Xã Mỹ Hòa', 612),
(9581, 'Xã Vĩnh Kim', 612),
(9582, 'Xã Kim Hòa', 612),
(9583, 'Xã Hiệp Hòa', 612),
(9584, 'Xã Thuận Hòa', 612),
(9585, 'Xã Long Sơn', 612),
(9586, 'Xã Nhị Trường', 612),
(9587, 'Xã Trường Thọ', 612),
(9588, 'Xã Hiệp Mỹ Đông', 612),
(9589, 'Xã Hiệp Mỹ Tây', 612),
(9590, 'Xã Thạnh Hòa Sơn', 612),
(9591, 'Thị trấn Trà Cú', 613),
(9592, 'Thị trấn Định An', 613),
(9593, 'Xã Phước Hưng', 613),
(9594, 'Xã Tập Sơn', 613),
(9595, 'Xã Tân Sơn', 613),
(9596, 'Xã An Quảng Hữu', 613),
(9597, 'Xã Lưu Nghiệp Anh', 613),
(9598, 'Xã Ngãi Xuyên', 613),
(9599, 'Xã Kim Sơn', 613),
(9600, 'Xã Thanh Sơn', 613),
(9601, 'Xã Hàm Giang', 613),
(9602, 'Xã Hàm Tân', 613),
(9603, 'Xã Đại An', 613),
(9604, 'Xã Định An', 613),
(9605, 'Xã Ngọc Biên', 613),
(9606, 'Xã Long Hiệp', 613),
(9607, 'Xã Tân Hiệp', 613),
(9608, 'Xã Đôn Xuân', 614),
(9609, 'Xã Đôn Châu', 614),
(9610, 'Thị trấn Long Thành', 614),
(9611, 'Xã Long Khánh', 614),
(9612, 'Xã Ngũ Lạc', 614),
(9613, 'Xã Long Vĩnh', 614),
(9614, 'Xã Đông Hải', 614),
(9615, 'Phường 1', 615),
(9616, 'Xã Long Toàn', 615),
(9617, 'Phường 2', 615),
(9618, 'Xã Long Hữu', 615),
(9619, 'Xã Dân Thành', 615),
(9620, 'Xã Trường Long Hòa', 615),
(9621, 'Xã Hiệp Thạnh', 615),
(9622, 'Phường 9', 616),
(9623, 'Phường 5', 616),
(9624, 'Phường 1', 616),
(9625, 'Phường 2', 616),
(9626, 'Phường 4', 616),
(9627, 'Phường 3', 616),
(9628, 'Phường 8', 616),
(9629, 'Phường Tân Ngãi', 616),
(9630, 'Phường Tân Hòa', 616),
(9631, 'Phường Tân Hội', 616),
(9632, 'Phường Trường An', 616),
(9633, 'Thị trấn Long Hồ', 617),
(9634, 'Xã Đồng Phú', 617),
(9635, 'Xã Bình Hòa Phước', 617),
(9636, 'Xã Hòa Ninh', 617),
(9637, 'Xã An Bình', 617),
(9638, 'Xã Thanh Đức', 617),
(9639, 'Xã Tân Hạnh', 617),
(9640, 'Xã Phước Hậu', 617),
(9641, 'Xã Long Phước', 617),
(9642, 'Xã Phú Đức', 617),
(9643, 'Xã Lộc Hòa', 617),
(9644, 'Xã Long An', 617),
(9645, 'Xã Phú Quới', 617),
(9646, 'Xã Thạnh Quới', 617),
(9647, 'Xã Hòa Phú', 617),
(9648, 'Xã Mỹ An', 618),
(9649, 'Xã Mỹ Phước', 618),
(9650, 'Xã An Phước', 618),
(9651, 'Xã Nhơn Phú', 618),
(9652, 'Xã Long Mỹ', 618),
(9653, 'Xã Hòa Tịnh', 618),
(9654, 'Thị trấn Cái Nhum', 618),
(9655, 'Xã Bình Phước', 618),
(9656, 'Xã Chánh An', 618),
(9657, 'Xã Tân An Hội', 618),
(9658, 'Xã Tân Long', 618),
(9659, 'Xã Tân Long Hội', 618),
(9660, 'Thị trấn Vũng Liêm', 619),
(9661, 'Xã Tân Quới Trung', 619),
(9662, 'Xã Quới Thiện', 619),
(9663, 'Xã Quới An', 619),
(9664, 'Xã Trung Chánh', 619),
(9665, 'Xã Tân An Luông', 619),
(9666, 'Xã Thanh Bình', 619),
(9667, 'Xã Trung Thành Tây', 619),
(9668, 'Xã Trung Hiệp', 619),
(9669, 'Xã Hiếu Phụng', 619),
(9670, 'Xã Trung Thành Đông', 619),
(9671, 'Xã Trung Thành', 619),
(9672, 'Xã Trung Hiếu', 619),
(9673, 'Xã Trung Ngãi', 619),
(9674, 'Xã Hiếu Thuận', 619),
(9675, 'Xã Trung Nghĩa', 619),
(9676, 'Xã Trung An', 619),
(9677, 'Xã Hiếu Nhơn', 619),
(9678, 'Xã Hiếu Thành', 619),
(9679, 'Xã Hiếu Nghĩa', 619),
(9680, 'Thị trấn Tam Bình', 620),
(9681, 'Xã Tân Lộc', 620),
(9682, 'Xã Phú Thịnh', 620),
(9683, 'Xã Hậu Lộc', 620),
(9684, 'Xã Hòa Thạnh', 620),
(9685, 'Xã Hoà Lộc', 620),
(9686, 'Xã Phú Lộc', 620),
(9687, 'Xã Song Phú', 620),
(9688, 'Xã Hòa Hiệp', 620),
(9689, 'Xã Mỹ Lộc', 620),
(9690, 'Xã Tân Phú', 620),
(9691, 'Xã Long Phú', 620),
(9692, 'Xã Mỹ Thạnh Trung', 620),
(9693, 'Xã Tường Lộc', 620),
(9694, 'Xã Loan Mỹ', 620),
(9695, 'Xã Ngãi Tứ', 620),
(9696, 'Xã Bình Ninh', 620),
(9697, 'Phường Cái Vồn', 621),
(9698, 'Phường Thành Phước', 621),
(9699, 'Xã Thuận An', 621),
(9700, 'Xã Đông Thạnh', 621),
(9701, 'Xã Đông Bình', 621),
(9702, 'Phường Đông Thuận', 621),
(9703, 'Xã Mỹ Hòa', 621),
(9704, 'Xã Đông Thành', 621),
(9705, 'Thị trấn Trà Ôn', 622),
(9706, 'Xã Xuân Hiệp', 622),
(9707, 'Xã Nhơn Bình', 622),
(9708, 'Xã Hòa Bình', 622),
(9709, 'Xã Thới Hòa', 622),
(9710, 'Xã Trà Côn', 622),
(9711, 'Xã Tân Mỹ', 622),
(9712, 'Xã Hựu Thành', 622),
(9713, 'Xã Vĩnh Xuân', 622),
(9714, 'Xã Thuận Thới', 622),
(9715, 'Xã Phú Thành', 622),
(9716, 'Xã Thiện Mỹ', 622),
(9717, 'Xã Lục Sỹ Thành', 622),
(9718, 'Xã Tích Thiện', 622),
(9719, 'Xã Tân Hưng', 623),
(9720, 'Xã Tân Thành', 623),
(9721, 'Xã Thành Trung', 623),
(9722, 'Xã Tân An Thạnh', 623),
(9723, 'Xã Tân Lược', 623),
(9724, 'Xã Nguyễn Văn Thảnh', 623),
(9725, 'Xã Thành Lợi', 623),
(9726, 'Xã Mỹ Thuận', 623),
(9727, 'Xã Tân Bình', 623),
(9728, 'Thị trấn Tân Quới', 623),
(9729, 'Phường 11', 624),
(9730, 'Phường 1', 624),
(9731, 'Phường 2', 624),
(9732, 'Phường 4', 624),
(9733, 'Phường 3', 624),
(9734, 'Phường 6', 624),
(9735, 'Xã Mỹ Ngãi', 624),
(9736, 'Xã Mỹ Tân', 624),
(9737, 'Xã Mỹ Trà', 624),
(9738, 'Phường Mỹ Phú', 624),
(9739, 'Xã Tân Thuận Tây', 624),
(9740, 'Phường Hoà Thuận', 624),
(9741, 'Xã Hòa An', 624),
(9742, 'Xã Tân Thuận Đông', 624),
(9743, 'Xã Tịnh Thới', 624),
(9744, 'Phường 3', 625),
(9745, 'Phường 1', 625),
(9746, 'Phường 4', 625),
(9747, 'Phường 2', 625),
(9748, 'Xã Tân Khánh Đông', 625),
(9749, 'Phường Tân Quy Đông', 625),
(9750, 'Phường An Hoà', 625),
(9751, 'Xã Tân Quy Tây', 625),
(9752, 'Xã Tân Phú Đông', 625),
(9753, 'Phường An Lộc', 626),
(9754, 'Phường An Thạnh', 626),
(9755, 'Xã Bình Thạnh', 626),
(9756, 'Xã Tân Hội', 626),
(9757, 'Phường An Lạc', 626),
(9758, 'Phường An Bình B', 626),
(9759, 'Phường An Bình A', 626),
(9760, 'Thị trấn Sa Rài', 627),
(9761, 'Xã Tân Hộ Cơ', 627),
(9762, 'Xã Thông Bình', 627),
(9763, 'Xã Bình Phú', 627),
(9764, 'Xã Tân Thành A', 627),
(9765, 'Xã Tân Thành B', 627),
(9766, 'Xã Tân Phước', 627),
(9767, 'Xã Tân Công Chí', 627),
(9768, 'Xã An Phước', 627),
(9769, 'Xã Thường Phước 1', 628),
(9770, 'Xã Thường Thới Hậu A', 628),
(9771, 'Thị trấn Thường Thới Tiền', 628),
(9772, 'Xã Thường Phước 2', 628),
(9773, 'Xã Thường Lạc', 628),
(9774, 'Xã Long Khánh A', 628),
(9775, 'Xã Long Khánh B', 628),
(9776, 'Xã Long Thuận', 628),
(9777, 'Xã Phú Thuận B', 628),
(9778, 'Xã Phú Thuận A', 628),
(9779, 'Thị trấn Tràm Chim', 629),
(9780, 'Xã Hoà Bình', 629),
(9781, 'Xã Tân Công Sính', 629),
(9782, 'Xã Phú Hiệp', 629),
(9783, 'Xã Phú Đức', 629),
(9784, 'Xã Phú Thành B', 629),
(9785, 'Xã An Hòa', 629),
(9786, 'Xã An Long', 629),
(9787, 'Xã Phú Cường', 629),
(9788, 'Xã Phú Ninh', 629),
(9789, 'Xã Phú Thọ', 629),
(9790, 'Xã Phú Thành A', 629),
(9791, 'Thị trấn Mỹ An', 630),
(9792, 'Xã Thạnh Lợi', 630),
(9793, 'Xã Hưng Thạnh', 630),
(9794, 'Xã Trường Xuân', 630),
(9795, 'Xã Tân Kiều', 630),
(9796, 'Xã Mỹ Hòa', 630),
(9797, 'Xã Mỹ Quý', 630),
(9798, 'Xã Mỹ Đông', 630),
(9799, 'Xã Đốc Binh Kiều', 630),
(9800, 'Xã Mỹ An', 630),
(9801, 'Xã Phú Điền', 630),
(9802, 'Xã Láng Biển', 630),
(9803, 'Xã Thanh Mỹ', 630),
(9804, 'Thị trấn Mỹ Thọ', 631),
(9805, 'Xã Gáo Giồng', 631),
(9806, 'Xã Phương Thịnh', 631),
(9807, 'Xã Ba Sao', 631),
(9808, 'Xã Phong Mỹ', 631),
(9809, 'Xã Tân Nghĩa', 631),
(9810, 'Xã Phương Trà', 631),
(9811, 'Xã Nhị Mỹ', 631),
(9812, 'Xã Mỹ Thọ', 631),
(9813, 'Xã Tân Hội Trung', 631),
(9814, 'Xã An Bình', 631),
(9815, 'Xã Mỹ Hội', 631),
(9816, 'Xã Mỹ Hiệp', 631),
(9817, 'Xã Mỹ Long', 631),
(9818, 'Xã Bình Hàng Trung', 631),
(9819, 'Xã Mỹ Xương', 631),
(9820, 'Xã Bình Hàng Tây', 631),
(9821, 'Xã Bình Thạnh', 631),
(9822, 'Thị trấn Thanh Bình', 632),
(9823, 'Xã Tân Quới', 632),
(9824, 'Xã Tân Hòa', 632),
(9825, 'Xã An Phong', 632),
(9826, 'Xã Phú Lợi', 632),
(9827, 'Xã Tân Mỹ', 632),
(9828, 'Xã Bình Tấn', 632),
(9829, 'Xã Tân Huề', 632),
(9830, 'Xã Tân Bình', 632),
(9831, 'Xã Tân Thạnh', 632),
(9832, 'Xã Tân Phú', 632),
(9833, 'Xã Bình Thành', 632),
(9834, 'Xã Tân Long', 632),
(9835, 'Thị trấn Lấp Vò', 633),
(9836, 'Xã Mỹ An Hưng A', 633),
(9837, 'Xã Tân Mỹ', 633),
(9838, 'Xã Mỹ An Hưng B', 633),
(9839, 'Xã Tân Khánh Trung', 633),
(9840, 'Xã Long Hưng A', 633),
(9841, 'Xã Vĩnh Thạnh', 633),
(9842, 'Xã Long Hưng B', 633),
(9843, 'Xã Bình Thành', 633),
(9844, 'Xã Định An', 633),
(9845, 'Xã Định Yên', 633),
(9846, 'Xã Hội An Đông', 633),
(9847, 'Xã Bình Thạnh Trung', 633),
(9848, 'Thị trấn Lai Vung', 634),
(9849, 'Xã Tân Dương', 634),
(9850, 'Xã Hòa Thành', 634),
(9851, 'Xã Long Hậu', 634),
(9852, 'Xã Tân Phước', 634),
(9853, 'Xã Hòa Long', 634),
(9854, 'Xã Tân Thành', 634),
(9855, 'Xã Long Thắng', 634),
(9856, 'Xã Vĩnh Thới', 634),
(9857, 'Xã Tân Hòa', 634),
(9858, 'Xã Định Hòa', 634),
(9859, 'Xã Phong Hòa', 634),
(9860, 'Thị trấn Cái Tàu Hạ', 635),
(9861, 'Xã An Hiệp', 635),
(9862, 'Xã An Nhơn', 635),
(9863, 'Xã Tân Nhuận Đông', 635),
(9864, 'Xã Tân Bình', 635),
(9865, 'Xã Tân Phú Trung', 635),
(9866, 'Xã Phú Long', 635),
(9867, 'Xã An Phú Thuận', 635),
(9868, 'Xã Phú Hựu', 635),
(9869, 'Xã An Khánh', 635),
(9870, 'Xã Tân Phú', 635),
(9871, 'Xã Hòa Tân', 635),
(9872, 'Phường Mỹ Bình', 636),
(9873, 'Phường Mỹ Long', 636),
(9874, 'Phường Đông Xuyên', 636),
(9875, 'Phường Mỹ Xuyên', 636),
(9876, 'Phường Bình Đức', 636),
(9877, 'Phường Bình Khánh', 636),
(9878, 'Phường Mỹ Phước', 636),
(9879, 'Phường Mỹ Quý', 636),
(9880, 'Phường Mỹ Thới', 636),
(9881, 'Phường Mỹ Thạnh', 636),
(9882, 'Phường Mỹ Hòa', 636),
(9883, 'Xã Mỹ Khánh', 636),
(9884, 'Xã Mỹ Hoà Hưng', 636),
(9885, 'Phường Châu Phú B', 637),
(9886, 'Phường Châu Phú A', 637),
(9887, 'Phường Vĩnh Mỹ', 637),
(9888, 'Phường Núi Sam', 637),
(9889, 'Phường Vĩnh Ngươn', 637),
(9890, 'Xã Vĩnh Tế', 637),
(9891, 'Xã Vĩnh Châu', 637),
(9892, 'Thị trấn An Phú', 638),
(9893, 'Xã Khánh An', 638),
(9894, 'Thị Trấn Long Bình', 638),
(9895, 'Xã Khánh Bình', 638),
(9896, 'Xã Quốc Thái', 638),
(9897, 'Xã Nhơn Hội', 638),
(9898, 'Xã Phú Hữu', 638),
(9899, 'Xã Phú Hội', 638),
(9900, 'Xã Phước Hưng', 638),
(9901, 'Xã Vĩnh Lộc', 638),
(9902, 'Xã Vĩnh Hậu', 638),
(9903, 'Xã Vĩnh Trường', 638),
(9904, 'Xã Vĩnh Hội Đông', 638),
(9905, 'Xã Đa Phước', 638),
(9906, 'Phường Long Thạnh', 639),
(9907, 'Phường Long Hưng', 639),
(9908, 'Phường Long Châu', 639),
(9909, 'Xã Phú Lộc', 639),
(9910, 'Xã Vĩnh Xương', 639),
(9911, 'Xã Vĩnh Hòa', 639),
(9912, 'Xã Tân Thạnh', 639),
(9913, 'Xã Tân An', 639),
(9914, 'Xã Long An', 639),
(9915, 'Phường Long Phú', 639),
(9916, 'Xã Châu Phong', 639),
(9917, 'Xã Phú Vĩnh', 639),
(9918, 'Xã Lê Chánh', 639),
(9919, 'Phường Long Sơn', 639),
(9920, 'Thị trấn Phú Mỹ', 640),
(9921, 'Thị trấn Chợ Vàm', 640),
(9922, 'Xã Long Hoà', 640),
(9923, 'Xã Phú Long', 640),
(9924, 'Xã Phú Lâm', 640),
(9925, 'Xã Phú Hiệp', 640),
(9926, 'Xã Phú Thạnh', 640),
(9927, 'Xã Hoà Lạc', 640),
(9928, 'Xã Phú Thành', 640),
(9929, 'Xã Phú An', 640),
(9930, 'Xã Phú Xuân', 640),
(9931, 'Xã Hiệp Xương', 640),
(9932, 'Xã Phú Bình', 640),
(9933, 'Xã Phú Thọ', 640),
(9934, 'Xã Phú Hưng', 640),
(9935, 'Xã Bình Thạnh Đông', 640),
(9936, 'Xã Tân Hòa', 640),
(9937, 'Xã Tân Trung', 640),
(9938, 'Thị trấn Cái Dầu', 641),
(9939, 'Xã Khánh Hòa', 641),
(9940, 'Xã Mỹ Đức', 641),
(9941, 'Xã Mỹ Phú', 641),
(9942, 'Xã Ô Long Vỹ', 641),
(9943, 'Thị trấn Vĩnh Thạnh Trung', 641),
(9944, 'Xã Thạnh Mỹ Tây', 641),
(9945, 'Xã Bình Long', 641),
(9946, 'Xã Bình Mỹ', 641),
(9947, 'Xã Bình Thủy', 641),
(9948, 'Xã Đào Hữu Cảnh', 641),
(9949, 'Xã Bình Phú', 641),
(9950, 'Xã Bình Chánh', 641),
(9951, 'Thị trấn Nhà Bàng', 642),
(9952, 'Thị trấn Chi Lăng', 642),
(9953, 'Xã Núi Voi', 642),
(9954, 'Xã Nhơn Hưng', 642),
(9955, 'Xã An Phú', 642),
(9956, 'Xã Thới Sơn', 642),
(9957, 'Thị trấn Tịnh Biên', 642),
(9958, 'Xã Văn Giáo', 642),
(9959, 'Xã An Cư', 642),
(9960, 'Xã An Nông', 642),
(9961, 'Xã Vĩnh Trung', 642),
(9962, 'Xã Tân Lợi', 642),
(9963, 'Xã An Hảo', 642),
(9964, 'Xã Tân Lập', 642),
(9965, 'Thị trấn Tri Tôn', 643),
(9966, 'Thị trấn Ba Chúc', 643),
(9967, 'Xã Lạc Quới', 643),
(9968, 'Xã Lê Trì', 643),
(9969, 'Xã Vĩnh Gia', 643),
(9970, 'Xã Vĩnh Phước', 643),
(9971, 'Xã Châu Lăng', 643),
(9972, 'Xã Lương Phi', 643),
(9973, 'Xã Lương An Trà', 643),
(9974, 'Xã Tà Đảnh', 643),
(9975, 'Xã Núi Tô', 643),
(9976, 'Xã An Tức', 643),
(9977, 'Thị trấn Cô Tô', 643),
(9978, 'Xã Tân Tuyến', 643),
(9979, 'Xã Ô Lâm', 643),
(9980, 'Thị trấn An Châu', 644),
(9981, 'Xã An Hòa', 644),
(9982, 'Xã Cần Đăng', 644),
(9983, 'Xã Vĩnh Hanh', 644),
(9984, 'Xã Bình Thạnh', 644),
(9985, 'Thị trấn Vĩnh Bình', 644),
(9986, 'Xã Bình Hòa', 644),
(9987, 'Xã Vĩnh An', 644),
(9988, 'Xã Hòa Bình Thạnh', 644),
(9989, 'Xã Vĩnh Lợi', 644),
(9990, 'Xã Vĩnh Nhuận', 644),
(9991, 'Xã Tân Phú', 644),
(9992, 'Xã Vĩnh Thành', 644),
(9993, 'Thị trấn Chợ Mới', 645),
(9994, 'Thị trấn Mỹ Luông', 645),
(9995, 'Xã Kiến An', 645),
(9996, 'Xã Mỹ Hội Đông', 645),
(9997, 'Xã Long Điền A', 645),
(9998, 'Xã Tấn Mỹ', 645),
(9999, 'Xã Long Điền B', 645),
(10000, 'Xã Kiến Thành', 645),
(10001, 'Xã Mỹ Hiệp', 645),
(10002, 'Xã Mỹ An', 645),
(10003, 'Xã Nhơn Mỹ', 645),
(10004, 'Xã Long Giang', 645),
(10005, 'Xã Long Kiến', 645),
(10006, 'Xã Bình Phước Xuân', 645),
(10007, 'Xã An Thạnh Trung', 645),
(10008, 'Xã Hội An', 645),
(10009, 'Xã Hòa Bình', 645),
(10010, 'Xã Hòa An', 645),
(10011, 'Thị trấn Núi Sập', 646),
(10012, 'Thị trấn Phú Hoà', 646),
(10013, 'Thị Trấn Óc Eo', 646),
(10014, 'Xã Tây Phú', 646),
(10015, 'Xã An Bình', 646),
(10016, 'Xã Vĩnh Phú', 646),
(10017, 'Xã Vĩnh Trạch', 646),
(10018, 'Xã Phú Thuận', 646),
(10019, 'Xã Vĩnh Chánh', 646),
(10020, 'Xã Định Mỹ', 646),
(10021, 'Xã Định Thành', 646),
(10022, 'Xã Mỹ Phú Đông', 646),
(10023, 'Xã Vọng Đông', 646),
(10024, 'Xã Vĩnh Khánh', 646),
(10025, 'Xã Thoại Giang', 646),
(10026, 'Xã Bình Thành', 646),
(10027, 'Xã Vọng Thê', 646),
(10028, 'Phường Vĩnh Thanh Vân', 647),
(10029, 'Phường Vĩnh Thanh', 647),
(10030, 'Phường Vĩnh Quang', 647),
(10031, 'Phường Vĩnh Hiệp', 647),
(10032, 'Phường Vĩnh Bảo', 647),
(10033, 'Phường Vĩnh Lạc', 647),
(10034, 'Phường An Hòa', 647),
(10035, 'Phường An Bình', 647),
(10036, 'Phường Rạch Sỏi', 647),
(10037, 'Phường Vĩnh Lợi', 647),
(10038, 'Phường Vĩnh Thông', 647),
(10039, 'Xã Phi Thông', 647),
(10040, 'Phường Tô Châu', 648),
(10041, 'Phường Đông Hồ', 648),
(10042, 'Phường Bình San', 648),
(10043, 'Phường Pháo Đài', 648),
(10044, 'Phường Mỹ Đức', 648),
(10045, 'Xã Tiên Hải', 648),
(10046, 'Xã Thuận Yên', 648),
(10047, 'Thị trấn Kiên Lương', 649),
(10048, 'Xã Kiên Bình', 649),
(10049, 'Xã Hòa Điền', 649),
(10050, 'Xã Dương Hòa', 649),
(10051, 'Xã Bình An', 649),
(10052, 'Xã Bình Trị', 649),
(10053, 'Xã Sơn Hải', 649),
(10054, 'Xã Hòn Nghệ', 649),
(10055, 'Thị trấn Hòn Đất', 650),
(10056, 'Thị trấn Sóc Sơn', 650),
(10057, 'Xã Bình Sơn', 650),
(10058, 'Xã Bình Giang', 650),
(10059, 'Xã Mỹ Thái', 650),
(10060, 'Xã Nam Thái Sơn', 650),
(10061, 'Xã Mỹ Hiệp Sơn', 650),
(10062, 'Xã Sơn Kiên', 650),
(10063, 'Xã Sơn Bình', 650),
(10064, 'Xã Mỹ Thuận', 650),
(10065, 'Xã Lình Huỳnh', 650),
(10066, 'Xã Thổ Sơn', 650),
(10067, 'Xã Mỹ Lâm', 650),
(10068, 'Xã Mỹ Phước', 650),
(10069, 'Thị trấn Tân Hiệp', 651),
(10070, 'Xã Tân Hội', 651),
(10071, 'Xã Tân Thành', 651),
(10072, 'Xã Tân Hiệp B', 651),
(10073, 'Xã Tân Hoà', 651),
(10074, 'Xã Thạnh Đông B', 651),
(10075, 'Xã Thạnh Đông', 651),
(10076, 'Xã Tân Hiệp A', 651),
(10077, 'Xã Tân An', 651),
(10078, 'Xã Thạnh Đông A', 651),
(10079, 'Xã Thạnh Trị', 651),
(10080, 'Thị trấn Minh Lương', 652),
(10081, 'Xã Mong Thọ A', 652),
(10082, 'Xã Mong Thọ B', 652),
(10083, 'Xã Mong Thọ', 652),
(10084, 'Xã Giục Tượng', 652),
(10085, 'Xã Vĩnh Hòa Hiệp', 652),
(10086, 'Xã Vĩnh Hoà Phú', 652),
(10087, 'Xã Minh Hòa', 652),
(10088, 'Xã Bình An', 652),
(10089, 'Xã Thạnh Lộc', 652),
(10090, 'Thị Trấn Giồng Riềng', 653),
(10091, 'Xã Thạnh Hưng', 653),
(10092, 'Xã Thạnh Phước', 653),
(10093, 'Xã Thạnh Lộc', 653),
(10094, 'Xã Thạnh Hòa', 653),
(10095, 'Xã Thạnh Bình', 653),
(10096, 'Xã Bàn Thạch', 653),
(10097, 'Xã Bàn Tân Định', 653),
(10098, 'Xã Ngọc Thành', 653),
(10099, 'Xã Ngọc Chúc', 653),
(10100, 'Xã Ngọc Thuận', 653),
(10101, 'Xã Hòa Hưng', 653),
(10102, 'Xã Hoà Lợi', 653),
(10103, 'Xã Hoà An', 653),
(10104, 'Xã Long Thạnh', 653),
(10105, 'Xã Vĩnh Thạnh', 653),
(10106, 'Xã Vĩnh Phú', 653),
(10107, 'Xã Hòa Thuận', 653),
(10108, 'Xã Ngọc Hoà', 653),
(10109, 'Thị trấn Gò Quao', 654),
(10110, 'Xã Vĩnh Hòa Hưng Bắc', 654),
(10111, 'Xã Định Hòa', 654),
(10112, 'Xã Thới Quản', 654),
(10113, 'Xã Định An', 654),
(10114, 'Xã Thủy Liễu', 654),
(10115, 'Xã Vĩnh Hòa Hưng Nam', 654),
(10116, 'Xã Vĩnh Phước A', 654),
(10117, 'Xã Vĩnh Phước B', 654),
(10118, 'Xã Vĩnh Tuy', 654),
(10119, 'Xã Vĩnh Thắng', 654),
(10120, 'Thị trấn Thứ Ba', 655),
(10121, 'Xã Tây Yên', 655),
(10122, 'Xã Tây Yên A', 655),
(10123, 'Xã Nam Yên', 655),
(10124, 'Xã Hưng Yên', 655),
(10125, 'Xã Nam Thái', 655),
(10126, 'Xã Nam Thái A', 655),
(10127, 'Xã Đông Thái', 655),
(10128, 'Xã Đông Yên', 655),
(10129, 'Thị trấn Thứ Mười Một', 656),
(10130, 'Xã Thuận Hoà', 656),
(10131, 'Xã Đông Hòa', 656),
(10132, 'Xã Đông Thạnh', 656),
(10133, 'Xã Tân Thạnh', 656),
(10134, 'Xã Đông Hưng', 656),
(10135, 'Xã Đông Hưng A', 656),
(10136, 'Xã Đông Hưng B', 656),
(10137, 'Xã Vân Khánh', 656),
(10138, 'Xã Vân Khánh Đông', 656),
(10139, 'Xã Vân Khánh Tây', 656),
(10140, 'Thị trấn Vĩnh Thuận', 657),
(10141, 'Xã Vĩnh Bình Bắc', 657),
(10142, 'Xã Vĩnh Bình Nam', 657),
(10143, 'Xã Bình Minh', 657),
(10144, 'Xã Vĩnh Thuận', 657),
(10145, 'Xã Tân Thuận', 657),
(10146, 'Xã Phong Đông', 657),
(10147, 'Xã Vĩnh Phong', 657),
(10148, 'Phường Dương Đông', 658),
(10149, 'Phường An Thới', 658),
(10150, 'Xã Cửa Cạn', 658),
(10151, 'Xã Gành Dầu', 658),
(10152, 'Xã Cửa Dương', 658),
(10153, 'Xã Hàm Ninh', 658),
(10154, 'Xã Dương Tơ', 658),
(10155, 'Xã Bãi Thơm', 658),
(10156, 'Xã Thổ Châu', 658),
(10157, 'Xã Hòn Tre', 659),
(10158, 'Xã Lại Sơn', 659),
(10159, 'Xã An Sơn', 659),
(10160, 'Xã Nam Du', 659),
(10161, 'Xã Thạnh Yên', 660),
(10162, 'Xã Thạnh Yên A', 660),
(10163, 'Xã An Minh Bắc', 660),
(10164, 'Xã Vĩnh Hòa', 660),
(10165, 'Xã Hoà Chánh', 660),
(10166, 'Xã Minh Thuận', 660),
(10167, 'Xã Vĩnh Phú', 661),
(10168, 'Xã Vĩnh Điều', 661),
(10169, 'Xã Tân Khánh Hòa', 661),
(10170, 'Xã Phú Lợi', 661),
(10171, 'Xã Phú Mỹ', 661),
(10172, 'Phường Cái Khế', 662),
(10173, 'Phường An Hòa', 662),
(10174, 'Phường Thới Bình', 662),
(10175, 'Phường An Nghiệp', 662),
(10176, 'Phường An Cư', 662),
(10177, 'Phường Tân An', 662),
(10178, 'Phường An Phú', 662),
(10179, 'Phường Xuân Khánh', 662),
(10180, 'Phường Hưng Lợi', 662),
(10181, 'Phường An Khánh', 662),
(10182, 'Phường An Bình', 662),
(10183, 'Phường Châu Văn Liêm', 663),
(10184, 'Phường Thới Hòa', 663),
(10185, 'Phường Thới Long', 663),
(10186, 'Phường Long Hưng', 663),
(10187, 'Phường Thới An', 663),
(10188, 'Phường Phước Thới', 663),
(10189, 'Phường Trường Lạc', 663),
(10190, 'Phường Bình Thủy', 664),
(10191, 'Phường Trà An', 664),
(10192, 'Phường Trà Nóc', 664),
(10193, 'Phường Thới An Đông', 664),
(10194, 'Phường An Thới', 664),
(10195, 'Phường Bùi Hữu Nghĩa', 664),
(10196, 'Phường Long Hòa', 664),
(10197, 'Phường Long Tuyền', 664),
(10198, 'Phường Lê Bình', 665),
(10199, 'Phường Hưng Phú', 665),
(10200, 'Phường Hưng Thạnh', 665),
(10201, 'Phường Ba Láng', 665),
(10202, 'Phường Thường Thạnh', 665),
(10203, 'Phường Phú Thứ', 665),
(10204, 'Phường Tân Phú', 665),
(10205, 'Phường Thốt Nốt', 666),
(10206, 'Phường Thới Thuận', 666),
(10207, 'Phường Thuận An', 666),
(10208, 'Phường Tân Lộc', 666),
(10209, 'Phường Trung Nhứt', 666),
(10210, 'Phường Thạnh Hoà', 666),
(10211, 'Phường Trung Kiên', 666),
(10212, 'Phường Tân Hưng', 666),
(10213, 'Phường Thuận Hưng', 666),
(10214, 'Xã Vĩnh Bình', 667),
(10215, 'Thị trấn Thanh An', 667),
(10216, 'Thị trấn Vĩnh Thạnh', 667),
(10217, 'Xã Thạnh Mỹ', 667),
(10218, 'Xã Vĩnh Trinh', 667),
(10219, 'Xã Thạnh An', 667),
(10220, 'Xã Thạnh Tiến', 667),
(10221, 'Xã Thạnh Thắng', 667),
(10222, 'Xã Thạnh Lợi', 667),
(10223, 'Xã Thạnh Qưới', 667),
(10224, 'Xã Thạnh Lộc', 667),
(10225, 'Xã Trung An', 668),
(10226, 'Xã Trung Thạnh', 668),
(10227, 'Xã Thạnh Phú', 668),
(10228, 'Xã Trung Hưng', 668),
(10229, 'Thị trấn Cờ Đỏ', 668),
(10230, 'Xã Thới Hưng', 668),
(10231, 'Xã Đông Hiệp', 668),
(10232, 'Xã Đông Thắng', 668),
(10233, 'Xã Thới Đông', 668),
(10234, 'Xã Thới Xuân', 668),
(10235, 'Thị trấn Phong Điền', 669),
(10236, 'Xã Nhơn Ái', 669),
(10237, 'Xã Giai Xuân', 669),
(10238, 'Xã Tân Thới', 669),
(10239, 'Xã Trường Long', 669),
(10240, 'Xã Mỹ Khánh', 669),
(10241, 'Xã Nhơn Nghĩa', 669),
(10242, 'Thị trấn Thới Lai', 670),
(10243, 'Xã Thới Thạnh', 670),
(10244, 'Xã Tân Thạnh', 670),
(10245, 'Xã Xuân Thắng', 670),
(10246, 'Xã Đông Bình', 670),
(10247, 'Xã Đông Thuận', 670),
(10248, 'Xã Thới Tân', 670),
(10249, 'Xã Trường Thắng', 670),
(10250, 'Xã Định Môn', 670),
(10251, 'Xã Trường Thành', 670),
(10252, 'Xã Trường Xuân', 670),
(10253, 'Xã Trường Xuân A', 670),
(10254, 'Xã Trường Xuân B', 670),
(10255, 'Phường I', 671),
(10256, 'Phường III', 671),
(10257, 'Phường IV', 671),
(10258, 'Phường V', 671),
(10259, 'Phường VII', 671),
(10260, 'Xã Vị Tân', 671),
(10261, 'Xã Hoả Lựu', 671),
(10262, 'Xã Tân Tiến', 671),
(10263, 'Xã Hoả Tiến', 671),
(10264, 'Phường Ngã Bảy', 672),
(10265, 'Phường Lái Hiếu', 672),
(10266, 'Phường Hiệp Thành', 672),
(10267, 'Phường Hiệp Lợi', 672),
(10268, 'Xã Đại Thành', 672),
(10269, 'Xã Tân Thành', 672),
(10270, 'Thị trấn Một Ngàn', 673),
(10271, 'Xã Tân Hoà', 673),
(10272, 'Thị trấn Bảy Ngàn', 673),
(10273, 'Xã Trường Long Tây', 673),
(10274, 'Xã Trường Long A', 673),
(10275, 'Xã Nhơn Nghĩa A', 673),
(10276, 'Thị trấn Rạch Gòi', 673),
(10277, 'Xã Thạnh Xuân', 673),
(10278, 'Thị trấn Cái Tắc', 673),
(10279, 'Xã Tân Phú Thạnh', 673),
(10280, 'Thị Trấn Ngã Sáu', 674),
(10281, 'Xã Đông Thạnh', 674),
(10282, 'Xã Đông Phú', 674),
(10283, 'Xã Phú Hữu', 674),
(10284, 'Xã Phú Tân', 674),
(10285, 'Thị trấn Mái Dầm', 674),
(10286, 'Xã Đông Phước', 674),
(10287, 'Xã Đông Phước A', 674),
(10288, 'Thị trấn Kinh Cùng', 675),
(10289, 'Thị trấn Cây Dương', 675),
(10290, 'Xã Tân Bình', 675),
(10291, 'Xã Bình Thành', 675),
(10292, 'Xã Thạnh Hòa', 675),
(10293, 'Xã Long Thạnh', 675),
(10294, 'Xã Phụng Hiệp', 675),
(10295, 'Xã Hòa Mỹ', 675),
(10296, 'Xã Hòa An', 675),
(10297, 'Xã Phương Bình', 675),
(10298, 'Xã Hiệp Hưng', 675),
(10299, 'Xã Tân Phước Hưng', 675),
(10300, 'Thị trấn Búng Tàu', 675),
(10301, 'Xã Phương Phú', 675),
(10302, 'Xã Tân Long', 675),
(10303, 'Thị trấn Nàng Mau', 676),
(10304, 'Xã Vị Trung', 676),
(10305, 'Xã Vị Thuỷ', 676),
(10306, 'Xã Vị Thắng', 676),
(10307, 'Xã Vĩnh Thuận Tây', 676),
(10308, 'Xã Vĩnh Trung', 676),
(10309, 'Xã Vĩnh Tường', 676),
(10310, 'Xã Vị Đông', 676),
(10311, 'Xã Vị Thanh', 676),
(10312, 'Xã Vị Bình', 676),
(10313, 'Xã Thuận Hưng', 677),
(10314, 'Xã Thuận Hòa', 677),
(10315, 'Xã Vĩnh Thuận Đông', 677),
(10316, 'Thị trấn Vĩnh Viễn', 677),
(10317, 'Xã Vĩnh Viễn A', 677),
(10318, 'Xã Lương Tâm', 677),
(10319, 'Xã Lương Nghĩa', 677),
(10320, 'Xã Xà Phiên', 677),
(10321, 'Phường Thuận An', 678),
(10322, 'Phường Trà Lồng', 678),
(10323, 'Phường Bình Thạnh', 678),
(10324, 'Xã Long Bình', 678),
(10325, 'Phường Vĩnh Tường', 678),
(10326, 'Xã Long Trị', 678),
(10327, 'Xã Long Trị A', 678),
(10328, 'Xã Long Phú', 678),
(10329, 'Xã Tân Phú', 678),
(10330, 'Phường 5', 679),
(10331, 'Phường 7', 679),
(10332, 'Phường 8', 679),
(10333, 'Phường 6', 679),
(10334, 'Phường 2', 679),
(10335, 'Phường 1', 679),
(10336, 'Phường 4', 679),
(10337, 'Phường 3', 679),
(10338, 'Phường 9', 679),
(10339, 'Phường 10', 679),
(10340, 'Thị trấn Châu Thành', 680),
(10341, 'Xã Hồ Đắc Kiện', 680),
(10342, 'Xã Phú Tâm', 680),
(10343, 'Xã Thuận Hòa', 680),
(10344, 'Xã Phú Tân', 680),
(10345, 'Xã Thiện Mỹ', 680),
(10346, 'Xã An Hiệp', 680),
(10347, 'Xã An Ninh', 680),
(10348, 'Thị trấn Kế Sách', 681),
(10349, 'Thị trấn An Lạc Thôn', 681),
(10350, 'Xã Xuân Hòa', 681),
(10351, 'Xã Phong Nẫm', 681),
(10352, 'Xã An Lạc Tây', 681),
(10353, 'Xã Trinh Phú', 681),
(10354, 'Xã Ba Trinh', 681),
(10355, 'Xã Thới An Hội', 681),
(10356, 'Xã Nhơn Mỹ', 681),
(10357, 'Xã Kế Thành', 681),
(10358, 'Xã Kế An', 681),
(10359, 'Xã Đại Hải', 681),
(10360, 'Xã An Mỹ', 681),
(10361, 'Thị trấn Huỳnh Hữu Nghĩa', 682),
(10362, 'Xã Long Hưng', 682),
(10363, 'Xã Hưng Phú', 682),
(10364, 'Xã Mỹ Hương', 682),
(10365, 'Xã Mỹ Tú', 682),
(10366, 'Xã Mỹ Phước', 682),
(10367, 'Xã Thuận Hưng', 682),
(10368, 'Xã Mỹ Thuận', 682),
(10369, 'Xã Phú Mỹ', 682),
(10370, 'Thị trấn Cù Lao Dung', 683),
(10371, 'Xã An Thạnh 1', 683),
(10372, 'Xã An Thạnh Tây', 683),
(10373, 'Xã An Thạnh Đông', 683),
(10374, 'Xã Đại Ân 1', 683),
(10375, 'Xã An Thạnh 2', 683),
(10376, 'Xã An Thạnh 3', 683),
(10377, 'Xã An Thạnh Nam', 683),
(10378, 'Thị trấn Long Phú', 684),
(10379, 'Xã Song Phụng', 684),
(10380, 'Thị trấn Đại Ngãi', 684),
(10381, 'Xã Hậu Thạnh', 684),
(10382, 'Xã Long Đức', 684),
(10383, 'Xã Trường Khánh', 684),
(10384, 'Xã Phú Hữu', 684),
(10385, 'Xã Tân Hưng', 684),
(10386, 'Xã Châu Khánh', 684),
(10387, 'Xã Tân Thạnh', 684),
(10388, 'Xã Long Phú', 684),
(10389, 'Thị trấn Mỹ Xuyên', 685),
(10390, 'Xã Đại Tâm', 685),
(10391, 'Xã Tham Đôn', 685),
(10392, 'Xã Thạnh Phú', 685),
(10393, 'Xã Ngọc Đông', 685),
(10394, 'Xã Thạnh Quới', 685),
(10395, 'Xã Hòa Tú 1', 685),
(10396, 'Xã Gia Hòa 1', 685),
(10397, 'Xã Ngọc Tố', 685),
(10398, 'Xã Gia Hòa 2', 685),
(10399, 'Xã Hòa Tú II', 685),
(10400, 'Phường 1', 686),
(10401, 'Phường 2', 686),
(10402, 'Xã Vĩnh Quới', 686),
(10403, 'Xã Tân Long', 686),
(10404, 'Xã Long Bình', 686),
(10405, 'Phường 3', 686),
(10406, 'Xã Mỹ Bình', 686),
(10407, 'Xã Mỹ Quới', 686),
(10408, 'Thị trấn Phú Lộc', 687),
(10409, 'Thị trấn Hưng Lợi', 687),
(10410, 'Xã Lâm Tân', 687),
(10411, 'Xã Thạnh Tân', 687),
(10412, 'Xã Lâm Kiết', 687),
(10413, 'Xã Tuân Tức', 687),
(10414, 'Xã Vĩnh Thành', 687),
(10415, 'Xã Thạnh Trị', 687),
(10416, 'Xã Vĩnh Lợi', 687),
(10417, 'Xã Châu Hưng', 687),
(10418, 'Phường 1', 688),
(10419, 'Xã Hòa Đông', 688),
(10420, 'Phường Khánh Hòa', 688),
(10421, 'Xã Vĩnh Hiệp', 688),
(10422, 'Xã Vĩnh Hải', 688),
(10423, 'Xã Lạc Hòa', 688),
(10424, 'Phường 2', 688),
(10425, 'Phường Vĩnh Phước', 688),
(10426, 'Xã Vĩnh Tân', 688),
(10427, 'Xã Lai Hòa', 688),
(10428, 'Xã Đại Ân 2', 689),
(10429, 'Thị trấn Trần Đề', 689),
(10430, 'Xã Liêu Tú', 689),
(10431, 'Xã Lịch Hội Thượng', 689),
(10432, 'Thị trấn Lịch Hội Thượng', 689),
(10433, 'Xã Trung Bình', 689),
(10434, 'Xã Tài Văn', 689),
(10435, 'Xã Viên An', 689),
(10436, 'Xã Thạnh Thới An', 689),
(10437, 'Xã Thạnh Thới Thuận', 689),
(10438, 'Xã Viên Bình', 689),
(10439, 'Phường 2', 690),
(10440, 'Phường 3', 690),
(10441, 'Phường 5', 690),
(10442, 'Phường 7', 690),
(10443, 'Phường 1', 690),
(10444, 'Phường 8', 690),
(10445, 'Phường Nhà Mát', 690),
(10446, 'Xã Vĩnh Trạch', 690),
(10447, 'Xã Vĩnh Trạch Đông', 690),
(10448, 'Xã Hiệp Thành', 690),
(10449, 'Thị trấn Ngan Dừa', 691),
(10450, 'Xã Ninh Quới', 691),
(10451, 'Xã Ninh Quới A', 691),
(10452, 'Xã Ninh Hòa', 691),
(10453, 'Xã Lộc Ninh', 691),
(10454, 'Xã Vĩnh Lộc', 691),
(10455, 'Xã Vĩnh Lộc A', 691),
(10456, 'Xã Ninh Thạnh Lợi A', 691),
(10457, 'Xã Ninh Thạnh Lợi', 691),
(10458, 'Thị trấn Phước Long', 692),
(10459, 'Xã Vĩnh Phú Đông', 692),
(10460, 'Xã Vĩnh Phú Tây', 692),
(10461, 'Xã Phước Long', 692),
(10462, 'Xã Hưng Phú', 692),
(10463, 'Xã Vĩnh Thanh', 692),
(10464, 'Xã Phong Thạnh Tây A', 692),
(10465, 'Xã Phong Thạnh Tây B', 692),
(10466, 'Xã Vĩnh Hưng', 693),
(10467, 'Xã Vĩnh Hưng A', 693),
(10468, 'Thị trấn Châu Hưng', 693),
(10469, 'Xã Châu Hưng A', 693),
(10470, 'Xã Hưng Thành', 693),
(10471, 'Xã Hưng Hội', 693),
(10472, 'Xã Châu Thới', 693),
(10473, 'Xã Long Thạnh', 693),
(10474, 'Phường 1', 694),
(10475, 'Phường Hộ Phòng', 694),
(10476, 'Xã Phong Thạnh Đông', 694),
(10477, 'Phường Láng Tròn', 694),
(10478, 'Xã Phong Tân', 694),
(10479, 'Xã Tân Phong', 694),
(10480, 'Xã Phong Thạnh', 694),
(10481, 'Xã Phong Thạnh A', 694),
(10482, 'Xã Phong Thạnh Tây', 694),
(10483, 'Xã Tân Thạnh', 694),
(10484, 'Thị trấn Gành Hào', 695),
(10485, 'Xã Long Điền Đông', 695),
(10486, 'Xã Long Điền Đông A', 695),
(10487, 'Xã Long Điền', 695),
(10488, 'Xã Long Điền Tây', 695),
(10489, 'Xã Điền Hải', 695),
(10490, 'Xã An Trạch', 695),
(10491, 'Xã An Trạch A', 695),
(10492, 'Xã An Phúc', 695),
(10493, 'Xã Định Thành', 695),
(10494, 'Xã Định Thành A', 695),
(10495, 'Thị trấn Hòa Bình', 696),
(10496, 'Xã Minh Diệu', 696),
(10497, 'Xã Vĩnh Bình', 696),
(10498, 'Xã Vĩnh Mỹ B', 696),
(10499, 'Xã Vĩnh Hậu', 696),
(10500, 'Xã Vĩnh Hậu A', 696),
(10501, 'Xã Vĩnh Mỹ A', 696),
(10502, 'Xã Vĩnh Thịnh', 696),
(10503, 'Phường 9', 697),
(10504, 'Phường 4', 697),
(10505, 'Phường 1', 697),
(10506, 'Phường 5', 697),
(10507, 'Phường 2', 697),
(10508, 'Phường 8', 697),
(10509, 'Phường 6', 697),
(10510, 'Phường 7', 697),
(10511, 'Phường Tân Xuyên', 697),
(10512, 'Xã An Xuyên', 697),
(10513, 'Phường Tân Thành', 697),
(10514, 'Xã Tân Thành', 697),
(10515, 'Xã Tắc Vân', 697),
(10516, 'Xã Lý Văn Lâm', 697),
(10517, 'Xã Định Bình', 697),
(10518, 'Xã Hòa Thành', 697),
(10519, 'Xã Hòa Tân', 697),
(10520, 'Thị trấn U Minh', 698),
(10521, 'Xã Khánh Hòa', 698),
(10522, 'Xã Khánh Thuận', 698),
(10523, 'Xã Khánh Tiến', 698),
(10524, 'Xã Nguyễn Phích', 698),
(10525, 'Xã Khánh Lâm', 698),
(10526, 'Xã Khánh An', 698),
(10527, 'Xã Khánh Hội', 698),
(10528, 'Thị trấn Thới Bình', 699),
(10529, 'Xã Biển Bạch', 699),
(10530, 'Xã Tân Bằng', 699),
(10531, 'Xã Trí Phải', 699),
(10532, 'Xã Trí Lực', 699),
(10533, 'Xã Biển Bạch Đông', 699),
(10534, 'Xã Thới Bình', 699),
(10535, 'Xã Tân Phú', 699),
(10536, 'Xã Tân Lộc Bắc', 699),
(10537, 'Xã Tân Lộc', 699),
(10538, 'Xã Tân Lộc Đông', 699),
(10539, 'Xã Hồ Thị Kỷ', 699),
(10540, 'Thị trấn Trần Văn Thời', 700),
(10541, 'Thị trấn Sông Đốc', 700),
(10542, 'Xã Khánh Bình Tây Bắc', 700),
(10543, 'Xã Khánh Bình Tây', 700),
(10544, 'Xã Trần Hợi', 700),
(10545, 'Xã Khánh Lộc', 700),
(10546, 'Xã Khánh Bình', 700),
(10547, 'Xã Khánh Hưng', 700),
(10548, 'Xã Khánh Bình Đông', 700),
(10549, 'Xã Khánh Hải', 700),
(10550, 'Xã Lợi An', 700),
(10551, 'Xã Phong Điền', 700),
(10552, 'Xã Phong Lạc', 700),
(10553, 'Thị trấn Cái Nước', 701),
(10554, 'Xã Thạnh Phú', 701),
(10555, 'Xã Lương Thế Trân', 701),
(10556, 'Xã Phú Hưng', 701),
(10557, 'Xã Tân Hưng', 701),
(10558, 'Xã Hưng Mỹ', 701),
(10559, 'Xã Hoà Mỹ', 701),
(10560, 'Xã Đông Hưng', 701),
(10561, 'Xã Đông Thới', 701),
(10562, 'Xã Tân Hưng Đông', 701),
(10563, 'Xã Trần Thới', 701),
(10564, 'Thị trấn Đầm Dơi', 702),
(10565, 'Xã Tạ An Khương', 702),
(10566, 'Xã Tạ An Khương Đông', 702),
(10567, 'Xã Trần Phán', 702),
(10568, 'Xã Tân Trung', 702),
(10569, 'Xã Tân Đức', 702),
(10570, 'Xã Tân Thuận', 702),
(10571, 'Xã Tạ An Khương Nam', 702),
(10572, 'Xã Tân Duyệt', 702),
(10573, 'Xã Tân Dân', 702),
(10574, 'Xã Tân Tiến', 702),
(10575, 'Xã Quách Phẩm Bắc', 702),
(10576, 'Xã Quách Phẩm', 702),
(10577, 'Xã Thanh Tùng', 702),
(10578, 'Xã Ngọc Chánh', 702),
(10579, 'Xã Nguyễn Huân', 702),
(10580, 'Thị Trấn Năm Căn', 703),
(10581, 'Xã Hàm Rồng', 703),
(10582, 'Xã Hiệp Tùng', 703),
(10583, 'Xã Đất Mới', 703),
(10584, 'Xã Lâm Hải', 703),
(10585, 'Xã Hàng Vịnh', 703),
(10586, 'Xã Tam Giang', 703),
(10587, 'Xã Tam Giang Đông', 703),
(10588, 'Thị trấn Cái Đôi Vàm', 704),
(10589, 'Xã Phú Thuận', 704),
(10590, 'Xã Phú Mỹ', 704),
(10591, 'Xã Phú Tân', 704),
(10592, 'Xã Tân Hải', 704),
(10593, 'Xã Việt Thắng', 704),
(10594, 'Xã Tân Hưng Tây', 704),
(10595, 'Xã Rạch Chèo', 704),
(10596, 'Xã Nguyễn Việt Khái', 704),
(10597, 'Xã Tam Giang Tây', 705),
(10598, 'Xã Tân Ân Tây', 705),
(10599, 'Xã Viên An Đông', 705),
(10600, 'Xã Viên An', 705),
(10601, 'Thị trấn Rạch Gốc', 705),
(10602, 'Xã Tân Ân', 705),
(10603, 'Xã Đất Mũi', 705);

--
-- Chỉ mục cho các bảng đã đổ
--

--
-- Chỉ mục cho bảng `authority`
--
ALTER TABLE `authority`
  ADD PRIMARY KEY (`name`);

--
-- Chỉ mục cho bảng `banner`
--
ALTER TABLE `banner`
  ADD PRIMARY KEY (`id`);

--
-- Chỉ mục cho bảng `blog`
--
ALTER TABLE `blog`
  ADD PRIMARY KEY (`id`),
  ADD KEY `FKkr2fy24puc3x3sdnla4r1iok1` (`user_id`);

--
-- Chỉ mục cho bảng `category`
--
ALTER TABLE `category`
  ADD PRIMARY KEY (`id`),
  ADD KEY `FKr1xsxlrwmvkn7l7tvhhhbfk6n` (`category_parent`);

--
-- Chỉ mục cho bảng `chatting`
--
ALTER TABLE `chatting`
  ADD PRIMARY KEY (`id`),
  ADD KEY `FKfaewt5773gq00mr4rlgkvb3hi` (`receiver`),
  ADD KEY `FKmiq947q3icuu8tlfjknw8uwih` (`sender`);

--
-- Chỉ mục cho bảng `districts`
--
ALTER TABLE `districts`
  ADD PRIMARY KEY (`id`),
  ADD KEY `FKlxgu5dule1pse26iowlchxbnx` (`province_id`);

--
-- Chỉ mục cho bảng `history_pay`
--
ALTER TABLE `history_pay`
  ADD PRIMARY KEY (`id`),
  ADD KEY `FK3uqapx8urdm829chr0p30d0y2` (`invoice_id`);

--
-- Chỉ mục cho bảng `import_product`
--
ALTER TABLE `import_product`
  ADD PRIMARY KEY (`id`),
  ADD KEY `FKq2e769vv5r8xr5y461jiuww1s` (`product_size_id`);

--
-- Chỉ mục cho bảng `invoice`
--
ALTER TABLE `invoice`
  ADD PRIMARY KEY (`id`),
  ADD KEY `FKm2237u7qq7ro3l5i5bwpxk3m1` (`user_address_id`),
  ADD KEY `FKdwotni9dx55p7ndugxqn0pnyq` (`status_current`),
  ADD KEY `FKh8mc37lrohbk7stgatwwn5doq` (`voucher_id`);

--
-- Chỉ mục cho bảng `invoice_detail`
--
ALTER TABLE `invoice_detail`
  ADD PRIMARY KEY (`id`),
  ADD KEY `FKit1rbx4thcr6gx6bm3gxub3y4` (`invoice_id`),
  ADD KEY `FKot5t7bamcbipit8hw2erh32x6` (`product_size_id`);

--
-- Chỉ mục cho bảng `invoice_status`
--
ALTER TABLE `invoice_status`
  ADD PRIMARY KEY (`id`),
  ADD KEY `FK1wx3lx96ksw976vamuqm08x5w` (`invoice_id`),
  ADD KEY `FKoetud4brp9c4r1xb90l6364xi` (`status_id`);

--
-- Chỉ mục cho bảng `product`
--
ALTER TABLE `product`
  ADD PRIMARY KEY (`id`);

--
-- Chỉ mục cho bảng `product_category`
--
ALTER TABLE `product_category`
  ADD PRIMARY KEY (`id`),
  ADD KEY `FKkud35ls1d40wpjb5htpp14q4e` (`category_id`),
  ADD KEY `FK2k3smhbruedlcrvu6clued06x` (`product_id`);

--
-- Chỉ mục cho bảng `product_color`
--
ALTER TABLE `product_color`
  ADD PRIMARY KEY (`id`),
  ADD KEY `FKqb6lncpndi0w5po3rr5r9up5e` (`product_id`);

--
-- Chỉ mục cho bảng `product_comment`
--
ALTER TABLE `product_comment`
  ADD PRIMARY KEY (`id`),
  ADD KEY `FKf0dvop3xf5orf5j8icdwnq5ak` (`product_id`),
  ADD KEY `FKkg61diec02rh2o3xt4hjiy5u0` (`user_id`);

--
-- Chỉ mục cho bảng `product_comment_image`
--
ALTER TABLE `product_comment_image`
  ADD PRIMARY KEY (`id`),
  ADD KEY `FK9jkf3unia7o8ylu9ar3sgd5py` (`product_comment_id`);

--
-- Chỉ mục cho bảng `product_image`
--
ALTER TABLE `product_image`
  ADD PRIMARY KEY (`id`),
  ADD KEY `FK6oo0cvcdtb6qmwsga468uuukk` (`product_id`);

--
-- Chỉ mục cho bảng `product_size`
--
ALTER TABLE `product_size`
  ADD PRIMARY KEY (`id`),
  ADD KEY `FKsfwt4uwa05mnwrwj6wp22oy9g` (`product_color_id`);

--
-- Chỉ mục cho bảng `province`
--
ALTER TABLE `province`
  ADD PRIMARY KEY (`id`);

--
-- Chỉ mục cho bảng `statuses`
--
ALTER TABLE `statuses`
  ADD PRIMARY KEY (`id`);

--
-- Chỉ mục cho bảng `users`
--
ALTER TABLE `users`
  ADD PRIMARY KEY (`id`),
  ADD KEY `FKq6r7e19l5xjmty0j0w6i2inlv` (`authority_name`);

--
-- Chỉ mục cho bảng `user_address`
--
ALTER TABLE `user_address`
  ADD PRIMARY KEY (`id`),
  ADD KEY `FKrmincuqpi8m660j1c57xj7twr` (`user_id`),
  ADD KEY `FKrqr7o5wetvsyk4qbprim0p1ki` (`ward_id`);

--
-- Chỉ mục cho bảng `voucher`
--
ALTER TABLE `voucher`
  ADD PRIMARY KEY (`id`);

--
-- Chỉ mục cho bảng `wards`
--
ALTER TABLE `wards`
  ADD PRIMARY KEY (`id`),
  ADD KEY `FK44fn44vepk1iu1es803kydx3g` (`districts_id`);

--
-- AUTO_INCREMENT cho các bảng đã đổ
--

--
-- AUTO_INCREMENT cho bảng `banner`
--
ALTER TABLE `banner`
  MODIFY `id` bigint NOT NULL AUTO_INCREMENT, AUTO_INCREMENT=6;

--
-- AUTO_INCREMENT cho bảng `blog`
--
ALTER TABLE `blog`
  MODIFY `id` bigint NOT NULL AUTO_INCREMENT, AUTO_INCREMENT=5;

--
-- AUTO_INCREMENT cho bảng `category`
--
ALTER TABLE `category`
  MODIFY `id` bigint NOT NULL AUTO_INCREMENT, AUTO_INCREMENT=21;

--
-- AUTO_INCREMENT cho bảng `chatting`
--
ALTER TABLE `chatting`
  MODIFY `id` bigint NOT NULL AUTO_INCREMENT, AUTO_INCREMENT=18;

--
-- AUTO_INCREMENT cho bảng `districts`
--
ALTER TABLE `districts`
  MODIFY `id` bigint NOT NULL AUTO_INCREMENT, AUTO_INCREMENT=706;

--
-- AUTO_INCREMENT cho bảng `history_pay`
--
ALTER TABLE `history_pay`
  MODIFY `id` bigint NOT NULL AUTO_INCREMENT, AUTO_INCREMENT=19;

--
-- AUTO_INCREMENT cho bảng `import_product`
--
ALTER TABLE `import_product`
  MODIFY `id` bigint NOT NULL AUTO_INCREMENT, AUTO_INCREMENT=10;

--
-- AUTO_INCREMENT cho bảng `invoice`
--
ALTER TABLE `invoice`
  MODIFY `id` bigint NOT NULL AUTO_INCREMENT, AUTO_INCREMENT=30;

--
-- AUTO_INCREMENT cho bảng `invoice_detail`
--
ALTER TABLE `invoice_detail`
  MODIFY `id` bigint NOT NULL AUTO_INCREMENT, AUTO_INCREMENT=47;

--
-- AUTO_INCREMENT cho bảng `invoice_status`
--
ALTER TABLE `invoice_status`
  MODIFY `id` bigint NOT NULL AUTO_INCREMENT, AUTO_INCREMENT=44;

--
-- AUTO_INCREMENT cho bảng `product`
--
ALTER TABLE `product`
  MODIFY `id` bigint NOT NULL AUTO_INCREMENT, AUTO_INCREMENT=17;

--
-- AUTO_INCREMENT cho bảng `product_category`
--
ALTER TABLE `product_category`
  MODIFY `id` bigint NOT NULL AUTO_INCREMENT, AUTO_INCREMENT=110;

--
-- AUTO_INCREMENT cho bảng `product_color`
--
ALTER TABLE `product_color`
  MODIFY `id` bigint NOT NULL AUTO_INCREMENT, AUTO_INCREMENT=37;

--
-- AUTO_INCREMENT cho bảng `product_comment`
--
ALTER TABLE `product_comment`
  MODIFY `id` bigint NOT NULL AUTO_INCREMENT, AUTO_INCREMENT=13;

--
-- AUTO_INCREMENT cho bảng `product_comment_image`
--
ALTER TABLE `product_comment_image`
  MODIFY `id` bigint NOT NULL AUTO_INCREMENT, AUTO_INCREMENT=22;

--
-- AUTO_INCREMENT cho bảng `product_image`
--
ALTER TABLE `product_image`
  MODIFY `id` bigint NOT NULL AUTO_INCREMENT, AUTO_INCREMENT=67;

--
-- AUTO_INCREMENT cho bảng `product_size`
--
ALTER TABLE `product_size`
  MODIFY `id` bigint NOT NULL AUTO_INCREMENT, AUTO_INCREMENT=111;

--
-- AUTO_INCREMENT cho bảng `province`
--
ALTER TABLE `province`
  MODIFY `id` bigint NOT NULL AUTO_INCREMENT, AUTO_INCREMENT=64;

--
-- AUTO_INCREMENT cho bảng `statuses`
--
ALTER TABLE `statuses`
  MODIFY `id` bigint NOT NULL AUTO_INCREMENT, AUTO_INCREMENT=7;

--
-- AUTO_INCREMENT cho bảng `users`
--
ALTER TABLE `users`
  MODIFY `id` bigint NOT NULL AUTO_INCREMENT, AUTO_INCREMENT=16;

--
-- AUTO_INCREMENT cho bảng `user_address`
--
ALTER TABLE `user_address`
  MODIFY `id` bigint NOT NULL AUTO_INCREMENT, AUTO_INCREMENT=19;

--
-- AUTO_INCREMENT cho bảng `voucher`
--
ALTER TABLE `voucher`
  MODIFY `id` bigint NOT NULL AUTO_INCREMENT, AUTO_INCREMENT=8;

--
-- AUTO_INCREMENT cho bảng `wards`
--
ALTER TABLE `wards`
  MODIFY `id` bigint NOT NULL AUTO_INCREMENT, AUTO_INCREMENT=10604;

--
-- Các ràng buộc cho các bảng đã đổ
--

--
-- Các ràng buộc cho bảng `blog`
--
ALTER TABLE `blog`
  ADD CONSTRAINT `FKkr2fy24puc3x3sdnla4r1iok1` FOREIGN KEY (`user_id`) REFERENCES `users` (`id`);

--
-- Các ràng buộc cho bảng `category`
--
ALTER TABLE `category`
  ADD CONSTRAINT `FKr1xsxlrwmvkn7l7tvhhhbfk6n` FOREIGN KEY (`category_parent`) REFERENCES `category` (`id`);

--
-- Các ràng buộc cho bảng `chatting`
--
ALTER TABLE `chatting`
  ADD CONSTRAINT `FKfaewt5773gq00mr4rlgkvb3hi` FOREIGN KEY (`receiver`) REFERENCES `users` (`id`),
  ADD CONSTRAINT `FKmiq947q3icuu8tlfjknw8uwih` FOREIGN KEY (`sender`) REFERENCES `users` (`id`);

--
-- Các ràng buộc cho bảng `districts`
--
ALTER TABLE `districts`
  ADD CONSTRAINT `FKlxgu5dule1pse26iowlchxbnx` FOREIGN KEY (`province_id`) REFERENCES `province` (`id`);

--
-- Các ràng buộc cho bảng `history_pay`
--
ALTER TABLE `history_pay`
  ADD CONSTRAINT `FK3uqapx8urdm829chr0p30d0y2` FOREIGN KEY (`invoice_id`) REFERENCES `invoice` (`id`);

--
-- Các ràng buộc cho bảng `import_product`
--
ALTER TABLE `import_product`
  ADD CONSTRAINT `FKq2e769vv5r8xr5y461jiuww1s` FOREIGN KEY (`product_size_id`) REFERENCES `product_size` (`id`);

--
-- Các ràng buộc cho bảng `invoice`
--
ALTER TABLE `invoice`
  ADD CONSTRAINT `FKdwotni9dx55p7ndugxqn0pnyq` FOREIGN KEY (`status_current`) REFERENCES `statuses` (`id`),
  ADD CONSTRAINT `FKh8mc37lrohbk7stgatwwn5doq` FOREIGN KEY (`voucher_id`) REFERENCES `voucher` (`id`),
  ADD CONSTRAINT `FKm2237u7qq7ro3l5i5bwpxk3m1` FOREIGN KEY (`user_address_id`) REFERENCES `user_address` (`id`);

--
-- Các ràng buộc cho bảng `invoice_detail`
--
ALTER TABLE `invoice_detail`
  ADD CONSTRAINT `FKit1rbx4thcr6gx6bm3gxub3y4` FOREIGN KEY (`invoice_id`) REFERENCES `invoice` (`id`),
  ADD CONSTRAINT `FKot5t7bamcbipit8hw2erh32x6` FOREIGN KEY (`product_size_id`) REFERENCES `product_size` (`id`);

--
-- Các ràng buộc cho bảng `invoice_status`
--
ALTER TABLE `invoice_status`
  ADD CONSTRAINT `FK1wx3lx96ksw976vamuqm08x5w` FOREIGN KEY (`invoice_id`) REFERENCES `invoice` (`id`),
  ADD CONSTRAINT `FKoetud4brp9c4r1xb90l6364xi` FOREIGN KEY (`status_id`) REFERENCES `statuses` (`id`);

--
-- Các ràng buộc cho bảng `product_category`
--
ALTER TABLE `product_category`
  ADD CONSTRAINT `FK2k3smhbruedlcrvu6clued06x` FOREIGN KEY (`product_id`) REFERENCES `product` (`id`),
  ADD CONSTRAINT `FKkud35ls1d40wpjb5htpp14q4e` FOREIGN KEY (`category_id`) REFERENCES `category` (`id`);

--
-- Các ràng buộc cho bảng `product_color`
--
ALTER TABLE `product_color`
  ADD CONSTRAINT `FKqb6lncpndi0w5po3rr5r9up5e` FOREIGN KEY (`product_id`) REFERENCES `product` (`id`);

--
-- Các ràng buộc cho bảng `product_comment`
--
ALTER TABLE `product_comment`
  ADD CONSTRAINT `FKf0dvop3xf5orf5j8icdwnq5ak` FOREIGN KEY (`product_id`) REFERENCES `product` (`id`),
  ADD CONSTRAINT `FKkg61diec02rh2o3xt4hjiy5u0` FOREIGN KEY (`user_id`) REFERENCES `users` (`id`);

--
-- Các ràng buộc cho bảng `product_comment_image`
--
ALTER TABLE `product_comment_image`
  ADD CONSTRAINT `FK9jkf3unia7o8ylu9ar3sgd5py` FOREIGN KEY (`product_comment_id`) REFERENCES `product_comment` (`id`);

--
-- Các ràng buộc cho bảng `product_image`
--
ALTER TABLE `product_image`
  ADD CONSTRAINT `FK6oo0cvcdtb6qmwsga468uuukk` FOREIGN KEY (`product_id`) REFERENCES `product` (`id`);

--
-- Các ràng buộc cho bảng `product_size`
--
ALTER TABLE `product_size`
  ADD CONSTRAINT `FKsfwt4uwa05mnwrwj6wp22oy9g` FOREIGN KEY (`product_color_id`) REFERENCES `product_color` (`id`);

--
-- Các ràng buộc cho bảng `users`
--
ALTER TABLE `users`
  ADD CONSTRAINT `FKq6r7e19l5xjmty0j0w6i2inlv` FOREIGN KEY (`authority_name`) REFERENCES `authority` (`name`);

--
-- Các ràng buộc cho bảng `user_address`
--
ALTER TABLE `user_address`
  ADD CONSTRAINT `FKrmincuqpi8m660j1c57xj7twr` FOREIGN KEY (`user_id`) REFERENCES `users` (`id`),
  ADD CONSTRAINT `FKrqr7o5wetvsyk4qbprim0p1ki` FOREIGN KEY (`ward_id`) REFERENCES `wards` (`id`);

--
-- Các ràng buộc cho bảng `wards`
--
ALTER TABLE `wards`
  ADD CONSTRAINT `FK44fn44vepk1iu1es803kydx3g` FOREIGN KEY (`districts_id`) REFERENCES `districts` (`id`);
COMMIT;

/*!40101 SET CHARACTER_SET_CLIENT=@OLD_CHARACTER_SET_CLIENT */;
/*!40101 SET CHARACTER_SET_RESULTS=@OLD_CHARACTER_SET_RESULTS */;
/*!40101 SET COLLATION_CONNECTION=@OLD_COLLATION_CONNECTION */;
